INSERT INTO COUNTRY (country_id, country_name, country_code) VALUES (1, 'Croatia', 'HR');
INSERT INTO COUNTRY (country_id, country_name, country_code) VALUES (2, 'Portugal', 'PT');
INSERT INTO COUNTRY (country_id, country_name, country_code) VALUES (3, 'Russian Federation', 'RU');
INSERT INTO COUNTRY (country_id, country_name, country_code) VALUES (4, 'Dominica', 'DM');
INSERT INTO COUNTRY (country_id, country_name, country_code) VALUES (5, 'Finland', 'FI');
INSERT INTO COUNTRY (country_id, country_name, country_code) VALUES (6, 'Saint Pierre and Miquelon', 'PM');
INSERT INTO COUNTRY (country_id, country_name, country_code) VALUES (7, 'Kiribati', 'KI');
INSERT INTO COUNTRY (country_id, country_name, country_code) VALUES (8, 'Congo, The Democratic Republic of the', 'CD');
INSERT INTO COUNTRY (country_id, country_name, country_code) VALUES (9, 'Samoa', 'WS');
INSERT INTO COUNTRY (country_id, country_name, country_code) VALUES (10, 'United Arab Emirates', 'AE');
INSERT INTO COUNTRY (country_id, country_name, country_code) VALUES (11, 'Barbados', 'BB');
INSERT INTO COUNTRY (country_id, country_name, country_code) VALUES (12, 'Guatemala', 'GT');
INSERT INTO COUNTRY (country_id, country_name, country_code) VALUES (13, 'Maldives', 'MV');
INSERT INTO COUNTRY (country_id, country_name, country_code) VALUES (14, 'Côte d''Ivoire', 'CI');
INSERT INTO COUNTRY (country_id, country_name, country_code) VALUES (15, 'Micronesia, Federated States of', 'FM');
INSERT INTO COUNTRY (country_id, country_name, country_code) VALUES (16, 'Ireland', 'IE');
INSERT INTO COUNTRY (country_id, country_name, country_code) VALUES (17, 'Qatar', 'QA');
INSERT INTO COUNTRY (country_id, country_name, country_code) VALUES (18, 'Niue', 'NU');
INSERT INTO COUNTRY (country_id, country_name, country_code) VALUES (19, 'Comoros', 'KM');
INSERT INTO COUNTRY (country_id, country_name, country_code) VALUES (20, 'United States Minor Outlying Islands', 'UM');
INSERT INTO COUNTRY (country_id, country_name, country_code) VALUES (21, 'Antarctica', 'AQ');
INSERT INTO COUNTRY (country_id, country_name, country_code) VALUES (22, 'Thailand', 'TH');
INSERT INTO COUNTRY (country_id, country_name, country_code) VALUES (23, 'Bhutan', 'BT');
INSERT INTO COUNTRY (country_id, country_name, country_code) VALUES (24, 'Virgin Islands, U.S.', 'VI');
INSERT INTO COUNTRY (country_id, country_name, country_code) VALUES (25, 'Cayman Islands', 'KY');
INSERT INTO USERS (user_id, country_id, username, name, email, password, age, date_joined, last_login, follower_num, subscription_type, top_genre, num_songs_liked, most_played_artist, image) VALUES (1, 10, 'user1', 'Yasemin', 'user1@example.com', 'password1', 29, '2025-05-28', '2025-05-28', 415, 'Premium', 'Rap', 50, 'Şehinşah', 'https://picsum.photos/seed/user1/100');
INSERT INTO USERS (user_id, country_id, username, name, email, password, age, date_joined, last_login, follower_num, subscription_type, top_genre, num_songs_liked, most_played_artist, image) VALUES (2, 24, 'user2', 'Doruk', 'user2@example.com', 'password2', 46, '2025-05-28', '2025-05-28', 373, 'Free', 'Pop', 3, 'Manuş Baba', 'https://picsum.photos/seed/user2/100');
INSERT INTO USERS (user_id, country_id, username, name, email, password, age, date_joined, last_login, follower_num, subscription_type, top_genre, num_songs_liked, most_played_artist, image) VALUES (3, 21, 'user3', 'Vedat', 'user3@example.com', 'password3', 41, '2025-05-28', '2025-05-28', 413, 'Free', 'Rap', 54, 'Ati242', 'https://picsum.photos/seed/user3/100');
INSERT INTO USERS (user_id, country_id, username, name, email, password, age, date_joined, last_login, follower_num, subscription_type, top_genre, num_songs_liked, most_played_artist, image) VALUES (4, 8, 'user4', 'Arda', 'user4@example.com', 'password4', 45, '2025-05-28', '2025-05-28', 483, 'Free', 'Pop', 44, 'Ebru Gündeş', 'https://picsum.photos/seed/user4/100');
INSERT INTO USERS (user_id, country_id, username, name, email, password, age, date_joined, last_login, follower_num, subscription_type, top_genre, num_songs_liked, most_played_artist, image) VALUES (5, 3, 'user5', 'Tolga', 'user5@example.com', 'password5', 26, '2025-05-28', '2025-05-28', 284, 'Premium', 'Rap', 27, 'Uzi', 'https://picsum.photos/seed/user5/100');
INSERT INTO USERS (user_id, country_id, username, name, email, password, age, date_joined, last_login, follower_num, subscription_type, top_genre, num_songs_liked, most_played_artist, image) VALUES (6, 4, 'user6', 'Yiğit', 'user6@example.com', 'password6', 40, '2025-05-28', '2025-05-28', 360, 'Premium', 'Rap', 50, 'Halil Sezai', 'https://picsum.photos/seed/user6/100');
INSERT INTO USERS (user_id, country_id, username, name, email, password, age, date_joined, last_login, follower_num, subscription_type, top_genre, num_songs_liked, most_played_artist, image) VALUES (7, 14, 'user7', 'Emre', 'user7@example.com', 'password7', 24, '2025-05-28', '2025-05-28', 449, 'Premium', 'Pop', 55, 'Murda', 'https://picsum.photos/seed/user7/100');
INSERT INTO USERS (user_id, country_id, username, name, email, password, age, date_joined, last_login, follower_num, subscription_type, top_genre, num_songs_liked, most_played_artist, image) VALUES (8, 10, 'user8', 'Burcu', 'user8@example.com', 'password8', 42, '2025-05-28', '2025-05-28', 416, 'Premium', 'Arabesk', 19, 'Yüksek Sadakat', 'https://picsum.photos/seed/user8/100');
INSERT INTO USERS (user_id, country_id, username, name, email, password, age, date_joined, last_login, follower_num, subscription_type, top_genre, num_songs_liked, most_played_artist, image) VALUES (9, 1, 'user9', 'Gözde', 'user9@example.com', 'password9', 46, '2025-05-28', '2025-05-28', 330, 'Free', 'Arabesk', 71, 'Güneş', 'https://picsum.photos/seed/user9/100');
INSERT INTO USERS (user_id, country_id, username, name, email, password, age, date_joined, last_login, follower_num, subscription_type, top_genre, num_songs_liked, most_played_artist, image) VALUES (10, 22, 'user10', 'Nurdan', 'user10@example.com', 'password10', 42, '2025-05-28', '2025-05-28', 101, 'Free', 'Pop', 50, 'Aydeed', 'https://picsum.photos/seed/user10/100');
INSERT INTO USERS (user_id, country_id, username, name, email, password, age, date_joined, last_login, follower_num, subscription_type, top_genre, num_songs_liked, most_played_artist, image) VALUES (11, 22, 'user11', 'Sinem', 'user11@example.com', 'password11', 20, '2025-05-28', '2025-05-28', 140, 'Free', 'Pop', 15, 'Duman', 'https://picsum.photos/seed/user11/100');
INSERT INTO USERS (user_id, country_id, username, name, email, password, age, date_joined, last_login, follower_num, subscription_type, top_genre, num_songs_liked, most_played_artist, image) VALUES (12, 24, 'user12', 'Nurdan', 'user12@example.com', 'password12', 20, '2025-05-28', '2025-05-28', 469, 'Free', 'Arabesk', 60, 'Ufo361', 'https://picsum.photos/seed/user12/100');
INSERT INTO USERS (user_id, country_id, username, name, email, password, age, date_joined, last_login, follower_num, subscription_type, top_genre, num_songs_liked, most_played_artist, image) VALUES (13, 5, 'user13', 'Derya', 'user13@example.com', 'password13', 34, '2025-05-28', '2025-05-28', 440, 'Free', 'Pop', 76, 'Ufo361', 'https://picsum.photos/seed/user13/100');
INSERT INTO USERS (user_id, country_id, username, name, email, password, age, date_joined, last_login, follower_num, subscription_type, top_genre, num_songs_liked, most_played_artist, image) VALUES (14, 19, 'user14', 'Seda', 'user14@example.com', 'password14', 36, '2025-05-28', '2025-05-28', 261, 'Premium', 'Pop', 73, 'Semicenk', 'https://picsum.photos/seed/user14/100');
INSERT INTO USERS (user_id, country_id, username, name, email, password, age, date_joined, last_login, follower_num, subscription_type, top_genre, num_songs_liked, most_played_artist, image) VALUES (15, 25, 'user15', 'Onur', 'user15@example.com', 'password15', 21, '2025-05-28', '2025-05-28', 483, 'Free', 'Arabesk', 62, 'Can Bonomo', 'https://picsum.photos/seed/user15/100');
INSERT INTO USERS (user_id, country_id, username, name, email, password, age, date_joined, last_login, follower_num, subscription_type, top_genre, num_songs_liked, most_played_artist, image) VALUES (16, 12, 'user16', 'Elvan', 'user16@example.com', 'password16', 19, '2025-05-28', '2025-05-28', 120, 'Premium', 'Rap', 59, 'Era7', 'https://picsum.photos/seed/user16/100');
INSERT INTO USERS (user_id, country_id, username, name, email, password, age, date_joined, last_login, follower_num, subscription_type, top_genre, num_songs_liked, most_played_artist, image) VALUES (17, 25, 'user17', 'Hande', 'user17@example.com', 'password17', 47, '2025-05-28', '2025-05-28', 114, 'Premium', 'Rap', 98, 'Ceza', 'https://picsum.photos/seed/user17/100');
INSERT INTO USERS (user_id, country_id, username, name, email, password, age, date_joined, last_login, follower_num, subscription_type, top_genre, num_songs_liked, most_played_artist, image) VALUES (18, 23, 'user18', 'Okan', 'user18@example.com', 'password18', 22, '2025-05-28', '2025-05-28', 377, 'Premium', 'Rap', 61, 'Organize', 'https://picsum.photos/seed/user18/100');
INSERT INTO USERS (user_id, country_id, username, name, email, password, age, date_joined, last_login, follower_num, subscription_type, top_genre, num_songs_liked, most_played_artist, image) VALUES (19, 15, 'user19', 'Efe', 'user19@example.com', 'password19', 24, '2025-05-28', '2025-05-28', 171, 'Premium', 'Pop', 72, 'Reckol', 'https://picsum.photos/seed/user19/100');
INSERT INTO USERS (user_id, country_id, username, name, email, password, age, date_joined, last_login, follower_num, subscription_type, top_genre, num_songs_liked, most_played_artist, image) VALUES (20, 14, 'user20', 'Melis', 'user20@example.com', 'password20', 22, '2025-05-28', '2025-05-28', 49, 'Free', 'Rap', 8, 'Mor ve Ötesi', 'https://picsum.photos/seed/user20/100');
INSERT INTO USERS (user_id, country_id, username, name, email, password, age, date_joined, last_login, follower_num, subscription_type, top_genre, num_songs_liked, most_played_artist, image) VALUES (21, 16, 'user21', 'Can', 'user21@example.com', 'password21', 40, '2025-05-28', '2025-05-28', 476, 'Free', 'Arabesk', 84, 'Cengiz Kurtoğlu', 'https://picsum.photos/seed/user21/100');
INSERT INTO USERS (user_id, country_id, username, name, email, password, age, date_joined, last_login, follower_num, subscription_type, top_genre, num_songs_liked, most_played_artist, image) VALUES (22, 15, 'user22', 'Kaan', 'user22@example.com', 'password22', 31, '2025-05-28', '2025-05-28', 55, 'Free', 'Arabesk', 10, 'Eray067', 'https://picsum.photos/seed/user22/100');
INSERT INTO USERS (user_id, country_id, username, name, email, password, age, date_joined, last_login, follower_num, subscription_type, top_genre, num_songs_liked, most_played_artist, image) VALUES (23, 5, 'user23', 'Dilara', 'user23@example.com', 'password23', 43, '2025-05-28', '2025-05-28', 430, 'Premium', 'Pop', 58, 'Derya Uluğ', 'https://picsum.photos/seed/user23/100');
INSERT INTO USERS (user_id, country_id, username, name, email, password, age, date_joined, last_login, follower_num, subscription_type, top_genre, num_songs_liked, most_played_artist, image) VALUES (24, 7, 'user24', 'Kaan', 'user24@example.com', 'password24', 31, '2025-05-28', '2025-05-28', 191, 'Free', 'Pop', 57, 'Demet Akalın', 'https://picsum.photos/seed/user24/100');
INSERT INTO USERS (user_id, country_id, username, name, email, password, age, date_joined, last_login, follower_num, subscription_type, top_genre, num_songs_liked, most_played_artist, image) VALUES (25, 10, 'user25', 'Oya', 'user25@example.com', 'password25', 25, '2025-05-28', '2025-05-28', 274, 'Free', 'Arabesk', 69, 'Wegh', 'https://picsum.photos/seed/user25/100');
INSERT INTO USERS (user_id, country_id, username, name, email, password, age, date_joined, last_login, follower_num, subscription_type, top_genre, num_songs_liked, most_played_artist, image) VALUES (26, 8, 'user26', 'Çağrı', 'user26@example.com', 'password26', 25, '2025-05-28', '2025-05-28', 211, 'Premium', 'Pop', 90, 'Sefo', 'https://picsum.photos/seed/user26/100');
INSERT INTO USERS (user_id, country_id, username, name, email, password, age, date_joined, last_login, follower_num, subscription_type, top_genre, num_songs_liked, most_played_artist, image) VALUES (27, 3, 'user27', 'Tuğçe', 'user27@example.com', 'password27', 18, '2025-05-28', '2025-05-28', 390, 'Premium', 'Pop', 56, 'Zeynep Bastık', 'https://picsum.photos/seed/user27/100');
INSERT INTO USERS (user_id, country_id, username, name, email, password, age, date_joined, last_login, follower_num, subscription_type, top_genre, num_songs_liked, most_played_artist, image) VALUES (28, 3, 'user28', 'Okan', 'user28@example.com', 'password28', 25, '2025-05-28', '2025-05-28', 57, 'Free', 'Rap', 2, 'Ati242', 'https://picsum.photos/seed/user28/100');
INSERT INTO USERS (user_id, country_id, username, name, email, password, age, date_joined, last_login, follower_num, subscription_type, top_genre, num_songs_liked, most_played_artist, image) VALUES (29, 5, 'user29', 'Ceren', 'user29@example.com', 'password29', 23, '2025-05-28', '2025-05-28', 199, 'Premium', 'Rap', 99, 'Anıl Piyancı', 'https://picsum.photos/seed/user29/100');
INSERT INTO USERS (user_id, country_id, username, name, email, password, age, date_joined, last_login, follower_num, subscription_type, top_genre, num_songs_liked, most_played_artist, image) VALUES (30, 4, 'user30', 'Naz', 'user30@example.com', 'password30', 38, '2025-05-28', '2025-05-28', 204, 'Premium', 'Pop', 25, 'Rota', 'https://picsum.photos/seed/user30/100');
INSERT INTO USERS (user_id, country_id, username, name, email, password, age, date_joined, last_login, follower_num, subscription_type, top_genre, num_songs_liked, most_played_artist, image) VALUES (31, 6, 'user31', 'Oğuz', 'user31@example.com', 'password31', 37, '2025-05-28', '2025-05-28', 113, 'Free', 'Arabesk', 37, 'Eypio', 'https://picsum.photos/seed/user31/100');
INSERT INTO USERS (user_id, country_id, username, name, email, password, age, date_joined, last_login, follower_num, subscription_type, top_genre, num_songs_liked, most_played_artist, image) VALUES (32, 13, 'user32', 'Sinem', 'user32@example.com', 'password32', 35, '2025-05-28', '2025-05-28', 435, 'Free', 'Arabesk', 75, 'Candan Erçetin', 'https://picsum.photos/seed/user32/100');
INSERT INTO USERS (user_id, country_id, username, name, email, password, age, date_joined, last_login, follower_num, subscription_type, top_genre, num_songs_liked, most_played_artist, image) VALUES (33, 5, 'user33', 'Nazlı', 'user33@example.com', 'password33', 30, '2025-05-28', '2025-05-28', 480, 'Premium', 'Pop', 85, 'Simge', 'https://picsum.photos/seed/user33/100');
INSERT INTO USERS (user_id, country_id, username, name, email, password, age, date_joined, last_login, follower_num, subscription_type, top_genre, num_songs_liked, most_played_artist, image) VALUES (34, 6, 'user34', 'Dilan', 'user34@example.com', 'password34', 48, '2025-05-28', '2025-05-28', 338, 'Free', 'Arabesk', 42, 'Göksel', 'https://picsum.photos/seed/user34/100');
INSERT INTO USERS (user_id, country_id, username, name, email, password, age, date_joined, last_login, follower_num, subscription_type, top_genre, num_songs_liked, most_played_artist, image) VALUES (35, 23, 'user35', 'Sinem', 'user35@example.com', 'password35', 39, '2025-05-28', '2025-05-28', 172, 'Free', 'Arabesk', 76, 'Sıla', 'https://picsum.photos/seed/user35/100');
INSERT INTO USERS (user_id, country_id, username, name, email, password, age, date_joined, last_login, follower_num, subscription_type, top_genre, num_songs_liked, most_played_artist, image) VALUES (36, 17, 'user36', 'Seda', 'user36@example.com', 'password36', 28, '2025-05-28', '2025-05-28', 62, 'Free', 'Rap', 6, 'Eray067', 'https://picsum.photos/seed/user36/100');
INSERT INTO USERS (user_id, country_id, username, name, email, password, age, date_joined, last_login, follower_num, subscription_type, top_genre, num_songs_liked, most_played_artist, image) VALUES (37, 24, 'user37', 'Seda', 'user37@example.com', 'password37', 23, '2025-05-28', '2025-05-28', 208, 'Premium', 'Pop', 29, 'Kalben', 'https://picsum.photos/seed/user37/100');
INSERT INTO USERS (user_id, country_id, username, name, email, password, age, date_joined, last_login, follower_num, subscription_type, top_genre, num_songs_liked, most_played_artist, image) VALUES (38, 4, 'user38', 'İnci', 'user38@example.com', 'password38', 35, '2025-05-28', '2025-05-28', 390, 'Premium', 'Arabesk', 21, 'Jefe', 'https://picsum.photos/seed/user38/100');
INSERT INTO USERS (user_id, country_id, username, name, email, password, age, date_joined, last_login, follower_num, subscription_type, top_genre, num_songs_liked, most_played_artist, image) VALUES (39, 18, 'user39', 'Gözde', 'user39@example.com', 'password39', 38, '2025-05-28', '2025-05-28', 495, 'Premium', 'Arabesk', 69, 'Heijan', 'https://picsum.photos/seed/user39/100');
INSERT INTO USERS (user_id, country_id, username, name, email, password, age, date_joined, last_login, follower_num, subscription_type, top_genre, num_songs_liked, most_played_artist, image) VALUES (40, 16, 'user40', 'Dilara', 'user40@example.com', 'password40', 27, '2025-05-28', '2025-05-28', 11, 'Free', 'Pop', 36, 'Mahir Deniz Çevik', 'https://picsum.photos/seed/user40/100');
INSERT INTO USERS (user_id, country_id, username, name, email, password, age, date_joined, last_login, follower_num, subscription_type, top_genre, num_songs_liked, most_played_artist, image) VALUES (41, 24, 'user41', 'Leyla', 'user41@example.com', 'password41', 21, '2025-05-28', '2025-05-28', 310, 'Premium', 'Rap', 89, 'Aleyna Tilki', 'https://picsum.photos/seed/user41/100');
INSERT INTO USERS (user_id, country_id, username, name, email, password, age, date_joined, last_login, follower_num, subscription_type, top_genre, num_songs_liked, most_played_artist, image) VALUES (42, 7, 'user42', 'Tuğçe', 'user42@example.com', 'password42', 45, '2025-05-28', '2025-05-28', 114, 'Premium', 'Arabesk', 86, 'Gökhan Türkmen', 'https://picsum.photos/seed/user42/100');
INSERT INTO USERS (user_id, country_id, username, name, email, password, age, date_joined, last_login, follower_num, subscription_type, top_genre, num_songs_liked, most_played_artist, image) VALUES (43, 25, 'user43', 'Cansu', 'user43@example.com', 'password43', 23, '2025-05-28', '2025-05-28', 306, 'Premium', 'Arabesk', 35, 'Ziynet Sali', 'https://picsum.photos/seed/user43/100');
INSERT INTO USERS (user_id, country_id, username, name, email, password, age, date_joined, last_login, follower_num, subscription_type, top_genre, num_songs_liked, most_played_artist, image) VALUES (44, 3, 'user44', 'Elvan', 'user44@example.com', 'password44', 23, '2025-05-28', '2025-05-28', 225, 'Free', 'Arabesk', 87, 'Gülşen', 'https://picsum.photos/seed/user44/100');
INSERT INTO USERS (user_id, country_id, username, name, email, password, age, date_joined, last_login, follower_num, subscription_type, top_genre, num_songs_liked, most_played_artist, image) VALUES (45, 17, 'user45', 'Begüm', 'user45@example.com', 'password45', 42, '2025-05-28', '2025-05-28', 40, 'Premium', 'Arabesk', 91, 'Melek Mosso', 'https://picsum.photos/seed/user45/100');
INSERT INTO USERS (user_id, country_id, username, name, email, password, age, date_joined, last_login, follower_num, subscription_type, top_genre, num_songs_liked, most_played_artist, image) VALUES (46, 3, 'user46', 'Sibel', 'user46@example.com', 'password46', 31, '2025-05-28', '2025-05-28', 262, 'Premium', 'Rap', 42, 'Ben Fero', 'https://picsum.photos/seed/user46/100');
INSERT INTO USERS (user_id, country_id, username, name, email, password, age, date_joined, last_login, follower_num, subscription_type, top_genre, num_songs_liked, most_played_artist, image) VALUES (47, 6, 'user47', 'Vedat', 'user47@example.com', 'password47', 29, '2025-05-28', '2025-05-28', 138, 'Premium', 'Rap', 7, 'Critical', 'https://picsum.photos/seed/user47/100');
INSERT INTO USERS (user_id, country_id, username, name, email, password, age, date_joined, last_login, follower_num, subscription_type, top_genre, num_songs_liked, most_played_artist, image) VALUES (48, 16, 'user48', 'Okan', 'user48@example.com', 'password48', 28, '2025-05-28', '2025-05-28', 400, 'Free', 'Rap', 82, 'Buray', 'https://picsum.photos/seed/user48/100');
INSERT INTO USERS (user_id, country_id, username, name, email, password, age, date_joined, last_login, follower_num, subscription_type, top_genre, num_songs_liked, most_played_artist, image) VALUES (49, 9, 'user49', 'Merve', 'user49@example.com', 'password49', 49, '2025-05-28', '2025-05-28', 163, 'Premium', 'Arabesk', 85, 'Manuş Baba', 'https://picsum.photos/seed/user49/100');
INSERT INTO USERS (user_id, country_id, username, name, email, password, age, date_joined, last_login, follower_num, subscription_type, top_genre, num_songs_liked, most_played_artist, image) VALUES (50, 17, 'user50', 'Cenk', 'user50@example.com', 'password50', 43, '2025-05-28', '2025-05-28', 285, 'Free', 'Arabesk', 41, 'Tarkan', 'https://picsum.photos/seed/user50/100');
INSERT INTO USERS (user_id, country_id, username, name, email, password, age, date_joined, last_login, follower_num, subscription_type, top_genre, num_songs_liked, most_played_artist, image) VALUES (51, 25, 'user51', 'İrem', 'user51@example.com', 'password51', 27, '2025-05-28', '2025-05-28', 79, 'Premium', 'Pop', 77, 'Buğrahan Aydın', 'https://picsum.photos/seed/user51/100');
INSERT INTO USERS (user_id, country_id, username, name, email, password, age, date_joined, last_login, follower_num, subscription_type, top_genre, num_songs_liked, most_played_artist, image) VALUES (52, 11, 'user52', 'Naz', 'user52@example.com', 'password52', 49, '2025-05-28', '2025-05-28', 426, 'Free', 'Rap', 84, 'Kenan Doğulu', 'https://picsum.photos/seed/user52/100');
INSERT INTO USERS (user_id, country_id, username, name, email, password, age, date_joined, last_login, follower_num, subscription_type, top_genre, num_songs_liked, most_played_artist, image) VALUES (53, 23, 'user53', 'Pınar', 'user53@example.com', 'password53', 24, '2025-05-28', '2025-05-28', 14, 'Premium', 'Arabesk', 18, 'Aydeed', 'https://picsum.photos/seed/user53/100');
INSERT INTO USERS (user_id, country_id, username, name, email, password, age, date_joined, last_login, follower_num, subscription_type, top_genre, num_songs_liked, most_played_artist, image) VALUES (54, 21, 'user54', 'Gözde', 'user54@example.com', 'password54', 44, '2025-05-28', '2025-05-28', 305, 'Premium', 'Pop', 25, 'Kenan Doğulu', 'https://picsum.photos/seed/user54/100');
INSERT INTO USERS (user_id, country_id, username, name, email, password, age, date_joined, last_login, follower_num, subscription_type, top_genre, num_songs_liked, most_played_artist, image) VALUES (55, 20, 'user55', 'Şule', 'user55@example.com', 'password55', 39, '2025-05-28', '2025-05-28', 493, 'Premium', 'Arabesk', 96, 'Sıla', 'https://picsum.photos/seed/user55/100');
INSERT INTO USERS (user_id, country_id, username, name, email, password, age, date_joined, last_login, follower_num, subscription_type, top_genre, num_songs_liked, most_played_artist, image) VALUES (56, 4, 'user56', 'Taner', 'user56@example.com', 'password56', 26, '2025-05-28', '2025-05-28', 218, 'Premium', 'Pop', 84, 'Aydeed', 'https://picsum.photos/seed/user56/100');
INSERT INTO USERS (user_id, country_id, username, name, email, password, age, date_joined, last_login, follower_num, subscription_type, top_genre, num_songs_liked, most_played_artist, image) VALUES (57, 13, 'user57', 'Sinem', 'user57@example.com', 'password57', 25, '2025-05-28', '2025-05-28', 476, 'Free', 'Pop', 3, 'Bege', 'https://picsum.photos/seed/user57/100');
INSERT INTO USERS (user_id, country_id, username, name, email, password, age, date_joined, last_login, follower_num, subscription_type, top_genre, num_songs_liked, most_played_artist, image) VALUES (58, 13, 'user58', 'Seda', 'user58@example.com', 'password58', 21, '2025-05-28', '2025-05-28', 434, 'Premium', 'Pop', 44, 'Ufo361', 'https://picsum.photos/seed/user58/100');
INSERT INTO USERS (user_id, country_id, username, name, email, password, age, date_joined, last_login, follower_num, subscription_type, top_genre, num_songs_liked, most_played_artist, image) VALUES (59, 2, 'user59', 'Serkan', 'user59@example.com', 'password59', 38, '2025-05-28', '2025-05-28', 265, 'Free', 'Rap', 58, 'Emir Can İğrek', 'https://picsum.photos/seed/user59/100');
INSERT INTO USERS (user_id, country_id, username, name, email, password, age, date_joined, last_login, follower_num, subscription_type, top_genre, num_songs_liked, most_played_artist, image) VALUES (60, 11, 'user60', 'Esra', 'user60@example.com', 'password60', 32, '2025-05-28', '2025-05-28', 489, 'Premium', 'Rap', 84, 'Blok3', 'https://picsum.photos/seed/user60/100');
INSERT INTO USERS (user_id, country_id, username, name, email, password, age, date_joined, last_login, follower_num, subscription_type, top_genre, num_songs_liked, most_played_artist, image) VALUES (61, 24, 'user61', 'Seda', 'user61@example.com', 'password61', 33, '2025-05-28', '2025-05-28', 361, 'Free', 'Rap', 50, 'Buray', 'https://picsum.photos/seed/user61/100');
INSERT INTO USERS (user_id, country_id, username, name, email, password, age, date_joined, last_login, follower_num, subscription_type, top_genre, num_songs_liked, most_played_artist, image) VALUES (62, 10, 'user62', 'Berk', 'user62@example.com', 'password62', 49, '2025-05-28', '2025-05-28', 370, 'Free', 'Arabesk', 23, 'Critical', 'https://picsum.photos/seed/user62/100');
INSERT INTO USERS (user_id, country_id, username, name, email, password, age, date_joined, last_login, follower_num, subscription_type, top_genre, num_songs_liked, most_played_artist, image) VALUES (63, 15, 'user63', 'Cem', 'user63@example.com', 'password63', 48, '2025-05-28', '2025-05-28', 215, 'Free', 'Arabesk', 3, 'İbrahim Tatlıses', 'https://picsum.photos/seed/user63/100');
INSERT INTO USERS (user_id, country_id, username, name, email, password, age, date_joined, last_login, follower_num, subscription_type, top_genre, num_songs_liked, most_played_artist, image) VALUES (64, 11, 'user64', 'Berk', 'user64@example.com', 'password64', 24, '2025-05-28', '2025-05-28', 136, 'Premium', 'Rap', 2, 'Critical', 'https://picsum.photos/seed/user64/100');
INSERT INTO USERS (user_id, country_id, username, name, email, password, age, date_joined, last_login, follower_num, subscription_type, top_genre, num_songs_liked, most_played_artist, image) VALUES (65, 21, 'user65', 'Cem', 'user65@example.com', 'password65', 21, '2025-05-28', '2025-05-28', 122, 'Free', 'Pop', 55, 'Mahir Deniz Çevik', 'https://picsum.photos/seed/user65/100');
INSERT INTO USERS (user_id, country_id, username, name, email, password, age, date_joined, last_login, follower_num, subscription_type, top_genre, num_songs_liked, most_played_artist, image) VALUES (66, 23, 'user66', 'Hakan', 'user66@example.com', 'password66', 31, '2025-05-28', '2025-05-28', 388, 'Free', 'Rap', 25, 'Emir Can İğrek', 'https://picsum.photos/seed/user66/100');
INSERT INTO USERS (user_id, country_id, username, name, email, password, age, date_joined, last_login, follower_num, subscription_type, top_genre, num_songs_liked, most_played_artist, image) VALUES (67, 10, 'user67', 'Sibel', 'user67@example.com', 'password67', 42, '2025-05-28', '2025-05-28', 380, 'Free', 'Pop', 17, 'Pentagram', 'https://picsum.photos/seed/user67/100');
INSERT INTO USERS (user_id, country_id, username, name, email, password, age, date_joined, last_login, follower_num, subscription_type, top_genre, num_songs_liked, most_played_artist, image) VALUES (68, 14, 'user68', 'Sibel', 'user68@example.com', 'password68', 31, '2025-05-28', '2025-05-28', 231, 'Free', 'Pop', 19, 'Tuğçe Kandemir', 'https://picsum.photos/seed/user68/100');
INSERT INTO USERS (user_id, country_id, username, name, email, password, age, date_joined, last_login, follower_num, subscription_type, top_genre, num_songs_liked, most_played_artist, image) VALUES (69, 23, 'user69', 'İnci', 'user69@example.com', 'password69', 43, '2025-05-28', '2025-05-28', 179, 'Premium', 'Arabesk', 62, 'Edis', 'https://picsum.photos/seed/user69/100');
INSERT INTO USERS (user_id, country_id, username, name, email, password, age, date_joined, last_login, follower_num, subscription_type, top_genre, num_songs_liked, most_played_artist, image) VALUES (70, 5, 'user70', 'Elif', 'user70@example.com', 'password70', 30, '2025-05-28', '2025-05-28', 416, 'Premium', 'Arabesk', 48, 'İbrahim Tatlıses', 'https://picsum.photos/seed/user70/100');
INSERT INTO USERS (user_id, country_id, username, name, email, password, age, date_joined, last_login, follower_num, subscription_type, top_genre, num_songs_liked, most_played_artist, image) VALUES (71, 21, 'user71', 'Berk', 'user71@example.com', 'password71', 42, '2025-05-28', '2025-05-28', 390, 'Premium', 'Arabesk', 49, 'Hakan Altun', 'https://picsum.photos/seed/user71/100');
INSERT INTO USERS (user_id, country_id, username, name, email, password, age, date_joined, last_login, follower_num, subscription_type, top_genre, num_songs_liked, most_played_artist, image) VALUES (72, 25, 'user72', 'Fırat', 'user72@example.com', 'password72', 25, '2025-05-28', '2025-05-28', 138, 'Free', 'Rap', 0, 'Ben Fero', 'https://picsum.photos/seed/user72/100');
INSERT INTO USERS (user_id, country_id, username, name, email, password, age, date_joined, last_login, follower_num, subscription_type, top_genre, num_songs_liked, most_played_artist, image) VALUES (73, 23, 'user73', 'Ayça', 'user73@example.com', 'password73', 38, '2025-05-28', '2025-05-28', 74, 'Free', 'Rap', 50, 'Burcu Güneş', 'https://picsum.photos/seed/user73/100');
INSERT INTO USERS (user_id, country_id, username, name, email, password, age, date_joined, last_login, follower_num, subscription_type, top_genre, num_songs_liked, most_played_artist, image) VALUES (74, 9, 'user74', 'Selda', 'user74@example.com', 'password74', 32, '2025-05-28', '2025-05-28', 50, 'Free', 'Pop', 98, 'Sertab Erener', 'https://picsum.photos/seed/user74/100');
INSERT INTO USERS (user_id, country_id, username, name, email, password, age, date_joined, last_login, follower_num, subscription_type, top_genre, num_songs_liked, most_played_artist, image) VALUES (75, 23, 'user75', 'Buse', 'user75@example.com', 'password75', 33, '2025-05-28', '2025-05-28', 168, 'Premium', 'Pop', 69, 'Gökhan Türkmen', 'https://picsum.photos/seed/user75/100');
INSERT INTO USERS (user_id, country_id, username, name, email, password, age, date_joined, last_login, follower_num, subscription_type, top_genre, num_songs_liked, most_played_artist, image) VALUES (76, 6, 'user76', 'Emre', 'user76@example.com', 'password76', 28, '2025-05-28', '2025-05-28', 500, 'Free', 'Pop', 19, 'Jefe', 'https://picsum.photos/seed/user76/100');
INSERT INTO USERS (user_id, country_id, username, name, email, password, age, date_joined, last_login, follower_num, subscription_type, top_genre, num_songs_liked, most_played_artist, image) VALUES (77, 1, 'user77', 'Tolga', 'user77@example.com', 'password77', 50, '2025-05-28', '2025-05-28', 129, 'Premium', 'Rap', 72, 'Dilara Yağmur Kızıl', 'https://picsum.photos/seed/user77/100');
INSERT INTO USERS (user_id, country_id, username, name, email, password, age, date_joined, last_login, follower_num, subscription_type, top_genre, num_songs_liked, most_played_artist, image) VALUES (78, 19, 'user78', 'Ali', 'user78@example.com', 'password78', 21, '2025-05-28', '2025-05-28', 181, 'Free', 'Arabesk', 22, 'Ziynet Sali', 'https://picsum.photos/seed/user78/100');
INSERT INTO USERS (user_id, country_id, username, name, email, password, age, date_joined, last_login, follower_num, subscription_type, top_genre, num_songs_liked, most_played_artist, image) VALUES (79, 19, 'user79', 'Bugrahan', 'user79@example.com', 'password79', 48, '2025-05-28', '2025-05-28', 289, 'Premium', 'Rap', 6, 'Can Bonomo', 'https://picsum.photos/seed/user79/100');
INSERT INTO USERS (user_id, country_id, username, name, email, password, age, date_joined, last_login, follower_num, subscription_type, top_genre, num_songs_liked, most_played_artist, image) VALUES (80, 8, 'user80', 'Berk', 'user80@example.com', 'password80', 26, '2025-05-28', '2025-05-28', 221, 'Premium', 'Arabesk', 63, 'Mabel Matiz', 'https://picsum.photos/seed/user80/100');
INSERT INTO USERS (user_id, country_id, username, name, email, password, age, date_joined, last_login, follower_num, subscription_type, top_genre, num_songs_liked, most_played_artist, image) VALUES (81, 11, 'user81', 'Deniz', 'user81@example.com', 'password81', 22, '2025-05-28', '2025-05-28', 392, 'Premium', 'Rap', 92, 'Emrah', 'https://picsum.photos/seed/user81/100');
INSERT INTO USERS (user_id, country_id, username, name, email, password, age, date_joined, last_login, follower_num, subscription_type, top_genre, num_songs_liked, most_played_artist, image) VALUES (82, 21, 'user82', 'Volkan', 'user82@example.com', 'password82', 47, '2025-05-28', '2025-05-28', 389, 'Premium', 'Arabesk', 63, 'Gripin', 'https://picsum.photos/seed/user82/100');
INSERT INTO USERS (user_id, country_id, username, name, email, password, age, date_joined, last_login, follower_num, subscription_type, top_genre, num_songs_liked, most_played_artist, image) VALUES (83, 16, 'user83', 'Hande', 'user83@example.com', 'password83', 38, '2025-05-28', '2025-05-28', 485, 'Free', 'Rap', 8, 'Derya Uluğ', 'https://picsum.photos/seed/user83/100');
INSERT INTO USERS (user_id, country_id, username, name, email, password, age, date_joined, last_login, follower_num, subscription_type, top_genre, num_songs_liked, most_played_artist, image) VALUES (84, 17, 'user84', 'Begüm', 'user84@example.com', 'password84', 45, '2025-05-28', '2025-05-28', 492, 'Free', 'Arabesk', 7, 'Anıl Piyancı', 'https://picsum.photos/seed/user84/100');
INSERT INTO USERS (user_id, country_id, username, name, email, password, age, date_joined, last_login, follower_num, subscription_type, top_genre, num_songs_liked, most_played_artist, image) VALUES (85, 2, 'user85', 'Oğuz', 'user85@example.com', 'password85', 27, '2025-05-28', '2025-05-28', 136, 'Premium', 'Pop', 41, 'Emrah', 'https://picsum.photos/seed/user85/100');
INSERT INTO USERS (user_id, country_id, username, name, email, password, age, date_joined, last_login, follower_num, subscription_type, top_genre, num_songs_liked, most_played_artist, image) VALUES (86, 12, 'user86', 'Buse', 'user86@example.com', 'password86', 39, '2025-05-28', '2025-05-28', 316, 'Premium', 'Rap', 3, 'Bege', 'https://picsum.photos/seed/user86/100');
INSERT INTO USERS (user_id, country_id, username, name, email, password, age, date_joined, last_login, follower_num, subscription_type, top_genre, num_songs_liked, most_played_artist, image) VALUES (87, 21, 'user87', 'Ece', 'user87@example.com', 'password87', 18, '2025-05-28', '2025-05-28', 394, 'Premium', 'Rap', 96, 'Sertab Erener', 'https://picsum.photos/seed/user87/100');
INSERT INTO USERS (user_id, country_id, username, name, email, password, age, date_joined, last_login, follower_num, subscription_type, top_genre, num_songs_liked, most_played_artist, image) VALUES (88, 12, 'user88', 'Seda', 'user88@example.com', 'password88', 39, '2025-05-28', '2025-05-28', 156, 'Premium', 'Pop', 46, 'Can Bonomo', 'https://picsum.photos/seed/user88/100');
INSERT INTO USERS (user_id, country_id, username, name, email, password, age, date_joined, last_login, follower_num, subscription_type, top_genre, num_songs_liked, most_played_artist, image) VALUES (89, 16, 'user89', 'Volkan', 'user89@example.com', 'password89', 44, '2025-05-28', '2025-05-28', 179, 'Premium', 'Arabesk', 58, 'Lvbel C5', 'https://picsum.photos/seed/user89/100');
INSERT INTO USERS (user_id, country_id, username, name, email, password, age, date_joined, last_login, follower_num, subscription_type, top_genre, num_songs_liked, most_played_artist, image) VALUES (90, 9, 'user90', 'Burcu', 'user90@example.com', 'password90', 28, '2025-05-28', '2025-05-28', 55, 'Premium', 'Pop', 97, 'Jeff Redd', 'https://picsum.photos/seed/user90/100');
INSERT INTO USERS (user_id, country_id, username, name, email, password, age, date_joined, last_login, follower_num, subscription_type, top_genre, num_songs_liked, most_played_artist, image) VALUES (91, 1, 'user91', 'Melih', 'user91@example.com', 'password91', 26, '2025-05-28', '2025-05-28', 376, 'Premium', 'Pop', 23, 'Edis', 'https://picsum.photos/seed/user91/100');
INSERT INTO USERS (user_id, country_id, username, name, email, password, age, date_joined, last_login, follower_num, subscription_type, top_genre, num_songs_liked, most_played_artist, image) VALUES (92, 14, 'user92', 'Ferhat', 'user92@example.com', 'password92', 50, '2025-05-28', '2025-05-28', 385, 'Premium', 'Pop', 98, 'Duman', 'https://picsum.photos/seed/user92/100');
INSERT INTO USERS (user_id, country_id, username, name, email, password, age, date_joined, last_login, follower_num, subscription_type, top_genre, num_songs_liked, most_played_artist, image) VALUES (93, 14, 'user93', 'Selda', 'user93@example.com', 'password93', 33, '2025-05-28', '2025-05-28', 53, 'Free', 'Rap', 60, 'Batuflex', 'https://picsum.photos/seed/user93/100');
INSERT INTO USERS (user_id, country_id, username, name, email, password, age, date_joined, last_login, follower_num, subscription_type, top_genre, num_songs_liked, most_played_artist, image) VALUES (94, 17, 'user94', 'Elif', 'user94@example.com', 'password94', 50, '2025-05-28', '2025-05-28', 445, 'Free', 'Rap', 18, 'Aleyna Tilki', 'https://picsum.photos/seed/user94/100');
INSERT INTO USERS (user_id, country_id, username, name, email, password, age, date_joined, last_login, follower_num, subscription_type, top_genre, num_songs_liked, most_played_artist, image) VALUES (95, 6, 'user95', 'Cenk', 'user95@example.com', 'password95', 43, '2025-05-28', '2025-05-28', 274, 'Premium', 'Pop', 3, 'Teoman', 'https://picsum.photos/seed/user95/100');
INSERT INTO USERS (user_id, country_id, username, name, email, password, age, date_joined, last_login, follower_num, subscription_type, top_genre, num_songs_liked, most_played_artist, image) VALUES (96, 7, 'user96', 'Cenk', 'user96@example.com', 'password96', 32, '2025-05-28', '2025-05-28', 260, 'Premium', 'Rap', 60, 'Melike Şahin', 'https://picsum.photos/seed/user96/100');
INSERT INTO USERS (user_id, country_id, username, name, email, password, age, date_joined, last_login, follower_num, subscription_type, top_genre, num_songs_liked, most_played_artist, image) VALUES (97, 21, 'user97', 'İlknur', 'user97@example.com', 'password97', 30, '2025-05-28', '2025-05-28', 445, 'Free', 'Arabesk', 22, 'Emir Can İğrek', 'https://picsum.photos/seed/user97/100');
INSERT INTO USERS (user_id, country_id, username, name, email, password, age, date_joined, last_login, follower_num, subscription_type, top_genre, num_songs_liked, most_played_artist, image) VALUES (98, 12, 'user98', 'Oğuz', 'user98@example.com', 'password98', 29, '2025-05-28', '2025-05-28', 296, 'Free', 'Arabesk', 19, 'Ben Fero', 'https://picsum.photos/seed/user98/100');
INSERT INTO USERS (user_id, country_id, username, name, email, password, age, date_joined, last_login, follower_num, subscription_type, top_genre, num_songs_liked, most_played_artist, image) VALUES (99, 17, 'user99', 'Elvan', 'user99@example.com', 'password99', 33, '2025-05-28', '2025-05-28', 137, 'Free', 'Rap', 61, 'Aydeed', 'https://picsum.photos/seed/user99/100');
INSERT INTO USERS (user_id, country_id, username, name, email, password, age, date_joined, last_login, follower_num, subscription_type, top_genre, num_songs_liked, most_played_artist, image) VALUES (100, 8, 'user100', 'Burcu', 'user100@example.com', 'password100', 47, '2025-05-28', '2025-05-28', 416, 'Premium', 'Pop', 25, 'Sıla', 'https://picsum.photos/seed/user100/100');
INSERT INTO ARTISTS (artist_id, country_id, name, genre, date_joined, total_num_music, total_albums, listeners, bio, image) VALUES (1, 18, 'Lvbel C5', 'Rap', '2025-05-28', 60, 7, 29751, 'Bio of Lvbel C5', 'https://i.scdn.co/image/ab6761610000e5eb9cff987c68dba5e50d9258a9');
INSERT INTO ARTISTS (artist_id, country_id, name, genre, date_joined, total_num_music, total_albums, listeners, bio, image) VALUES (2, 21, 'Uzi', 'Pop', '2025-05-28', 70, 7, 22625, 'Bio of Uzi', 'https://i.scdn.co/image/ab6761610000e5eb1027e6450e93e81192656ea6');
INSERT INTO ARTISTS (artist_id, country_id, name, genre, date_joined, total_num_music, total_albums, listeners, bio, image) VALUES (3, 1, 'Güneş', 'Arabesk', '2025-05-28', 24, 7, 21025, 'Bio of Güneş', 'https://i.scdn.co/image/ab6761610000e5eb2879cd2d08d873ed74f9e444');
INSERT INTO ARTISTS (artist_id, country_id, name, genre, date_joined, total_num_music, total_albums, listeners, bio, image) VALUES (4, 16, 'Reckol', 'Rap', '2025-05-28', 54, 5, 65634, 'Bio of Reckol', 'https://i.scdn.co/image/ab6761610000e5ebedeb50a01540bb96217b34bf');
INSERT INTO ARTISTS (artist_id, country_id, name, genre, date_joined, total_num_music, total_albums, listeners, bio, image) VALUES (5, 2, 'Çakal', 'Pop', '2025-05-28', 56, 7, 96850, 'Bio of Çakal', 'https://i.scdn.co/image/ab6761610000e5ebc9731900394e3b71f8f83da7');
INSERT INTO ARTISTS (artist_id, country_id, name, genre, date_joined, total_num_music, total_albums, listeners, bio, image) VALUES (6, 23, 'Muti', 'Pop', '2025-05-28', 53, 6, 53460, 'Bio of Muti', 'https://i.scdn.co/image/ab6761610000e5ebf3389dec222ba600d448ee90');
INSERT INTO ARTISTS (artist_id, country_id, name, genre, date_joined, total_num_music, total_albums, listeners, bio, image) VALUES (7, 1, 'Heijan', 'Pop', '2025-05-28', 76, 10, 45050, 'Bio of Heijan', 'https://i.scdn.co/image/ab6761610000e5eb7c095d8148fe7c47f8ce6668');
INSERT INTO ARTISTS (artist_id, country_id, name, genre, date_joined, total_num_music, total_albums, listeners, bio, image) VALUES (8, 6, 'Critical', 'Arabesk', '2025-05-28', 49, 1, 26992, 'Bio of Critical', 'https://i.scdn.co/image/ab6761610000e5ebffe5941921381fa09e701c21');
INSERT INTO ARTISTS (artist_id, country_id, name, genre, date_joined, total_num_music, total_albums, listeners, bio, image) VALUES (9, 22, 'Organize', 'Rap', '2025-05-28', 60, 1, 30184, 'Bio of Organize', 'https://i.scdn.co/image/ab6761610000e5ebdd0933d23ae144be1d845b94');
INSERT INTO ARTISTS (artist_id, country_id, name, genre, date_joined, total_num_music, total_albums, listeners, bio, image) VALUES (10, 15, 'Era7', 'Arabesk', '2025-05-28', 53, 10, 44972, 'Bio of Era7', 'https://i.scdn.co/image/ab6761610000e5eb9e9cbc372dd3904a92ab7b4e');
INSERT INTO ARTISTS (artist_id, country_id, name, genre, date_joined, total_num_music, total_albums, listeners, bio, image) VALUES (11, 22, 'Eray067', 'Arabesk', '2025-05-28', 73, 6, 44340, 'Bio of Eray067', 'https://i.scdn.co/image/ab6761610000e5eb33b15d461d9491e667f771f1');
INSERT INTO ARTISTS (artist_id, country_id, name, genre, date_joined, total_num_music, total_albums, listeners, bio, image) VALUES (12, 18, 'Blok3', 'Rap', '2025-05-28', 17, 7, 90950, 'Bio of Blok3', 'https://i.scdn.co/image/ab6761610000e5eb1832c63df3eed67dab04b8a0');
INSERT INTO ARTISTS (artist_id, country_id, name, genre, date_joined, total_num_music, total_albums, listeners, bio, image) VALUES (13, 11, 'Ati242', 'Pop', '2025-05-28', 73, 4, 56919, 'Bio of Ati242', 'https://i.scdn.co/image/ab6761610000e5eb451db299cfa8a725ecc88eb1');
INSERT INTO ARTISTS (artist_id, country_id, name, genre, date_joined, total_num_music, total_albums, listeners, bio, image) VALUES (14, 3, 'Manifest', 'Rap', '2025-05-28', 80, 6, 76874, 'Bio of Manifest', 'https://i.scdn.co/image/ab6761610000e5ebe048c928ec9dad271caf7ede');
INSERT INTO ARTISTS (artist_id, country_id, name, genre, date_joined, total_num_music, total_albums, listeners, bio, image) VALUES (15, 7, 'Bege', 'Arabesk', '2025-05-28', 95, 5, 28899, 'Bio of Bege', 'https://i.scdn.co/image/ab6761610000e5eb9b12e76ddacd997280d9f5fa');
INSERT INTO ARTISTS (artist_id, country_id, name, genre, date_joined, total_num_music, total_albums, listeners, bio, image) VALUES (16, 11, 'Wegh', 'Arabesk', '2025-05-28', 56, 9, 97162, 'Bio of Wegh', 'https://i.scdn.co/image/ab6761610000e5ebe257cba001ebc056232aa870');
INSERT INTO ARTISTS (artist_id, country_id, name, genre, date_joined, total_num_music, total_albums, listeners, bio, image) VALUES (17, 11, 'Jeff Redd', 'Arabesk', '2025-05-28', 82, 7, 73590, 'Bio of Jeff Redd', 'https://i.scdn.co/image/ab6761610000e5ebd9de2c3a608c87b664380f38');
INSERT INTO ARTISTS (artist_id, country_id, name, genre, date_joined, total_num_music, total_albums, listeners, bio, image) VALUES (18, 3, 'Semicenk', 'Arabesk', '2025-05-28', 42, 10, 75740, 'Bio of Semicenk', 'https://i.scdn.co/image/ab6761610000e5eb4b5e702acb59891e4db7149a');
INSERT INTO ARTISTS (artist_id, country_id, name, genre, date_joined, total_num_music, total_albums, listeners, bio, image) VALUES (19, 11, 'Motive', 'Rap', '2025-05-28', 46, 8, 5464, 'Bio of Motive', 'https://i.scdn.co/image/ab6761610000e5ebf2eb71bcac8753a944420f15');
INSERT INTO ARTISTS (artist_id, country_id, name, genre, date_joined, total_num_music, total_albums, listeners, bio, image) VALUES (20, 11, 'Jefe', 'Pop', '2025-05-28', 67, 5, 94924, 'Bio of Jefe', 'https://i.scdn.co/image/ab6761610000e5ebe4f4466de3066fa713285f23');
INSERT INTO ARTISTS (artist_id, country_id, name, genre, date_joined, total_num_music, total_albums, listeners, bio, image) VALUES (21, 20, 'Ezhel', 'Arabesk', '2025-05-28', 12, 5, 10633, 'Bio of Ezhel', 'https://i.scdn.co/image/ab6761610000e5eb9450a4efe117513d3ba47ded');
INSERT INTO ARTISTS (artist_id, country_id, name, genre, date_joined, total_num_music, total_albums, listeners, bio, image) VALUES (22, 9, 'Murda', 'Pop', '2025-05-28', 79, 6, 75868, 'Bio of Murda', 'https://i.scdn.co/image/ab6761610000e5eb7aaa77d0959b147098a2c733');
INSERT INTO ARTISTS (artist_id, country_id, name, genre, date_joined, total_num_music, total_albums, listeners, bio, image) VALUES (23, 3, 'Ben Fero', 'Pop', '2025-05-28', 55, 3, 1167, 'Bio of Ben Fero', 'https://i.scdn.co/image/ab6761610000e5ebd6ce36a01e255383dbcc4a86');
INSERT INTO ARTISTS (artist_id, country_id, name, genre, date_joined, total_num_music, total_albums, listeners, bio, image) VALUES (24, 12, 'Ceza', 'Pop', '2025-05-28', 97, 5, 67947, 'Bio of Ceza', 'https://i.scdn.co/image/ab6761610000e5ebb828bbcfba35f4322dbe78e1');
INSERT INTO ARTISTS (artist_id, country_id, name, genre, date_joined, total_num_music, total_albums, listeners, bio, image) VALUES (25, 11, 'Sagopa Kajmer', 'Pop', '2025-05-28', 77, 4, 53242, 'Bio of Sagopa Kajmer', 'https://i.scdn.co/image/ab6761610000e5eb6eb76d24f4d5055fbf2642c3');
INSERT INTO ARTISTS (artist_id, country_id, name, genre, date_joined, total_num_music, total_albums, listeners, bio, image) VALUES (26, 2, 'Şehinşah', 'Arabesk', '2025-05-28', 88, 10, 28281, 'Bio of Şehinşah', 'https://i.scdn.co/image/ab6761610000e5eb317910433fe174b8bb36ab46');
INSERT INTO ARTISTS (artist_id, country_id, name, genre, date_joined, total_num_music, total_albums, listeners, bio, image) VALUES (27, 3, 'Gazapizm', 'Arabesk', '2025-05-28', 77, 2, 31392, 'Bio of Gazapizm', 'https://i.scdn.co/image/ab6761610000e5ebd9d83936f9836fe140f53fad');
INSERT INTO ARTISTS (artist_id, country_id, name, genre, date_joined, total_num_music, total_albums, listeners, bio, image) VALUES (28, 23, 'Hayki', 'Arabesk', '2025-05-28', 35, 7, 94341, 'Bio of Hayki', 'https://i.scdn.co/image/ab6761610000e5eb504393465443fdfa809ec2af');
INSERT INTO ARTISTS (artist_id, country_id, name, genre, date_joined, total_num_music, total_albums, listeners, bio, image) VALUES (29, 13, 'Eypio', 'Pop', '2025-05-28', 84, 7, 19148, 'Bio of Eypio', 'https://i.scdn.co/image/ab6761610000e5eb728a190f51e7cb2f46a9a617');
INSERT INTO ARTISTS (artist_id, country_id, name, genre, date_joined, total_num_music, total_albums, listeners, bio, image) VALUES (30, 18, 'Anıl Piyancı', 'Rap', '2025-05-28', 51, 6, 76515, 'Bio of Anıl Piyancı', 'https://i.scdn.co/image/ab6761610000e5eb6460c6aa28055c7a8886cbd5');
INSERT INTO ARTISTS (artist_id, country_id, name, genre, date_joined, total_num_music, total_albums, listeners, bio, image) VALUES (31, 8, 'Emir Can İğrek', 'Arabesk', '2025-05-28', 88, 1, 50647, 'Bio of Emir Can İğrek', 'https://i.scdn.co/image/ab6761610000e5eb04146a800c3d869930ac7acc');
INSERT INTO ARTISTS (artist_id, country_id, name, genre, date_joined, total_num_music, total_albums, listeners, bio, image) VALUES (32, 6, 'Berkay', 'Pop', '2025-05-28', 29, 8, 94776, 'Bio of Berkay', 'https://i.scdn.co/image/ab6761610000e5eb5caac7f517d77d039c1a828d');
INSERT INTO ARTISTS (artist_id, country_id, name, genre, date_joined, total_num_music, total_albums, listeners, bio, image) VALUES (33, 15, 'Mabel Matiz', 'Arabesk', '2025-05-28', 87, 5, 94994, 'Bio of Mabel Matiz', 'https://i.scdn.co/image/ab6761610000e5eb61bbcbf13e5c22b2d8573f4a');
INSERT INTO ARTISTS (artist_id, country_id, name, genre, date_joined, total_num_music, total_albums, listeners, bio, image) VALUES (34, 16, 'Cem Adrian', 'Arabesk', '2025-05-28', 38, 7, 47922, 'Bio of Cem Adrian', 'https://i.scdn.co/image/ab6761610000e5eb2982a8bb662df30d8927d507');
INSERT INTO ARTISTS (artist_id, country_id, name, genre, date_joined, total_num_music, total_albums, listeners, bio, image) VALUES (35, 25, 'Melek Mosso', 'Pop', '2025-05-28', 46, 5, 57985, 'Bio of Melek Mosso', 'https://i.scdn.co/image/ab6761610000e5eba8059ca92c1da09be6617687');
INSERT INTO ARTISTS (artist_id, country_id, name, genre, date_joined, total_num_music, total_albums, listeners, bio, image) VALUES (36, 7, 'Sezen Aksu', 'Rap', '2025-05-28', 70, 5, 36103, 'Bio of Sezen Aksu', 'https://i.scdn.co/image/ab6761610000e5eb921bc8ec2fae6d0b6f8a7834');
INSERT INTO ARTISTS (artist_id, country_id, name, genre, date_joined, total_num_music, total_albums, listeners, bio, image) VALUES (37, 21, 'Kenan Doğulu', 'Pop', '2025-05-28', 41, 10, 7753, 'Bio of Kenan Doğulu', 'https://i.scdn.co/image/ab6761610000e5eb522e0170157d4433e1721edc');
INSERT INTO ARTISTS (artist_id, country_id, name, genre, date_joined, total_num_music, total_albums, listeners, bio, image) VALUES (38, 2, 'Tarkan', 'Rap', '2025-05-28', 22, 7, 42429, 'Bio of Tarkan', 'https://i.scdn.co/image/ab6761610000e5eb7addc58dd2bd5e9d83c83cc4');
INSERT INTO ARTISTS (artist_id, country_id, name, genre, date_joined, total_num_music, total_albums, listeners, bio, image) VALUES (39, 9, 'Hande Yener', 'Rap', '2025-05-28', 68, 2, 25635, 'Bio of Hande Yener', 'https://i.scdn.co/image/ab6761610000e5ebb51116c77864a0339f2d42f3');
INSERT INTO ARTISTS (artist_id, country_id, name, genre, date_joined, total_num_music, total_albums, listeners, bio, image) VALUES (40, 9, 'Hadise', 'Arabesk', '2025-05-28', 39, 1, 8754, 'Bio of Hadise', 'https://i.scdn.co/image/ab6761610000e5ebd87c4c0ce680e409648b9bd4');
INSERT INTO ARTISTS (artist_id, country_id, name, genre, date_joined, total_num_music, total_albums, listeners, bio, image) VALUES (41, 14, 'Edis', 'Arabesk', '2025-05-28', 16, 6, 13859, 'Bio of Edis', 'https://i.scdn.co/image/ab6761610000e5eb34746b3c2c8b1bdca2430e0f');
INSERT INTO ARTISTS (artist_id, country_id, name, genre, date_joined, total_num_music, total_albums, listeners, bio, image) VALUES (42, 8, 'Zeynep Bastık', 'Rap', '2025-05-28', 50, 6, 67223, 'Bio of Zeynep Bastık', 'https://i.scdn.co/image/ab6761610000e5eb46d5826705a678b0e5d4b31d');
INSERT INTO ARTISTS (artist_id, country_id, name, genre, date_joined, total_num_music, total_albums, listeners, bio, image) VALUES (43, 7, 'Simge', 'Rap', '2025-05-28', 45, 6, 50032, 'Bio of Simge', 'https://i.scdn.co/image/ab6761610000e5eb563951070f1bd0dfe83a154c');
INSERT INTO ARTISTS (artist_id, country_id, name, genre, date_joined, total_num_music, total_albums, listeners, bio, image) VALUES (44, 16, 'Derya Uluğ', 'Arabesk', '2025-05-28', 78, 8, 93531, 'Bio of Derya Uluğ', 'https://i.scdn.co/image/ab6761610000e5ebe33a4b8ca9c47e82021a81f8');
INSERT INTO ARTISTS (artist_id, country_id, name, genre, date_joined, total_num_music, total_albums, listeners, bio, image) VALUES (45, 24, 'Aleyna Tilki', 'Pop', '2025-05-28', 73, 9, 96292, 'Bio of Aleyna Tilki', 'https://i.scdn.co/image/ab6761610000e5ebe7f32a74f53a7e0458c22285');
INSERT INTO ARTISTS (artist_id, country_id, name, genre, date_joined, total_num_music, total_albums, listeners, bio, image) VALUES (46, 3, 'Tuğçe Kandemir', 'Rap', '2025-05-28', 86, 10, 59955, 'Bio of Tuğçe Kandemir', 'https://i.scdn.co/image/ab6761610000e5ebed243f67bb49edd19e4cb0a5');
INSERT INTO ARTISTS (artist_id, country_id, name, genre, date_joined, total_num_music, total_albums, listeners, bio, image) VALUES (47, 11, 'Buray', 'Pop', '2025-05-28', 43, 6, 80261, 'Bio of Buray', 'https://i.scdn.co/image/ab6761610000e5ebac858e878edff447d79cb4cb');
INSERT INTO ARTISTS (artist_id, country_id, name, genre, date_joined, total_num_music, total_albums, listeners, bio, image) VALUES (48, 1, 'Kalben', 'Arabesk', '2025-05-28', 97, 4, 44703, 'Bio of Kalben', 'https://i.scdn.co/image/ab6761610000e5eb7f1e8ac363482c6b905552b0');
INSERT INTO ARTISTS (artist_id, country_id, name, genre, date_joined, total_num_music, total_albums, listeners, bio, image) VALUES (49, 14, 'Manuş Baba', 'Rap', '2025-05-28', 32, 2, 38125, 'Bio of Manuş Baba', 'https://i.scdn.co/image/ab6761610000e5eb44e13bd909d16a1ecc3fb8af');
INSERT INTO ARTISTS (artist_id, country_id, name, genre, date_joined, total_num_music, total_albums, listeners, bio, image) VALUES (50, 4, 'Gripin', 'Rap', '2025-05-28', 62, 8, 84127, 'Bio of Gripin', 'https://i.scdn.co/image/ab6761610000e5eb3df479605d05be4a69474c6a');
INSERT INTO ARTISTS (artist_id, country_id, name, genre, date_joined, total_num_music, total_albums, listeners, bio, image) VALUES (51, 14, 'Manga', 'Pop', '2025-05-28', 84, 7, 35626, 'Bio of Manga', 'https://i.scdn.co/image/ab6761610000e5ebe07649469b520b42e2c5c047');
INSERT INTO ARTISTS (artist_id, country_id, name, genre, date_joined, total_num_music, total_albums, listeners, bio, image) VALUES (52, 11, 'Duman', 'Arabesk', '2025-05-28', 98, 7, 32293, 'Bio of Duman', 'https://i.scdn.co/image/ab6761610000e5eb5eedfda3da66eb4591be4fa7');
INSERT INTO ARTISTS (artist_id, country_id, name, genre, date_joined, total_num_music, total_albums, listeners, bio, image) VALUES (53, 18, 'Mor ve Ötesi', 'Rap', '2025-05-28', 68, 5, 30505, 'Bio of Mor ve Ötesi', 'https://i.scdn.co/image/ab6761610000e5eb32c198a198e8efe489b8948a');
INSERT INTO ARTISTS (artist_id, country_id, name, genre, date_joined, total_num_music, total_albums, listeners, bio, image) VALUES (54, 25, 'Teoman', 'Pop', '2025-05-28', 75, 1, 55709, 'Bio of Teoman', 'https://i.scdn.co/image/ab6761610000e5eb28da7480a223ede516f57159');
INSERT INTO ARTISTS (artist_id, country_id, name, genre, date_joined, total_num_music, total_albums, listeners, bio, image) VALUES (55, 18, 'Şebnem Ferah', 'Pop', '2025-05-28', 48, 5, 75427, 'Bio of Şebnem Ferah', 'https://i.scdn.co/image/ab6761610000e5ebe3c728daf2ff8af8a518239b');
INSERT INTO ARTISTS (artist_id, country_id, name, genre, date_joined, total_num_music, total_albums, listeners, bio, image) VALUES (56, 19, 'Athena', 'Pop', '2025-05-28', 89, 5, 20938, 'Bio of Athena', 'https://i.scdn.co/image/ab6761610000e5eb0c10dd4d5318adea5a1d694d');
INSERT INTO ARTISTS (artist_id, country_id, name, genre, date_joined, total_num_music, total_albums, listeners, bio, image) VALUES (57, 18, 'Pentagram', 'Rap', '2025-05-28', 89, 4, 26927, 'Bio of Pentagram', 'https://i.scdn.co/image/ab6761610000e5eb04ffe7847c4fe6f506cc05e0');
INSERT INTO ARTISTS (artist_id, country_id, name, genre, date_joined, total_num_music, total_albums, listeners, bio, image) VALUES (58, 10, 'Yüksek Sadakat', 'Pop', '2025-05-28', 77, 4, 98184, 'Bio of Yüksek Sadakat', 'https://i.scdn.co/image/ab6761610000e5ebb19fee222d98095186b96242');
INSERT INTO ARTISTS (artist_id, country_id, name, genre, date_joined, total_num_music, total_albums, listeners, bio, image) VALUES (59, 4, 'Adamlar', 'Rap', '2025-05-28', 75, 3, 4260, 'Bio of Adamlar', 'https://i.scdn.co/image/ab6761610000e5eb80303f7c724e24e735be0070');
INSERT INTO ARTISTS (artist_id, country_id, name, genre, date_joined, total_num_music, total_albums, listeners, bio, image) VALUES (60, 17, 'Büyük Ev Ablukada', 'Pop', '2025-05-28', 14, 1, 98486, 'Bio of Büyük Ev Ablukada', 'https://i.scdn.co/image/ab6761610000e5ebc9e1450035ada194880d46d0');
INSERT INTO ARTISTS (artist_id, country_id, name, genre, date_joined, total_num_music, total_albums, listeners, bio, image) VALUES (61, 8, 'Pinhani', 'Arabesk', '2025-05-28', 90, 5, 67878, 'Bio of Pinhani', 'https://i.scdn.co/image/ab6761610000e5eb4ddd595c78914a1e09ff6688');
INSERT INTO ARTISTS (artist_id, country_id, name, genre, date_joined, total_num_music, total_albums, listeners, bio, image) VALUES (62, 24, 'Melike Şahin', 'Rap', '2025-05-28', 58, 8, 42858, 'Bio of Melike Şahin', 'https://i.scdn.co/image/ab6761610000e5eb3b5fe0d1b9e8972818d66c63');
INSERT INTO ARTISTS (artist_id, country_id, name, genre, date_joined, total_num_music, total_albums, listeners, bio, image) VALUES (63, 6, 'Candan Erçetin', 'Rap', '2025-05-28', 82, 4, 53732, 'Bio of Candan Erçetin', 'https://i.scdn.co/image/ab6761610000e5ebc5bac8805e1badd3c5f34226');
INSERT INTO ARTISTS (artist_id, country_id, name, genre, date_joined, total_num_music, total_albums, listeners, bio, image) VALUES (64, 18, 'Sertab Erener', 'Pop', '2025-05-28', 42, 5, 24980, 'Bio of Sertab Erener', 'https://i.scdn.co/image/ab6761610000e5eb22d901e981c46395d0469b40');
INSERT INTO ARTISTS (artist_id, country_id, name, genre, date_joined, total_num_music, total_albums, listeners, bio, image) VALUES (65, 25, 'Nil Karaibrahimgil', 'Pop', '2025-05-28', 13, 1, 2976, 'Bio of Nil Karaibrahimgil', 'https://i.scdn.co/image/ab6761610000e5eb4b88014930ad03e6dc1102be');
INSERT INTO ARTISTS (artist_id, country_id, name, genre, date_joined, total_num_music, total_albums, listeners, bio, image) VALUES (66, 11, 'Göksel', 'Rap', '2025-05-28', 57, 4, 70040, 'Bio of Göksel', 'https://i.scdn.co/image/ab6761610000e5eb6ebf1047f258ea33f02466d8');
INSERT INTO ARTISTS (artist_id, country_id, name, genre, date_joined, total_num_music, total_albums, listeners, bio, image) VALUES (67, 11, 'Sıla', 'Arabesk', '2025-05-28', 47, 8, 50395, 'Bio of Sıla', 'https://i.scdn.co/image/ab6761610000e5eba8594d7ae9ab27952438fcf1');
INSERT INTO ARTISTS (artist_id, country_id, name, genre, date_joined, total_num_music, total_albums, listeners, bio, image) VALUES (68, 9, 'Ziynet Sali', 'Pop', '2025-05-28', 58, 5, 77333, 'Bio of Ziynet Sali', 'https://i.scdn.co/image/ab6761610000e5ebd130803cbebf03c04dee7ba0');
INSERT INTO ARTISTS (artist_id, country_id, name, genre, date_joined, total_num_music, total_albums, listeners, bio, image) VALUES (69, 6, 'Gülşen', 'Pop', '2025-05-28', 66, 9, 85620, 'Bio of Gülşen', 'https://i.scdn.co/image/ab6761610000e5ebf753342d107655a0e882b3fc');
INSERT INTO ARTISTS (artist_id, country_id, name, genre, date_joined, total_num_music, total_albums, listeners, bio, image) VALUES (70, 18, 'Demet Akalın', 'Rap', '2025-05-28', 17, 6, 77691, 'Bio of Demet Akalın', 'https://i.scdn.co/image/ab6761610000e5eb3ef149ae3751ef3d87ebc105');
INSERT INTO ARTISTS (artist_id, country_id, name, genre, date_joined, total_num_music, total_albums, listeners, bio, image) VALUES (71, 19, 'İrem Derici', 'Pop', '2025-05-28', 63, 1, 97328, 'Bio of İrem Derici', 'https://i.scdn.co/image/ab6761610000e5eb98a3b1f9631c0c3599bf4ee7');
INSERT INTO ARTISTS (artist_id, country_id, name, genre, date_joined, total_num_music, total_albums, listeners, bio, image) VALUES (72, 8, 'Özcan Deniz', 'Pop', '2025-05-28', 98, 7, 14807, 'Bio of Özcan Deniz', 'https://i.scdn.co/image/ab6761610000e5eb107736a3e2beda889043e643');
INSERT INTO ARTISTS (artist_id, country_id, name, genre, date_joined, total_num_music, total_albums, listeners, bio, image) VALUES (73, 11, 'Hakan Altun', 'Rap', '2025-05-28', 27, 4, 95384, 'Bio of Hakan Altun', 'https://i.scdn.co/image/ab6761610000e5eb4e421b9f77f06c7fa9a09244');
INSERT INTO ARTISTS (artist_id, country_id, name, genre, date_joined, total_num_music, total_albums, listeners, bio, image) VALUES (74, 19, 'Ebru Gündeş', 'Arabesk', '2025-05-28', 94, 7, 31153, 'Bio of Ebru Gündeş', 'https://i.scdn.co/image/ab6761610000e5eb751082c6d5ebc1fded07f3c4');
INSERT INTO ARTISTS (artist_id, country_id, name, genre, date_joined, total_num_music, total_albums, listeners, bio, image) VALUES (75, 3, 'Sibel Can', 'Pop', '2025-05-28', 96, 1, 89880, 'Bio of Sibel Can', 'https://i.scdn.co/image/ab6761610000e5ebfde7d73d1c5acfa307a27a05');
INSERT INTO ARTISTS (artist_id, country_id, name, genre, date_joined, total_num_music, total_albums, listeners, bio, image) VALUES (76, 3, 'Mahir Deniz Çevik', 'Pop', '2025-05-28', 55, 3, 76615, 'Bio of Mahir Deniz Çevik', 'https://i.scdn.co/image/ab6761610000e5eb5aef08d23e31b245778812c7');
INSERT INTO ARTISTS (artist_id, country_id, name, genre, date_joined, total_num_music, total_albums, listeners, bio, image) VALUES (77, 19, 'Müslüm Gürses', 'Pop', '2025-05-28', 25, 6, 14135, 'Bio of Müslüm Gürses', 'https://i.scdn.co/image/ab6761610000e5eb27b3b0e9154e12899b9ff22e');
INSERT INTO ARTISTS (artist_id, country_id, name, genre, date_joined, total_num_music, total_albums, listeners, bio, image) VALUES (78, 20, 'İbrahim Tatlıses', 'Pop', '2025-05-28', 98, 8, 32006, 'Bio of İbrahim Tatlıses', 'https://i.scdn.co/image/ab6761610000e5eb3c18a1aa50b5bbae720ed890');
INSERT INTO ARTISTS (artist_id, country_id, name, genre, date_joined, total_num_music, total_albums, listeners, bio, image) VALUES (79, 23, 'Ferdi Tayfur', 'Pop', '2025-05-28', 68, 4, 71701, 'Bio of Ferdi Tayfur', 'https://i.scdn.co/image/ab6761610000e5ebe7cac6ca6990e908594d8ae4');
INSERT INTO ARTISTS (artist_id, country_id, name, genre, date_joined, total_num_music, total_albums, listeners, bio, image) VALUES (80, 16, 'Emrah', 'Pop', '2025-05-28', 14, 3, 95224, 'Bio of Emrah', 'https://i.scdn.co/image/ab6772690000c46c2bb5b14fab444713e4dfc0aa');
INSERT INTO ARTISTS (artist_id, country_id, name, genre, date_joined, total_num_music, total_albums, listeners, bio, image) VALUES (81, 24, 'Mahsun Kırmızıgül', 'Arabesk', '2025-05-28', 92, 8, 89768, 'Bio of Mahsun Kırmızıgül', 'https://i.scdn.co/image/ab6761610000e5eb552029cbe257942d5a6ee4df');
INSERT INTO ARTISTS (artist_id, country_id, name, genre, date_joined, total_num_music, total_albums, listeners, bio, image) VALUES (82, 10, 'Cengiz Kurtoğlu', 'Arabesk', '2025-05-28', 37, 6, 44764, 'Bio of Cengiz Kurtoğlu', 'https://i.scdn.co/image/ab6761610000e5eb6b7e3def1711192f838a4bb3');
INSERT INTO ARTISTS (artist_id, country_id, name, genre, date_joined, total_num_music, total_albums, listeners, bio, image) VALUES (83, 16, 'Buğrahan Aydın', 'Rap', '2025-05-28', 28, 6, 86567, 'Bio of Buğrahan Aydın', 'https://i.scdn.co/image/ab6775700000ee857118ec26a8dfd7f57567610e');
INSERT INTO ARTISTS (artist_id, country_id, name, genre, date_joined, total_num_music, total_albums, listeners, bio, image) VALUES (84, 17, 'Emel Müftüoğlu', 'Pop', '2025-05-28', 72, 1, 6531, 'Bio of Emel Müftüoğlu', 'https://i.scdn.co/image/ab67616d0000b273fa7e2e05a597fc1c2718d377');
INSERT INTO ARTISTS (artist_id, country_id, name, genre, date_joined, total_num_music, total_albums, listeners, bio, image) VALUES (85, 21, 'Dilara Yağmur Kızıl', 'Rap', '2025-05-28', 88, 3, 49740, 'Bio of Dilara Yağmur Kızıl', 'https://i.scdn.co/image/ab6775700000ee8581a6ebb1aeb8c98a6d008b09');
INSERT INTO ARTISTS (artist_id, country_id, name, genre, date_joined, total_num_music, total_albums, listeners, bio, image) VALUES (86, 6, 'Burcu Güneş', 'Pop', '2025-05-28', 98, 2, 51114, 'Bio of Burcu Güneş', 'https://i.scdn.co/image/ab6761610000e5eb239aaa5eb169c427cc3b5ad2');
INSERT INTO ARTISTS (artist_id, country_id, name, genre, date_joined, total_num_music, total_albums, listeners, bio, image) VALUES (87, 14, 'Gökhan Türkmen', 'Arabesk', '2025-05-28', 53, 1, 32868, 'Bio of Gökhan Türkmen', 'https://i.scdn.co/image/ab6761610000e5eb88e4fdbbe361e0f7489f3bc1');
INSERT INTO ARTISTS (artist_id, country_id, name, genre, date_joined, total_num_music, total_albums, listeners, bio, image) VALUES (88, 22, 'Fikri Karayel', 'Arabesk', '2025-05-28', 89, 9, 98826, 'Bio of Fikri Karayel', 'https://i.scdn.co/image/ab6761610000e5ebbf1fc9ede436e5ac014adefa');
INSERT INTO ARTISTS (artist_id, country_id, name, genre, date_joined, total_num_music, total_albums, listeners, bio, image) VALUES (89, 9, 'Batuflex', 'Rap', '2025-05-28', 64, 7, 59780, 'Bio of Batuflex', 'https://i.scdn.co/image/ab6761610000e5eb520966c63dae4f24b8a3f3d9');
INSERT INTO ARTISTS (artist_id, country_id, name, genre, date_joined, total_num_music, total_albums, listeners, bio, image) VALUES (90, 9, 'Can Bonomo', 'Arabesk', '2025-05-28', 62, 7, 56816, 'Bio of Can Bonomo', 'https://i.scdn.co/image/ab6761610000e5eb8643912c04a92ea93c32c22e');
INSERT INTO ARTISTS (artist_id, country_id, name, genre, date_joined, total_num_music, total_albums, listeners, bio, image) VALUES (91, 17, 'Mehmet Erdem', 'Arabesk', '2025-05-28', 62, 4, 31393, 'Bio of Mehmet Erdem', 'https://i.scdn.co/image/ab6761610000e5eb78beec5e4508246c65683346');
INSERT INTO ARTISTS (artist_id, country_id, name, genre, date_joined, total_num_music, total_albums, listeners, bio, image) VALUES (92, 9, 'Yalın', 'Rap', '2025-05-28', 70, 7, 56678, 'Bio of Yalın', 'https://i.scdn.co/image/ab6761610000e5eb37390136117177412809cbec');
INSERT INTO ARTISTS (artist_id, country_id, name, genre, date_joined, total_num_music, total_albums, listeners, bio, image) VALUES (93, 6, 'Halil Sezai', 'Arabesk', '2025-05-28', 29, 9, 46447, 'Bio of Halil Sezai', 'https://i.scdn.co/image/ab67616d0000b2730172fc203352205212bbae6b');
INSERT INTO ARTISTS (artist_id, country_id, name, genre, date_joined, total_num_music, total_albums, listeners, bio, image) VALUES (94, 17, 'Sefo', 'Arabesk', '2025-05-28', 66, 9, 75153, 'Bio of Sefo', 'https://i.scdn.co/image/ab6761610000e5ebc7145b9565b4ebe8b0e50b79');
INSERT INTO ARTISTS (artist_id, country_id, name, genre, date_joined, total_num_music, total_albums, listeners, bio, image) VALUES (95, 4, 'Ufo361', 'Pop', '2025-05-28', 22, 4, 38125, 'Bio of Ufo361', 'https://i.scdn.co/image/ab6761610000e5eb986e3cb0e4a41c52ba7e011c');
INSERT INTO ARTISTS (artist_id, country_id, name, genre, date_joined, total_num_music, total_albums, listeners, bio, image) VALUES (96, 10, 'Lil Zey', 'Pop', '2025-05-28', 34, 1, 34186, 'Bio of Lil Zey', 'https://i.scdn.co/image/ab6761610000e5eba6ebb38642af82d38d0f6fd4');
INSERT INTO ARTISTS (artist_id, country_id, name, genre, date_joined, total_num_music, total_albums, listeners, bio, image) VALUES (97, 19, 'Aydeed', 'Rap', '2025-05-28', 46, 3, 74495, 'Bio of Aydeed', 'https://i.scdn.co/image/ab6761610000e5eb845cebcbb0e8e3c179a53534');
INSERT INTO ARTISTS (artist_id, country_id, name, genre, date_joined, total_num_music, total_albums, listeners, bio, image) VALUES (98, 20, 'Edis', 'Pop', '2025-05-28', 23, 3, 81961, 'Bio of Edis', 'https://i.scdn.co/image/ab6761610000e5eb34746b3c2c8b1bdca2430e0f');
INSERT INTO ARTISTS (artist_id, country_id, name, genre, date_joined, total_num_music, total_albums, listeners, bio, image) VALUES (99, 3, 'Rota', 'Arabesk', '2025-05-28', 56, 1, 67072, 'Bio of Rota', 'https://i.scdn.co/image/ab6761610000e5eb6154920515fe61ba7ff98220');
INSERT INTO ARTISTS (artist_id, country_id, name, genre, date_joined, total_num_music, total_albums, listeners, bio, image) VALUES (100, 5, 'Oğuzhan Koç', 'Pop', '2025-05-28', 75, 7, 59732, 'Bio of Oğuzhan Koç', 'https://i.scdn.co/image/ab6761610000e5eb09d1649f57b77db3682a8a42');
INSERT INTO ALBUMS (album_id, artist_id, title, release_date, genre, music_number, image) VALUES (1, 1, 'Ateşli Aşk', '2025-05-28', 'Arabesk', 1, 'https://picsum.photos/seed/album1/300/300');
INSERT INTO SONGS (song_id, album_id, title, duration, genre, release_date, song_rank, image) VALUES (1, 1, 'Ralli', 240, 'Arabesk', '2025-05-28', 513, 'https://picsum.photos/seed/album1/300/300');
INSERT INTO ALBUMS (album_id, artist_id, title, release_date, genre, music_number, image) VALUES (2, 2, 'Karanlık karşı Düşler', '2025-05-28', 'Pop', 1, 'https://picsum.photos/seed/album2/300/300');
INSERT INTO SONGS (song_id, album_id, title, duration, genre, release_date, song_rank, image) VALUES (2, 2, '7/24', 273, 'Pop', '2025-05-28', 221, 'https://picsum.photos/seed/album2/300/300');
INSERT INTO ALBUMS (album_id, artist_id, title, release_date, genre, music_number, image) VALUES (3, 3, 'İz öncesi Yalnızlık', '2025-05-28', 'Rap', 1, 'https://picsum.photos/seed/album3/300/300');
INSERT INTO SONGS (song_id, album_id, title, duration, genre, release_date, song_rank, image) VALUES (3, 3, 'ISTANBUL', 215, 'Rap', '2025-05-28', 791, 'https://picsum.photos/seed/album3/300/300');
INSERT INTO ALBUMS (album_id, artist_id, title, release_date, genre, music_number, image) VALUES (4, 4, 'Derin Hayaller karşı Dünya', '2025-05-28', 'Arabesk', 1, 'https://picsum.photos/seed/album4/300/300');
INSERT INTO SONGS (song_id, album_id, title, duration, genre, release_date, song_rank, image) VALUES (4, 4, 'Pişman', 245, 'Arabesk', '2025-05-28', 518, 'https://picsum.photos/seed/album4/300/300');
INSERT INTO ALBUMS (album_id, artist_id, title, release_date, genre, music_number, image) VALUES (5, 5, 'Sonsuz Düşler', '2025-05-28', 'Pop', 1, 'https://picsum.photos/seed/album5/300/300');
INSERT INTO SONGS (song_id, album_id, title, duration, genre, release_date, song_rank, image) VALUES (5, 5, 'Sevilmeyen Adam', 224, 'Pop', '2025-05-28', 909, 'https://picsum.photos/seed/album5/300/300');
INSERT INTO ALBUMS (album_id, artist_id, title, release_date, genre, music_number, image) VALUES (6, 6, 'Hüzünlü Dünya', '2025-05-28', 'Rap', 1, 'https://picsum.photos/seed/album6/300/300');
INSERT INTO SONGS (song_id, album_id, title, duration, genre, release_date, song_rank, image) VALUES (6, 6, 'Uyanamam', 202, 'Rap', '2025-05-28', 496, 'https://picsum.photos/seed/album6/300/300');
INSERT INTO ALBUMS (album_id, artist_id, title, release_date, genre, music_number, image) VALUES (7, 7, 'Kayıp ve Anılar', '2025-05-28', 'Rap', 1, 'https://picsum.photos/seed/album7/300/300');
INSERT INTO SONGS (song_id, album_id, title, duration, genre, release_date, song_rank, image) VALUES (7, 7, 'Çıkar Aklımdan', 201, 'Rap', '2025-05-28', 367, 'https://picsum.photos/seed/album7/300/300');
INSERT INTO ALBUMS (album_id, artist_id, title, release_date, genre, music_number, image) VALUES (8, 8, 'Gökyüzü karşı Aşk', '2025-05-28', 'Pop', 1, 'https://picsum.photos/seed/album8/300/300');
INSERT INTO SONGS (song_id, album_id, title, duration, genre, release_date, song_rank, image) VALUES (8, 8, 'Affet Beni', 255, 'Pop', '2025-05-28', 503, 'https://picsum.photos/seed/album8/300/300');
INSERT INTO ALBUMS (album_id, artist_id, title, release_date, genre, music_number, image) VALUES (9, 9, 'Beyaz Kalpler öncesi Kayıp', '2025-05-28', 'Arabesk', 1, 'https://picsum.photos/seed/album9/300/300');
INSERT INTO SONGS (song_id, album_id, title, duration, genre, release_date, song_rank, image) VALUES (9, 9, 'Mektup', 264, 'Arabesk', '2025-05-28', 457, 'https://picsum.photos/seed/album9/300/300');
INSERT INTO ALBUMS (album_id, artist_id, title, release_date, genre, music_number, image) VALUES (10, 10, 'Beyaz Hikaye sonrası Yalnızlık', '2025-05-28', 'Arabesk', 1, 'https://picsum.photos/seed/album10/300/300');
INSERT INTO SONGS (song_id, album_id, title, duration, genre, release_date, song_rank, image) VALUES (10, 10, 'Kalbine Sor', 299, 'Arabesk', '2025-05-28', 603, 'https://picsum.photos/seed/album10/300/300');
INSERT INTO ALBUMS (album_id, artist_id, title, release_date, genre, music_number, image) VALUES (11, 11, 'Mavi Zaman altında Yalnızlık', '2025-05-28', 'Pop', 1, 'https://picsum.photos/seed/album11/300/300');
INSERT INTO SONGS (song_id, album_id, title, duration, genre, release_date, song_rank, image) VALUES (11, 11, 'Makina', 206, 'Pop', '2025-05-28', 194, 'https://picsum.photos/seed/album11/300/300');
INSERT INTO ALBUMS (album_id, artist_id, title, release_date, genre, music_number, image) VALUES (12, 12, 'Renkli Aşk sonrası Dünya', '2025-05-28', 'Pop', 1, 'https://picsum.photos/seed/album12/300/300');
INSERT INTO SONGS (song_id, album_id, title, duration, genre, release_date, song_rank, image) VALUES (12, 12, 'Umrumda Değil', 276, 'Pop', '2025-05-28', 408, 'https://picsum.photos/seed/album12/300/300');
INSERT INTO ALBUMS (album_id, artist_id, title, release_date, genre, music_number, image) VALUES (13, 13, 'İz altında Zaman', '2025-05-28', 'Arabesk', 1, 'https://picsum.photos/seed/album13/300/300');
INSERT INTO SONGS (song_id, album_id, title, duration, genre, release_date, song_rank, image) VALUES (13, 13, 'Paparazzi', 209, 'Arabesk', '2025-05-28', 244, 'https://picsum.photos/seed/album13/300/300');
INSERT INTO ALBUMS (album_id, artist_id, title, release_date, genre, music_number, image) VALUES (14, 14, 'Aşk sonrası Hayaller', '2025-05-28', 'Arabesk', 1, 'https://picsum.photos/seed/album14/300/300');
INSERT INTO SONGS (song_id, album_id, title, duration, genre, release_date, song_rank, image) VALUES (14, 14, 'KAN', 230, 'Arabesk', '2025-05-28', 540, 'https://picsum.photos/seed/album14/300/300');
INSERT INTO ALBUMS (album_id, artist_id, title, release_date, genre, music_number, image) VALUES (15, 15, 'Geceler ve Hayaller', '2025-05-28', 'Arabesk', 1, 'https://picsum.photos/seed/album15/300/300');
INSERT INTO SONGS (song_id, album_id, title, duration, genre, release_date, song_rank, image) VALUES (15, 15, 'Nirvana', 205, 'Arabesk', '2025-05-28', 435, 'https://picsum.photos/seed/album15/300/300');
INSERT INTO ALBUMS (album_id, artist_id, title, release_date, genre, music_number, image) VALUES (16, 16, 'Yollar öncesi Yalnızlık', '2025-05-28', 'Arabesk', 1, 'https://picsum.photos/seed/album16/300/300');
INSERT INTO SONGS (song_id, album_id, title, duration, genre, release_date, song_rank, image) VALUES (16, 16, 'KAFALAR', 217, 'Arabesk', '2025-05-28', 447, 'https://picsum.photos/seed/album16/300/300');
INSERT INTO ALBUMS (album_id, artist_id, title, release_date, genre, music_number, image) VALUES (17, 17, 'Ateşli Karanlık ile Yollar', '2025-05-28', 'Arabesk', 1, 'https://picsum.photos/seed/album17/300/300');
INSERT INTO SONGS (song_id, album_id, title, duration, genre, release_date, song_rank, image) VALUES (17, 17, 'Krvn', 222, 'Arabesk', '2025-05-28', 32, 'https://picsum.photos/seed/album17/300/300');
INSERT INTO ALBUMS (album_id, artist_id, title, release_date, genre, music_number, image) VALUES (18, 18, 'Ateşli Zaman', '2025-05-28', 'Rap', 1, 'https://picsum.photos/seed/album18/300/300');
INSERT INTO SONGS (song_id, album_id, title, duration, genre, release_date, song_rank, image) VALUES (18, 18, 'ARASAN DA', 193, 'Rap', '2025-05-28', 216, 'https://picsum.photos/seed/album18/300/300');
INSERT INTO ALBUMS (album_id, artist_id, title, release_date, genre, music_number, image) VALUES (19, 19, 'Mavi Anılar', '2025-05-28', 'Arabesk', 1, 'https://picsum.photos/seed/album19/300/300');
INSERT INTO SONGS (song_id, album_id, title, duration, genre, release_date, song_rank, image) VALUES (19, 19, 'Pardon', 192, 'Arabesk', '2025-05-28', 907, 'https://picsum.photos/seed/album19/300/300');
INSERT INTO ALBUMS (album_id, artist_id, title, release_date, genre, music_number, image) VALUES (20, 20, 'Siyah Aşk öncesi Anılar', '2025-05-28', 'Arabesk', 1, 'https://picsum.photos/seed/album20/300/300');
INSERT INTO SONGS (song_id, album_id, title, duration, genre, release_date, song_rank, image) VALUES (20, 20, 'Sizin Gibi', 299, 'Arabesk', '2025-05-28', 349, 'https://picsum.photos/seed/album20/300/300');
INSERT INTO ALBUMS (album_id, artist_id, title, release_date, genre, music_number, image) VALUES (21, 21, 'Rüzgarlı Zaman ile Sokaklar', '2025-05-28', 'Arabesk', 1, 'https://picsum.photos/seed/album21/300/300');
INSERT INTO SONGS (song_id, album_id, title, duration, genre, release_date, song_rank, image) VALUES (21, 21, 'Suçlarımdan Biri', 190, 'Arabesk', '2025-05-28', 104, 'https://picsum.photos/seed/album21/300/300');
INSERT INTO ALBUMS (album_id, artist_id, title, release_date, genre, music_number, image) VALUES (22, 22, 'Hüzünlü Sokaklar', '2025-05-28', 'Pop', 1, 'https://picsum.photos/seed/album22/300/300');
INSERT INTO SONGS (song_id, album_id, title, duration, genre, release_date, song_rank, image) VALUES (22, 22, 'NKBİ', 269, 'Pop', '2025-05-28', 410, 'https://picsum.photos/seed/album22/300/300');
INSERT INTO ALBUMS (album_id, artist_id, title, release_date, genre, music_number, image) VALUES (23, 23, 'Hüzünlü Hikaye üzerinde Yalnızlık', '2025-05-28', 'Pop', 1, 'https://picsum.photos/seed/album23/300/300');
INSERT INTO SONGS (song_id, album_id, title, duration, genre, release_date, song_rank, image) VALUES (23, 23, 'Yine mi Yol', 214, 'Pop', '2025-05-28', 114, 'https://picsum.photos/seed/album23/300/300');
INSERT INTO ALBUMS (album_id, artist_id, title, release_date, genre, music_number, image) VALUES (24, 24, 'Rüzgarlı Kalpler', '2025-05-28', 'Rap', 1, 'https://picsum.photos/seed/album24/300/300');
INSERT INTO SONGS (song_id, album_id, title, duration, genre, release_date, song_rank, image) VALUES (24, 24, 'Dikenler', 297, 'Rap', '2025-05-28', 708, 'https://picsum.photos/seed/album24/300/300');
INSERT INTO ALBUMS (album_id, artist_id, title, release_date, genre, music_number, image) VALUES (25, 25, 'Yollar karşı Kayıp', '2025-05-28', 'Pop', 1, 'https://picsum.photos/seed/album25/300/300');
INSERT INTO SONGS (song_id, album_id, title, duration, genre, release_date, song_rank, image) VALUES (25, 25, 'Gecemi Al', 268, 'Pop', '2025-05-28', 276, 'https://picsum.photos/seed/album25/300/300');
INSERT INTO ALBUMS (album_id, artist_id, title, release_date, genre, music_number, image) VALUES (26, 26, 'Anılar içinde Aşk', '2025-05-28', 'Arabesk', 1, 'https://picsum.photos/seed/album26/300/300');
INSERT INTO SONGS (song_id, album_id, title, duration, genre, release_date, song_rank, image) VALUES (26, 26, 'Affet', 186, 'Arabesk', '2025-05-28', 914, 'https://picsum.photos/seed/album26/300/300');
INSERT INTO ALBUMS (album_id, artist_id, title, release_date, genre, music_number, image) VALUES (27, 27, 'Karanlık Aşk üzerinde İz', '2025-05-28', 'Rap', 1, 'https://picsum.photos/seed/album27/300/300');
INSERT INTO SONGS (song_id, album_id, title, duration, genre, release_date, song_rank, image) VALUES (27, 27, 'HARAM', 268, 'Rap', '2025-05-28', 597, 'https://picsum.photos/seed/album27/300/300');
INSERT INTO ALBUMS (album_id, artist_id, title, release_date, genre, music_number, image) VALUES (28, 28, 'Renkli Deniz ve Dünya', '2025-05-28', 'Pop', 1, 'https://picsum.photos/seed/album28/300/300');
INSERT INTO SONGS (song_id, album_id, title, duration, genre, release_date, song_rank, image) VALUES (28, 28, 'Mahvettin', 259, 'Pop', '2025-05-28', 428, 'https://picsum.photos/seed/album28/300/300');
INSERT INTO ALBUMS (album_id, artist_id, title, release_date, genre, music_number, image) VALUES (29, 29, 'Anılar ile Gökyüzü', '2025-05-28', 'Rap', 1, 'https://picsum.photos/seed/album29/300/300');
INSERT INTO SONGS (song_id, album_id, title, duration, genre, release_date, song_rank, image) VALUES (29, 29, 'Saklı', 272, 'Rap', '2025-05-28', 707, 'https://picsum.photos/seed/album29/300/300');
INSERT INTO ALBUMS (album_id, artist_id, title, release_date, genre, music_number, image) VALUES (30, 30, 'Soğuk Kelimeler öncesi Yalnızlık', '2025-05-28', 'Pop', 1, 'https://picsum.photos/seed/album30/300/300');
INSERT INTO SONGS (song_id, album_id, title, duration, genre, release_date, song_rank, image) VALUES (30, 30, 'Sana Ne', 184, 'Pop', '2025-05-28', 973, 'https://picsum.photos/seed/album30/300/300');
INSERT INTO ALBUMS (album_id, artist_id, title, release_date, genre, music_number, image) VALUES (31, 31, 'Aşk ile Yollar', '2025-05-28', 'Pop', 1, 'https://picsum.photos/seed/album31/300/300');
INSERT INTO SONGS (song_id, album_id, title, duration, genre, release_date, song_rank, image) VALUES (31, 31, 'Yana Yana', 276, 'Pop', '2025-05-28', 191, 'https://picsum.photos/seed/album31/300/300');
INSERT INTO ALBUMS (album_id, artist_id, title, release_date, genre, music_number, image) VALUES (32, 32, 'Anılar karşı Anılar', '2025-05-28', 'Arabesk', 1, 'https://picsum.photos/seed/album32/300/300');
INSERT INTO SONGS (song_id, album_id, title, duration, genre, release_date, song_rank, image) VALUES (32, 32, 'Pişman', 287, 'Arabesk', '2025-05-28', 123, 'https://picsum.photos/seed/album32/300/300');
INSERT INTO ALBUMS (album_id, artist_id, title, release_date, genre, music_number, image) VALUES (33, 33, 'Gökyüzü karşı Geceler', '2025-05-28', 'Pop', 1, 'https://picsum.photos/seed/album33/300/300');
INSERT INTO SONGS (song_id, album_id, title, duration, genre, release_date, song_rank, image) VALUES (33, 33, 'Sor', 225, 'Pop', '2025-05-28', 313, 'https://picsum.photos/seed/album33/300/300');
INSERT INTO ALBUMS (album_id, artist_id, title, release_date, genre, music_number, image) VALUES (34, 34, 'Kırık Kalpler', '2025-05-28', 'Pop', 1, 'https://picsum.photos/seed/album34/300/300');
INSERT INTO SONGS (song_id, album_id, title, duration, genre, release_date, song_rank, image) VALUES (34, 34, 'Kapalı Kapılar', 218, 'Pop', '2025-05-28', 655, 'https://picsum.photos/seed/album34/300/300');
INSERT INTO ALBUMS (album_id, artist_id, title, release_date, genre, music_number, image) VALUES (35, 35, 'Siyah Zaman sonrası Zaman', '2025-05-28', 'Arabesk', 1, 'https://picsum.photos/seed/album35/300/300');
INSERT INTO SONGS (song_id, album_id, title, duration, genre, release_date, song_rank, image) VALUES (35, 35, 'GÜNAH', 267, 'Arabesk', '2025-05-28', 42, 'https://picsum.photos/seed/album35/300/300');
INSERT INTO ALBUMS (album_id, artist_id, title, release_date, genre, music_number, image) VALUES (36, 36, 'Uzak Anılar', '2025-05-28', 'Arabesk', 1, 'https://picsum.photos/seed/album36/300/300');
INSERT INTO SONGS (song_id, album_id, title, duration, genre, release_date, song_rank, image) VALUES (36, 36, 'Arasan', 227, 'Arabesk', '2025-05-28', 927, 'https://picsum.photos/seed/album36/300/300');
INSERT INTO ALBUMS (album_id, artist_id, title, release_date, genre, music_number, image) VALUES (37, 37, 'Mavi Aşk', '2025-05-28', 'Rap', 1, 'https://picsum.photos/seed/album37/300/300');
INSERT INTO SONGS (song_id, album_id, title, duration, genre, release_date, song_rank, image) VALUES (37, 37, 'Pardon', 267, 'Rap', '2025-05-28', 86, 'https://picsum.photos/seed/album37/300/300');
INSERT INTO ALBUMS (album_id, artist_id, title, release_date, genre, music_number, image) VALUES (38, 38, 'Beyaz Karanlık karşı Gözler', '2025-05-28', 'Rap', 1, 'https://picsum.photos/seed/album38/300/300');
INSERT INTO SONGS (song_id, album_id, title, duration, genre, release_date, song_rank, image) VALUES (38, 38, 'Bekleme', 283, 'Rap', '2025-05-28', 988, 'https://picsum.photos/seed/album38/300/300');
INSERT INTO ALBUMS (album_id, artist_id, title, release_date, genre, music_number, image) VALUES (39, 39, 'Dalgasız Kelimeler içinde Dünya', '2025-05-28', 'Arabesk', 1, 'https://picsum.photos/seed/album39/300/300');
INSERT INTO SONGS (song_id, album_id, title, duration, genre, release_date, song_rank, image) VALUES (39, 39, 'Çukur', 233, 'Arabesk', '2025-05-28', 997, 'https://picsum.photos/seed/album39/300/300');
INSERT INTO ALBUMS (album_id, artist_id, title, release_date, genre, music_number, image) VALUES (40, 40, 'Uzak Geceler altında Hayaller', '2025-05-28', 'Pop', 1, 'https://picsum.photos/seed/album40/300/300');
INSERT INTO SONGS (song_id, album_id, title, duration, genre, release_date, song_rank, image) VALUES (40, 40, 'Outro', 296, 'Pop', '2025-05-28', 171, 'https://picsum.photos/seed/album40/300/300');
INSERT INTO ALBUMS (album_id, artist_id, title, release_date, genre, music_number, image) VALUES (41, 41, 'Anılar içinde Düşler', '2025-05-28', 'Rap', 1, 'https://picsum.photos/seed/album41/300/300');
INSERT INTO SONGS (song_id, album_id, title, duration, genre, release_date, song_rank, image) VALUES (41, 41, 'Perros Blancos', 227, 'Rap', '2025-05-28', 447, 'https://picsum.photos/seed/album41/300/300');
INSERT INTO ALBUMS (album_id, artist_id, title, release_date, genre, music_number, image) VALUES (42, 42, 'Kelimeler altında Sokaklar', '2025-05-28', 'Arabesk', 1, 'https://picsum.photos/seed/album42/300/300');
INSERT INTO SONGS (song_id, album_id, title, duration, genre, release_date, song_rank, image) VALUES (42, 42, 'Flex', 276, 'Arabesk', '2025-05-28', 252, 'https://picsum.photos/seed/album42/300/300');
INSERT INTO ALBUMS (album_id, artist_id, title, release_date, genre, music_number, image) VALUES (43, 43, 'Sessiz Kayıp', '2025-05-28', 'Pop', 1, 'https://picsum.photos/seed/album43/300/300');
INSERT INTO SONGS (song_id, album_id, title, duration, genre, release_date, song_rank, image) VALUES (43, 43, 'Dön Bebeğim', 205, 'Pop', '2025-05-28', 590, 'https://picsum.photos/seed/album43/300/300');
INSERT INTO ALBUMS (album_id, artist_id, title, release_date, genre, music_number, image) VALUES (44, 44, 'Derin Kalpler', '2025-05-28', 'Rap', 1, 'https://picsum.photos/seed/album44/300/300');
INSERT INTO SONGS (song_id, album_id, title, duration, genre, release_date, song_rank, image) VALUES (44, 44, 'Yana Yana', 258, 'Rap', '2025-05-28', 777, 'https://picsum.photos/seed/album44/300/300');
INSERT INTO ALBUMS (album_id, artist_id, title, release_date, genre, music_number, image) VALUES (45, 45, 'Sokaklar gibi Sokaklar', '2025-05-28', 'Pop', 1, 'https://picsum.photos/seed/album45/300/300');
INSERT INTO SONGS (song_id, album_id, title, duration, genre, release_date, song_rank, image) VALUES (45, 45, 'Geri Dön', 193, 'Pop', '2025-05-28', 80, 'https://picsum.photos/seed/album45/300/300');
INSERT INTO ALBUMS (album_id, artist_id, title, release_date, genre, music_number, image) VALUES (46, 46, 'Hüzünlü Geceler', '2025-05-28', 'Arabesk', 1, 'https://picsum.photos/seed/album46/300/300');
INSERT INTO SONGS (song_id, album_id, title, duration, genre, release_date, song_rank, image) VALUES (46, 46, 'Nerdesin', 235, 'Arabesk', '2025-05-28', 231, 'https://picsum.photos/seed/album46/300/300');
INSERT INTO ALBUMS (album_id, artist_id, title, release_date, genre, music_number, image) VALUES (47, 47, 'Hikaye içinde Zaman', '2025-05-28', 'Arabesk', 1, 'https://picsum.photos/seed/album47/300/300');
INSERT INTO SONGS (song_id, album_id, title, duration, genre, release_date, song_rank, image) VALUES (47, 47, 'Pişman', 286, 'Arabesk', '2025-05-28', 3, 'https://picsum.photos/seed/album47/300/300');
INSERT INTO ALBUMS (album_id, artist_id, title, release_date, genre, music_number, image) VALUES (48, 48, 'Deniz ile Deniz', '2025-05-28', 'Rap', 1, 'https://picsum.photos/seed/album48/300/300');
INSERT INTO SONGS (song_id, album_id, title, duration, genre, release_date, song_rank, image) VALUES (48, 48, 'Yaşanacaksa', 251, 'Rap', '2025-05-28', 803, 'https://picsum.photos/seed/album48/300/300');
INSERT INTO ALBUMS (album_id, artist_id, title, release_date, genre, music_number, image) VALUES (49, 49, 'Hikaye altında Zaman', '2025-05-28', 'Pop', 1, 'https://picsum.photos/seed/album49/300/300');
INSERT INTO SONGS (song_id, album_id, title, duration, genre, release_date, song_rank, image) VALUES (49, 49, 'Sor', 182, 'Pop', '2025-05-28', 353, 'https://picsum.photos/seed/album49/300/300');
INSERT INTO ALBUMS (album_id, artist_id, title, release_date, genre, music_number, image) VALUES (50, 50, 'Renkli Düşler', '2025-05-28', 'Rap', 1, 'https://picsum.photos/seed/album50/300/300');
INSERT INTO SONGS (song_id, album_id, title, duration, genre, release_date, song_rank, image) VALUES (50, 50, 'Susamam', 181, 'Rap', '2025-05-28', 717, 'https://picsum.photos/seed/album50/300/300');
INSERT INTO ALBUMS (album_id, artist_id, title, release_date, genre, music_number, image) VALUES (51, 51, 'Mavi Yalnızlık gibi Aşk', '2025-05-28', 'Arabesk', 1, 'https://picsum.photos/seed/album51/300/300');
INSERT INTO SONGS (song_id, album_id, title, duration, genre, release_date, song_rank, image) VALUES (51, 51, 'Düşer Aklıma', 199, 'Arabesk', '2025-05-28', 282, 'https://picsum.photos/seed/album51/300/300');
INSERT INTO ALBUMS (album_id, artist_id, title, release_date, genre, music_number, image) VALUES (52, 52, 'Yalnız Rüyalar', '2025-05-28', 'Arabesk', 1, 'https://picsum.photos/seed/album52/300/300');
INSERT INTO SONGS (song_id, album_id, title, duration, genre, release_date, song_rank, image) VALUES (52, 52, 'Karma', 252, 'Arabesk', '2025-05-28', 475, 'https://picsum.photos/seed/album52/300/300');
INSERT INTO ALBUMS (album_id, artist_id, title, release_date, genre, music_number, image) VALUES (53, 53, 'Uzak Aşk', '2025-05-28', 'Rap', 1, 'https://picsum.photos/seed/album53/300/300');
INSERT INTO SONGS (song_id, album_id, title, duration, genre, release_date, song_rank, image) VALUES (53, 53, 'Sar Başa', 235, 'Rap', '2025-05-28', 516, 'https://picsum.photos/seed/album53/300/300');
INSERT INTO ALBUMS (album_id, artist_id, title, release_date, genre, music_number, image) VALUES (54, 54, 'Geceler karşı Aşk', '2025-05-28', 'Pop', 1, 'https://picsum.photos/seed/album54/300/300');
INSERT INTO SONGS (song_id, album_id, title, duration, genre, release_date, song_rank, image) VALUES (54, 54, 'Yanlış', 284, 'Pop', '2025-05-28', 652, 'https://picsum.photos/seed/album54/300/300');
INSERT INTO ALBUMS (album_id, artist_id, title, release_date, genre, music_number, image) VALUES (55, 55, 'Dalgasız Kayıp üzerinde Anılar', '2025-05-28', 'Rap', 1, 'https://picsum.photos/seed/album55/300/300');
INSERT INTO SONGS (song_id, album_id, title, duration, genre, release_date, song_rank, image) VALUES (55, 55, 'Kör Kuyular', 252, 'Rap', '2025-05-28', 987, 'https://picsum.photos/seed/album55/300/300');
INSERT INTO ALBUMS (album_id, artist_id, title, release_date, genre, music_number, image) VALUES (56, 56, 'Deniz ve Anılar', '2025-05-28', 'Arabesk', 1, 'https://picsum.photos/seed/album56/300/300');
INSERT INTO SONGS (song_id, album_id, title, duration, genre, release_date, song_rank, image) VALUES (56, 56, 'Gece', 221, 'Arabesk', '2025-05-28', 303, 'https://picsum.photos/seed/album56/300/300');
INSERT INTO ALBUMS (album_id, artist_id, title, release_date, genre, music_number, image) VALUES (57, 57, 'Yalnız Karanlık üzerinde Rüyalar', '2025-05-28', 'Pop', 1, 'https://picsum.photos/seed/album57/300/300');
INSERT INTO SONGS (song_id, album_id, title, duration, genre, release_date, song_rank, image) VALUES (57, 57, 'Beni Duymaz', 258, 'Pop', '2025-05-28', 939, 'https://picsum.photos/seed/album57/300/300');
INSERT INTO ALBUMS (album_id, artist_id, title, release_date, genre, music_number, image) VALUES (58, 58, 'Sessiz Deniz sonrası Karanlık', '2025-05-28', 'Arabesk', 1, 'https://picsum.photos/seed/album58/300/300');
INSERT INTO SONGS (song_id, album_id, title, duration, genre, release_date, song_rank, image) VALUES (58, 58, 'Zehir', 225, 'Arabesk', '2025-05-28', 638, 'https://picsum.photos/seed/album58/300/300');
INSERT INTO ALBUMS (album_id, artist_id, title, release_date, genre, music_number, image) VALUES (59, 59, 'Hayaller ile Sokaklar', '2025-05-28', 'Arabesk', 1, 'https://picsum.photos/seed/album59/300/300');
INSERT INTO SONGS (song_id, album_id, title, duration, genre, release_date, song_rank, image) VALUES (59, 59, 'Gitme', 212, 'Arabesk', '2025-05-28', 141, 'https://picsum.photos/seed/album59/300/300');
INSERT INTO ALBUMS (album_id, artist_id, title, release_date, genre, music_number, image) VALUES (60, 60, 'Uzak Kalpler', '2025-05-28', 'Pop', 1, 'https://picsum.photos/seed/album60/300/300');
INSERT INTO SONGS (song_id, album_id, title, duration, genre, release_date, song_rank, image) VALUES (60, 60, 'Susamam', 262, 'Pop', '2025-05-28', 966, 'https://picsum.photos/seed/album60/300/300');
INSERT INTO ALBUMS (album_id, artist_id, title, release_date, genre, music_number, image) VALUES (61, 61, 'Tozlu Hikaye', '2025-05-28', 'Arabesk', 1, 'https://picsum.photos/seed/album61/300/300');
INSERT INTO SONGS (song_id, album_id, title, duration, genre, release_date, song_rank, image) VALUES (61, 61, 'Yok', 190, 'Arabesk', '2025-05-28', 723, 'https://picsum.photos/seed/album61/300/300');
INSERT INTO ALBUMS (album_id, artist_id, title, release_date, genre, music_number, image) VALUES (62, 62, 'Rüyalar sonrası Dünya', '2025-05-28', 'Rap', 1, 'https://picsum.photos/seed/album62/300/300');
INSERT INTO SONGS (song_id, album_id, title, duration, genre, release_date, song_rank, image) VALUES (62, 62, 'Dön', 193, 'Rap', '2025-05-28', 903, 'https://picsum.photos/seed/album62/300/300');
INSERT INTO ALBUMS (album_id, artist_id, title, release_date, genre, music_number, image) VALUES (63, 63, 'Hüzünlü Gökyüzü', '2025-05-28', 'Rap', 1, 'https://picsum.photos/seed/album63/300/300');
INSERT INTO SONGS (song_id, album_id, title, duration, genre, release_date, song_rank, image) VALUES (63, 63, 'Gitme', 195, 'Rap', '2025-05-28', 91, 'https://picsum.photos/seed/album63/300/300');
INSERT INTO ALBUMS (album_id, artist_id, title, release_date, genre, music_number, image) VALUES (64, 64, 'Mavi Kayıp altında Hayaller', '2025-05-28', 'Arabesk', 1, 'https://picsum.photos/seed/album64/300/300');
INSERT INTO SONGS (song_id, album_id, title, duration, genre, release_date, song_rank, image) VALUES (64, 64, 'Sarhoş', 272, 'Arabesk', '2025-05-28', 37, 'https://picsum.photos/seed/album64/300/300');
INSERT INTO ALBUMS (album_id, artist_id, title, release_date, genre, music_number, image) VALUES (65, 65, 'Ateşli Geceler altında Sokaklar', '2025-05-28', 'Pop', 1, 'https://picsum.photos/seed/album65/300/300');
INSERT INTO SONGS (song_id, album_id, title, duration, genre, release_date, song_rank, image) VALUES (65, 65, 'Kara Sevda', 188, 'Pop', '2025-05-28', 589, 'https://picsum.photos/seed/album65/300/300');
INSERT INTO ALBUMS (album_id, artist_id, title, release_date, genre, music_number, image) VALUES (66, 66, 'Yorgun Gözler', '2025-05-28', 'Arabesk', 1, 'https://picsum.photos/seed/album66/300/300');
INSERT INTO SONGS (song_id, album_id, title, duration, genre, release_date, song_rank, image) VALUES (66, 66, 'Affet', 184, 'Arabesk', '2025-05-28', 502, 'https://picsum.photos/seed/album66/300/300');
INSERT INTO ALBUMS (album_id, artist_id, title, release_date, genre, music_number, image) VALUES (67, 67, 'Ateşli Kayıp', '2025-05-28', 'Pop', 1, 'https://picsum.photos/seed/album67/300/300');
INSERT INTO SONGS (song_id, album_id, title, duration, genre, release_date, song_rank, image) VALUES (67, 67, 'Yan', 235, 'Pop', '2025-05-28', 820, 'https://picsum.photos/seed/album67/300/300');
INSERT INTO ALBUMS (album_id, artist_id, title, release_date, genre, music_number, image) VALUES (68, 68, 'Geceler ile Gözler', '2025-05-28', 'Pop', 1, 'https://picsum.photos/seed/album68/300/300');
INSERT INTO SONGS (song_id, album_id, title, duration, genre, release_date, song_rank, image) VALUES (68, 68, 'Pişman', 300, 'Pop', '2025-05-28', 419, 'https://picsum.photos/seed/album68/300/300');
INSERT INTO ALBUMS (album_id, artist_id, title, release_date, genre, music_number, image) VALUES (69, 69, 'Mavi Hayaller altında Yalnızlık', '2025-05-28', 'Rap', 1, 'https://picsum.photos/seed/album69/300/300');
INSERT INTO SONGS (song_id, album_id, title, duration, genre, release_date, song_rank, image) VALUES (69, 69, 'Yana Yana', 287, 'Rap', '2025-05-28', 808, 'https://picsum.photos/seed/album69/300/300');
INSERT INTO ALBUMS (album_id, artist_id, title, release_date, genre, music_number, image) VALUES (70, 70, 'Anılar karşı Hikaye', '2025-05-28', 'Pop', 1, 'https://picsum.photos/seed/album70/300/300');
INSERT INTO SONGS (song_id, album_id, title, duration, genre, release_date, song_rank, image) VALUES (70, 70, 'Bilemem', 207, 'Pop', '2025-05-28', 889, 'https://picsum.photos/seed/album70/300/300');
INSERT INTO ALBUMS (album_id, artist_id, title, release_date, genre, music_number, image) VALUES (71, 71, 'Gözler üzerinde Karanlık', '2025-05-28', 'Pop', 1, 'https://picsum.photos/seed/album71/300/300');
INSERT INTO SONGS (song_id, album_id, title, duration, genre, release_date, song_rank, image) VALUES (71, 71, 'Çukur', 235, 'Pop', '2025-05-28', 708, 'https://picsum.photos/seed/album71/300/300');
INSERT INTO ALBUMS (album_id, artist_id, title, release_date, genre, music_number, image) VALUES (72, 72, 'Dünya ve İz', '2025-05-28', 'Rap', 1, 'https://picsum.photos/seed/album72/300/300');
INSERT INTO SONGS (song_id, album_id, title, duration, genre, release_date, song_rank, image) VALUES (72, 72, 'Sor', 251, 'Rap', '2025-05-28', 438, 'https://picsum.photos/seed/album72/300/300');
INSERT INTO ALBUMS (album_id, artist_id, title, release_date, genre, music_number, image) VALUES (73, 73, 'Yalnız Gözler', '2025-05-28', 'Rap', 1, 'https://picsum.photos/seed/album73/300/300');
INSERT INTO SONGS (song_id, album_id, title, duration, genre, release_date, song_rank, image) VALUES (73, 73, 'Affet', 289, 'Rap', '2025-05-28', 872, 'https://picsum.photos/seed/album73/300/300');
INSERT INTO ALBUMS (album_id, artist_id, title, release_date, genre, music_number, image) VALUES (74, 74, 'Siyah Dünya', '2025-05-28', 'Pop', 1, 'https://picsum.photos/seed/album74/300/300');
INSERT INTO SONGS (song_id, album_id, title, duration, genre, release_date, song_rank, image) VALUES (74, 74, 'Gelme', 257, 'Pop', '2025-05-28', 945, 'https://picsum.photos/seed/album74/300/300');
INSERT INTO ALBUMS (album_id, artist_id, title, release_date, genre, music_number, image) VALUES (75, 75, 'Gözler karşı Kalpler', '2025-05-28', 'Arabesk', 1, 'https://picsum.photos/seed/album75/300/300');
INSERT INTO SONGS (song_id, album_id, title, duration, genre, release_date, song_rank, image) VALUES (75, 75, 'Geri Dön', 278, 'Arabesk', '2025-05-28', 724, 'https://picsum.photos/seed/album75/300/300');
INSERT INTO ALBUMS (album_id, artist_id, title, release_date, genre, music_number, image) VALUES (76, 76, 'Beyaz Kelimeler', '2025-05-28', 'Rap', 1, 'https://picsum.photos/seed/album76/300/300');
INSERT INTO SONGS (song_id, album_id, title, duration, genre, release_date, song_rank, image) VALUES (76, 76, 'Sonsuz', 233, 'Rap', '2025-05-28', 737, 'https://picsum.photos/seed/album76/300/300');
INSERT INTO ALBUMS (album_id, artist_id, title, release_date, genre, music_number, image) VALUES (77, 77, 'Karanlık içinde Dünya', '2025-05-28', 'Arabesk', 1, 'https://picsum.photos/seed/album77/300/300');
INSERT INTO SONGS (song_id, album_id, title, duration, genre, release_date, song_rank, image) VALUES (77, 77, 'Kayıp', 269, 'Arabesk', '2025-05-28', 504, 'https://picsum.photos/seed/album77/300/300');
INSERT INTO ALBUMS (album_id, artist_id, title, release_date, genre, music_number, image) VALUES (78, 78, 'Aşk ve Düşler', '2025-05-28', 'Rap', 1, 'https://picsum.photos/seed/album78/300/300');
INSERT INTO SONGS (song_id, album_id, title, duration, genre, release_date, song_rank, image) VALUES (78, 78, 'Yanlış', 220, 'Rap', '2025-05-28', 349, 'https://picsum.photos/seed/album78/300/300');
INSERT INTO ALBUMS (album_id, artist_id, title, release_date, genre, music_number, image) VALUES (79, 79, 'Soğuk Kalpler', '2025-05-28', 'Arabesk', 1, 'https://picsum.photos/seed/album79/300/300');
INSERT INTO SONGS (song_id, album_id, title, duration, genre, release_date, song_rank, image) VALUES (79, 79, 'Bekleme', 212, 'Arabesk', '2025-05-28', 704, 'https://picsum.photos/seed/album79/300/300');
INSERT INTO ALBUMS (album_id, artist_id, title, release_date, genre, music_number, image) VALUES (80, 80, 'Kıyamet Kelimeler sonrası Yollar', '2025-05-28', 'Arabesk', 1, 'https://picsum.photos/seed/album80/300/300');
INSERT INTO SONGS (song_id, album_id, title, duration, genre, release_date, song_rank, image) VALUES (80, 80, 'Mahkum', 199, 'Arabesk', '2025-05-28', 745, 'https://picsum.photos/seed/album80/300/300');
INSERT INTO ALBUMS (album_id, artist_id, title, release_date, genre, music_number, image) VALUES (81, 81, 'Ateşli Kayıp gibi Deniz', '2025-05-28', 'Pop', 1, 'https://picsum.photos/seed/album81/300/300');
INSERT INTO SONGS (song_id, album_id, title, duration, genre, release_date, song_rank, image) VALUES (81, 81, 'Manifest', 247, 'Pop', '2025-05-28', 70, 'https://picsum.photos/seed/album81/300/300');
INSERT INTO ALBUMS (album_id, artist_id, title, release_date, genre, music_number, image) VALUES (82, 82, 'Zaman gibi İz', '2025-05-28', 'Pop', 1, 'https://picsum.photos/seed/album82/300/300');
INSERT INTO SONGS (song_id, album_id, title, duration, genre, release_date, song_rank, image) VALUES (82, 82, 'Gece', 287, 'Pop', '2025-05-28', 604, 'https://picsum.photos/seed/album82/300/300');
INSERT INTO ALBUMS (album_id, artist_id, title, release_date, genre, music_number, image) VALUES (83, 83, 'Geceler altında Zaman', '2025-05-28', 'Arabesk', 1, 'https://picsum.photos/seed/album83/300/300');
INSERT INTO SONGS (song_id, album_id, title, duration, genre, release_date, song_rank, image) VALUES (83, 83, 'Susamam', 254, 'Arabesk', '2025-05-28', 230, 'https://picsum.photos/seed/album83/300/300');
INSERT INTO ALBUMS (album_id, artist_id, title, release_date, genre, music_number, image) VALUES (84, 84, 'Renkli Geceler ve Kalpler', '2025-05-28', 'Arabesk', 1, 'https://picsum.photos/seed/album84/300/300');
INSERT INTO SONGS (song_id, album_id, title, duration, genre, release_date, song_rank, image) VALUES (84, 84, 'Karma', 193, 'Arabesk', '2025-05-28', 224, 'https://picsum.photos/seed/album84/300/300');
INSERT INTO ALBUMS (album_id, artist_id, title, release_date, genre, music_number, image) VALUES (85, 85, 'Zaman gibi Yalnızlık', '2025-05-28', 'Arabesk', 1, 'https://picsum.photos/seed/album85/300/300');
INSERT INTO SONGS (song_id, album_id, title, duration, genre, release_date, song_rank, image) VALUES (85, 85, 'Yana Yana', 295, 'Arabesk', '2025-05-28', 378, 'https://picsum.photos/seed/album85/300/300');
INSERT INTO ALBUMS (album_id, artist_id, title, release_date, genre, music_number, image) VALUES (86, 86, 'Soğuk Hayaller', '2025-05-28', 'Arabesk', 1, 'https://picsum.photos/seed/album86/300/300');
INSERT INTO SONGS (song_id, album_id, title, duration, genre, release_date, song_rank, image) VALUES (86, 86, 'Pişman', 184, 'Arabesk', '2025-05-28', 126, 'https://picsum.photos/seed/album86/300/300');
INSERT INTO ALBUMS (album_id, artist_id, title, release_date, genre, music_number, image) VALUES (87, 87, 'Rüyalar öncesi Anılar', '2025-05-28', 'Pop', 1, 'https://picsum.photos/seed/album87/300/300');
INSERT INTO SONGS (song_id, album_id, title, duration, genre, release_date, song_rank, image) VALUES (87, 87, 'Sor', 209, 'Pop', '2025-05-28', 892, 'https://picsum.photos/seed/album87/300/300');
INSERT INTO ALBUMS (album_id, artist_id, title, release_date, genre, music_number, image) VALUES (88, 88, 'Yorgun Anılar altında Zaman', '2025-05-28', 'Pop', 1, 'https://picsum.photos/seed/album88/300/300');
INSERT INTO SONGS (song_id, album_id, title, duration, genre, release_date, song_rank, image) VALUES (88, 88, 'Bekleme', 268, 'Pop', '2025-05-28', 712, 'https://picsum.photos/seed/album88/300/300');
INSERT INTO ALBUMS (album_id, artist_id, title, release_date, genre, music_number, image) VALUES (89, 89, 'Hüzünlü Gözler öncesi İz', '2025-05-28', 'Pop', 1, 'https://picsum.photos/seed/album89/300/300');
INSERT INTO SONGS (song_id, album_id, title, duration, genre, release_date, song_rank, image) VALUES (89, 89, 'Geri Dön', 207, 'Pop', '2025-05-28', 634, 'https://picsum.photos/seed/album89/300/300');
INSERT INTO ALBUMS (album_id, artist_id, title, release_date, genre, music_number, image) VALUES (90, 90, 'Siyah Sokaklar öncesi Gökyüzü', '2025-05-28', 'Pop', 1, 'https://picsum.photos/seed/album90/300/300');
INSERT INTO SONGS (song_id, album_id, title, duration, genre, release_date, song_rank, image) VALUES (90, 90, 'Mahkum', 201, 'Pop', '2025-05-28', 370, 'https://picsum.photos/seed/album90/300/300');
INSERT INTO ALBUMS (album_id, artist_id, title, release_date, genre, music_number, image) VALUES (91, 91, 'Dalgasız Gökyüzü altında Rüyalar', '2025-05-28', 'Arabesk', 1, 'https://picsum.photos/seed/album91/300/300');
INSERT INTO SONGS (song_id, album_id, title, duration, genre, release_date, song_rank, image) VALUES (91, 91, 'Gözlerim', 198, 'Arabesk', '2025-05-28', 685, 'https://picsum.photos/seed/album91/300/300');
INSERT INTO ALBUMS (album_id, artist_id, title, release_date, genre, music_number, image) VALUES (92, 92, 'Kelimeler karşı İz', '2025-05-28', 'Arabesk', 1, 'https://picsum.photos/seed/album92/300/300');
INSERT INTO SONGS (song_id, album_id, title, duration, genre, release_date, song_rank, image) VALUES (92, 92, 'Affet', 280, 'Arabesk', '2025-05-28', 544, 'https://picsum.photos/seed/album92/300/300');
INSERT INTO ALBUMS (album_id, artist_id, title, release_date, genre, music_number, image) VALUES (93, 93, 'Düşler ve Rüyalar', '2025-05-28', 'Pop', 1, 'https://picsum.photos/seed/album93/300/300');
INSERT INTO SONGS (song_id, album_id, title, duration, genre, release_date, song_rank, image) VALUES (93, 93, 'Pişman', 256, 'Pop', '2025-05-28', 374, 'https://picsum.photos/seed/album93/300/300');
INSERT INTO ALBUMS (album_id, artist_id, title, release_date, genre, music_number, image) VALUES (94, 94, 'Siyah Kalpler', '2025-05-28', 'Arabesk', 1, 'https://picsum.photos/seed/album94/300/300');
INSERT INTO SONGS (song_id, album_id, title, duration, genre, release_date, song_rank, image) VALUES (94, 94, 'Sor', 234, 'Arabesk', '2025-05-28', 502, 'https://picsum.photos/seed/album94/300/300');
INSERT INTO ALBUMS (album_id, artist_id, title, release_date, genre, music_number, image) VALUES (95, 95, 'Ateşli Karanlık sonrası Kelimeler', '2025-05-28', 'Rap', 1, 'https://picsum.photos/seed/album95/300/300');
INSERT INTO SONGS (song_id, album_id, title, duration, genre, release_date, song_rank, image) VALUES (95, 95, 'Bekleme', 221, 'Rap', '2025-05-28', 501, 'https://picsum.photos/seed/album95/300/300');
INSERT INTO ALBUMS (album_id, artist_id, title, release_date, genre, music_number, image) VALUES (96, 96, 'Gökyüzü içinde Düşler', '2025-05-28', 'Rap', 1, 'https://picsum.photos/seed/album96/300/300');
INSERT INTO SONGS (song_id, album_id, title, duration, genre, release_date, song_rank, image) VALUES (96, 96, 'Gece', 235, 'Rap', '2025-05-28', 694, 'https://picsum.photos/seed/album96/300/300');
INSERT INTO ALBUMS (album_id, artist_id, title, release_date, genre, music_number, image) VALUES (97, 97, 'Derin Rüyalar gibi Geceler', '2025-05-28', 'Rap', 1, 'https://picsum.photos/seed/album97/300/300');
INSERT INTO SONGS (song_id, album_id, title, duration, genre, release_date, song_rank, image) VALUES (97, 97, 'Yana Yana', 266, 'Rap', '2025-05-28', 685, 'https://picsum.photos/seed/album97/300/300');
INSERT INTO ALBUMS (album_id, artist_id, title, release_date, genre, music_number, image) VALUES (98, 98, 'Rüzgarlı Kelimeler gibi Deniz', '2025-05-28', 'Arabesk', 1, 'https://picsum.photos/seed/album98/300/300');
INSERT INTO SONGS (song_id, album_id, title, duration, genre, release_date, song_rank, image) VALUES (98, 98, 'Karma', 299, 'Arabesk', '2025-05-28', 796, 'https://picsum.photos/seed/album98/300/300');
INSERT INTO ALBUMS (album_id, artist_id, title, release_date, genre, music_number, image) VALUES (99, 99, 'Hikaye gibi Gökyüzü', '2025-05-28', 'Rap', 1, 'https://picsum.photos/seed/album99/300/300');
INSERT INTO SONGS (song_id, album_id, title, duration, genre, release_date, song_rank, image) VALUES (99, 99, 'Susamam', 289, 'Rap', '2025-05-28', 60, 'https://picsum.photos/seed/album99/300/300');
INSERT INTO ALBUMS (album_id, artist_id, title, release_date, genre, music_number, image) VALUES (100, 100, 'Gökyüzü gibi Rüyalar', '2025-05-28', 'Rap', 1, 'https://picsum.photos/seed/album100/300/300');
INSERT INTO SONGS (song_id, album_id, title, duration, genre, release_date, song_rank, image) VALUES (100, 100, 'Dön', 249, 'Rap', '2025-05-28', 966, 'https://picsum.photos/seed/album100/300/300');
INSERT INTO ALBUMS (album_id, artist_id, title, release_date, genre, music_number, image) VALUES (101, 17, 'Tozlu Geceler', '2025-05-28', 'Pop', 6, 'https://picsum.photos/seed/album101/300/300');
INSERT INTO ALBUMS (album_id, artist_id, title, release_date, genre, music_number, image) VALUES (102, 7, 'Siyah Geceler', '2025-05-28', 'Rap', 11, 'https://picsum.photos/seed/album102/300/300');
INSERT INTO ALBUMS (album_id, artist_id, title, release_date, genre, music_number, image) VALUES (103, 34, 'Gökyüzü gibi Düşler', '2025-05-28', 'Rap', 15, 'https://picsum.photos/seed/album103/300/300');
INSERT INTO ALBUMS (album_id, artist_id, title, release_date, genre, music_number, image) VALUES (104, 76, 'Renkli Dünya altında Gökyüzü', '2025-05-28', 'Pop', 8, 'https://picsum.photos/seed/album104/300/300');
INSERT INTO ALBUMS (album_id, artist_id, title, release_date, genre, music_number, image) VALUES (105, 99, 'Beyaz Kelimeler ve Yalnızlık', '2025-05-28', 'Rap', 12, 'https://picsum.photos/seed/album105/300/300');
INSERT INTO ALBUMS (album_id, artist_id, title, release_date, genre, music_number, image) VALUES (106, 71, 'Uzak Kalpler altında Yalnızlık', '2025-05-28', 'Pop', 13, 'https://picsum.photos/seed/album106/300/300');
INSERT INTO ALBUMS (album_id, artist_id, title, release_date, genre, music_number, image) VALUES (107, 77, 'Karanlık Gözler', '2025-05-28', 'Rap', 15, 'https://picsum.photos/seed/album107/300/300');
INSERT INTO ALBUMS (album_id, artist_id, title, release_date, genre, music_number, image) VALUES (108, 21, 'Rüyalar içinde Zaman', '2025-05-28', 'Pop', 15, 'https://picsum.photos/seed/album108/300/300');
INSERT INTO ALBUMS (album_id, artist_id, title, release_date, genre, music_number, image) VALUES (109, 53, 'Mavi Sokaklar sonrası Deniz', '2025-05-28', 'Arabesk', 11, 'https://picsum.photos/seed/album109/300/300');
INSERT INTO ALBUMS (album_id, artist_id, title, release_date, genre, music_number, image) VALUES (110, 88, 'Karanlık Düşler sonrası Anılar', '2025-05-28', 'Pop', 12, 'https://picsum.photos/seed/album110/300/300');
INSERT INTO ALBUMS (album_id, artist_id, title, release_date, genre, music_number, image) VALUES (111, 31, 'Aşk üzerinde Gözler', '2025-05-28', 'Pop', 10, 'https://picsum.photos/seed/album111/300/300');
INSERT INTO ALBUMS (album_id, artist_id, title, release_date, genre, music_number, image) VALUES (112, 48, 'Hayaller ve Zaman', '2025-05-28', 'Rap', 7, 'https://picsum.photos/seed/album112/300/300');
INSERT INTO ALBUMS (album_id, artist_id, title, release_date, genre, music_number, image) VALUES (113, 90, 'Kırık İz altında Hikaye', '2025-05-28', 'Rap', 11, 'https://picsum.photos/seed/album113/300/300');
INSERT INTO ALBUMS (album_id, artist_id, title, release_date, genre, music_number, image) VALUES (114, 82, 'Yalnız Yollar ile Gökyüzü', '2025-05-28', 'Rap', 9, 'https://picsum.photos/seed/album114/300/300');
INSERT INTO ALBUMS (album_id, artist_id, title, release_date, genre, music_number, image) VALUES (115, 47, 'Deniz üzerinde Kayıp', '2025-05-28', 'Pop', 10, 'https://picsum.photos/seed/album115/300/300');
INSERT INTO ALBUMS (album_id, artist_id, title, release_date, genre, music_number, image) VALUES (116, 11, 'Soğuk Kalpler üzerinde Rüyalar', '2025-05-28', 'Pop', 12, 'https://picsum.photos/seed/album116/300/300');
INSERT INTO ALBUMS (album_id, artist_id, title, release_date, genre, music_number, image) VALUES (117, 47, 'Sokaklar karşı Anılar', '2025-05-28', 'Arabesk', 13, 'https://picsum.photos/seed/album117/300/300');
INSERT INTO ALBUMS (album_id, artist_id, title, release_date, genre, music_number, image) VALUES (118, 64, 'Rüyalar ve Yalnızlık', '2025-05-28', 'Rap', 9, 'https://picsum.photos/seed/album118/300/300');
INSERT INTO ALBUMS (album_id, artist_id, title, release_date, genre, music_number, image) VALUES (119, 29, 'Kelimeler içinde Hikaye', '2025-05-28', 'Rap', 7, 'https://picsum.photos/seed/album119/300/300');
INSERT INTO ALBUMS (album_id, artist_id, title, release_date, genre, music_number, image) VALUES (120, 98, 'Rüyalar ve Kelimeler', '2025-05-28', 'Arabesk', 5, 'https://picsum.photos/seed/album120/300/300');
INSERT INTO ALBUMS (album_id, artist_id, title, release_date, genre, music_number, image) VALUES (121, 8, 'Rüyalar karşı Yollar', '2025-05-28', 'Rap', 14, 'https://picsum.photos/seed/album121/300/300');
INSERT INTO ALBUMS (album_id, artist_id, title, release_date, genre, music_number, image) VALUES (122, 9, 'Kıyamet Hikaye', '2025-05-28', 'Rap', 13, 'https://picsum.photos/seed/album122/300/300');
INSERT INTO ALBUMS (album_id, artist_id, title, release_date, genre, music_number, image) VALUES (123, 27, 'Hikaye üzerinde Hikaye', '2025-05-28', 'Rap', 5, 'https://picsum.photos/seed/album123/300/300');
INSERT INTO ALBUMS (album_id, artist_id, title, release_date, genre, music_number, image) VALUES (124, 43, 'Sokaklar öncesi Yalnızlık', '2025-05-28', 'Arabesk', 10, 'https://picsum.photos/seed/album124/300/300');
INSERT INTO ALBUMS (album_id, artist_id, title, release_date, genre, music_number, image) VALUES (125, 72, 'Siyah Yollar altında Karanlık', '2025-05-28', 'Rap', 8, 'https://picsum.photos/seed/album125/300/300');
INSERT INTO ALBUMS (album_id, artist_id, title, release_date, genre, music_number, image) VALUES (126, 64, 'Derin Geceler', '2025-05-28', 'Pop', 9, 'https://picsum.photos/seed/album126/300/300');
INSERT INTO ALBUMS (album_id, artist_id, title, release_date, genre, music_number, image) VALUES (127, 37, 'Karanlık Kayıp', '2025-05-28', 'Rap', 11, 'https://picsum.photos/seed/album127/300/300');
INSERT INTO ALBUMS (album_id, artist_id, title, release_date, genre, music_number, image) VALUES (128, 42, 'Deniz gibi Gökyüzü', '2025-05-28', 'Pop', 10, 'https://picsum.photos/seed/album128/300/300');
INSERT INTO ALBUMS (album_id, artist_id, title, release_date, genre, music_number, image) VALUES (129, 7, 'Yorgun Gökyüzü karşı Gökyüzü', '2025-05-28', 'Arabesk', 14, 'https://picsum.photos/seed/album129/300/300');
INSERT INTO ALBUMS (album_id, artist_id, title, release_date, genre, music_number, image) VALUES (130, 43, 'Aşk öncesi Geceler', '2025-05-28', 'Arabesk', 11, 'https://picsum.photos/seed/album130/300/300');
INSERT INTO ALBUMS (album_id, artist_id, title, release_date, genre, music_number, image) VALUES (131, 48, 'Rüzgarlı Kelimeler ile Hikaye', '2025-05-28', 'Rap', 14, 'https://picsum.photos/seed/album131/300/300');
INSERT INTO ALBUMS (album_id, artist_id, title, release_date, genre, music_number, image) VALUES (132, 39, 'Renkli Kalpler üzerinde Düşler', '2025-05-28', 'Pop', 14, 'https://picsum.photos/seed/album132/300/300');
INSERT INTO ALBUMS (album_id, artist_id, title, release_date, genre, music_number, image) VALUES (133, 15, 'Beyaz Rüyalar', '2025-05-28', 'Pop', 10, 'https://picsum.photos/seed/album133/300/300');
INSERT INTO ALBUMS (album_id, artist_id, title, release_date, genre, music_number, image) VALUES (134, 83, 'Dünya sonrası Hikaye', '2025-05-28', 'Rap', 13, 'https://picsum.photos/seed/album134/300/300');
INSERT INTO ALBUMS (album_id, artist_id, title, release_date, genre, music_number, image) VALUES (135, 28, 'Rüyalar ve Hayaller', '2025-05-28', 'Arabesk', 9, 'https://picsum.photos/seed/album135/300/300');
INSERT INTO ALBUMS (album_id, artist_id, title, release_date, genre, music_number, image) VALUES (136, 48, 'Uzak Yalnızlık ve Düşler', '2025-05-28', 'Rap', 9, 'https://picsum.photos/seed/album136/300/300');
INSERT INTO ALBUMS (album_id, artist_id, title, release_date, genre, music_number, image) VALUES (137, 87, 'Hüzünlü Aşk', '2025-05-28', 'Rap', 12, 'https://picsum.photos/seed/album137/300/300');
INSERT INTO ALBUMS (album_id, artist_id, title, release_date, genre, music_number, image) VALUES (138, 87, 'Renkli Hikaye üzerinde Hikaye', '2025-05-28', 'Pop', 11, 'https://picsum.photos/seed/album138/300/300');
INSERT INTO ALBUMS (album_id, artist_id, title, release_date, genre, music_number, image) VALUES (139, 29, 'Hayaller üzerinde Gözler', '2025-05-28', 'Arabesk', 14, 'https://picsum.photos/seed/album139/300/300');
INSERT INTO ALBUMS (album_id, artist_id, title, release_date, genre, music_number, image) VALUES (140, 68, 'Mavi Sokaklar üzerinde Kalpler', '2025-05-28', 'Arabesk', 7, 'https://picsum.photos/seed/album140/300/300');
INSERT INTO ALBUMS (album_id, artist_id, title, release_date, genre, music_number, image) VALUES (141, 10, 'Dünya gibi Gökyüzü', '2025-05-28', 'Arabesk', 11, 'https://picsum.photos/seed/album141/300/300');
INSERT INTO ALBUMS (album_id, artist_id, title, release_date, genre, music_number, image) VALUES (142, 59, 'Gözler altında Yollar', '2025-05-28', 'Arabesk', 5, 'https://picsum.photos/seed/album142/300/300');
INSERT INTO ALBUMS (album_id, artist_id, title, release_date, genre, music_number, image) VALUES (143, 88, 'Kayıp gibi İz', '2025-05-28', 'Pop', 7, 'https://picsum.photos/seed/album143/300/300');
INSERT INTO ALBUMS (album_id, artist_id, title, release_date, genre, music_number, image) VALUES (144, 63, 'Yalnızlık üzerinde Deniz', '2025-05-28', 'Arabesk', 6, 'https://picsum.photos/seed/album144/300/300');
INSERT INTO ALBUMS (album_id, artist_id, title, release_date, genre, music_number, image) VALUES (145, 79, 'Ateşli Kalpler içinde Gökyüzü', '2025-05-28', 'Arabesk', 12, 'https://picsum.photos/seed/album145/300/300');
INSERT INTO ALBUMS (album_id, artist_id, title, release_date, genre, music_number, image) VALUES (146, 91, 'Soğuk Kelimeler', '2025-05-28', 'Arabesk', 15, 'https://picsum.photos/seed/album146/300/300');
INSERT INTO ALBUMS (album_id, artist_id, title, release_date, genre, music_number, image) VALUES (147, 16, 'Ateşli Geceler ve Anılar', '2025-05-28', 'Pop', 14, 'https://picsum.photos/seed/album147/300/300');
INSERT INTO ALBUMS (album_id, artist_id, title, release_date, genre, music_number, image) VALUES (148, 86, 'Tozlu Yollar ve Kelimeler', '2025-05-28', 'Rap', 10, 'https://picsum.photos/seed/album148/300/300');
INSERT INTO ALBUMS (album_id, artist_id, title, release_date, genre, music_number, image) VALUES (149, 26, 'Anılar üzerinde Aşk', '2025-05-28', 'Pop', 5, 'https://picsum.photos/seed/album149/300/300');
INSERT INTO ALBUMS (album_id, artist_id, title, release_date, genre, music_number, image) VALUES (150, 89, 'Yorgun Düşler ile Kelimeler', '2025-05-28', 'Rap', 7, 'https://picsum.photos/seed/album150/300/300');
INSERT INTO ALBUMS (album_id, artist_id, title, release_date, genre, music_number, image) VALUES (151, 98, 'Tozlu Kelimeler ile Karanlık', '2025-05-28', 'Rap', 12, 'https://picsum.photos/seed/album151/300/300');
INSERT INTO ALBUMS (album_id, artist_id, title, release_date, genre, music_number, image) VALUES (152, 58, 'Ateşli Hikaye', '2025-05-28', 'Arabesk', 8, 'https://picsum.photos/seed/album152/300/300');
INSERT INTO ALBUMS (album_id, artist_id, title, release_date, genre, music_number, image) VALUES (153, 71, 'Kaybolmuş Sokaklar karşı Sokaklar', '2025-05-28', 'Pop', 11, 'https://picsum.photos/seed/album153/300/300');
INSERT INTO ALBUMS (album_id, artist_id, title, release_date, genre, music_number, image) VALUES (154, 36, 'Tozlu Hikaye ve Kalpler', '2025-05-28', 'Pop', 8, 'https://picsum.photos/seed/album154/300/300');
INSERT INTO ALBUMS (album_id, artist_id, title, release_date, genre, music_number, image) VALUES (155, 93, 'Derin Dünya ile Kalpler', '2025-05-28', 'Rap', 6, 'https://picsum.photos/seed/album155/300/300');
INSERT INTO ALBUMS (album_id, artist_id, title, release_date, genre, music_number, image) VALUES (156, 88, 'Yalnız Gökyüzü ve Dünya', '2025-05-28', 'Rap', 14, 'https://picsum.photos/seed/album156/300/300');
INSERT INTO ALBUMS (album_id, artist_id, title, release_date, genre, music_number, image) VALUES (157, 82, 'Hikaye ve Aşk', '2025-05-28', 'Arabesk', 9, 'https://picsum.photos/seed/album157/300/300');
INSERT INTO ALBUMS (album_id, artist_id, title, release_date, genre, music_number, image) VALUES (158, 56, 'Beyaz Kalpler gibi Anılar', '2025-05-28', 'Rap', 10, 'https://picsum.photos/seed/album158/300/300');
INSERT INTO ALBUMS (album_id, artist_id, title, release_date, genre, music_number, image) VALUES (159, 40, 'Aşk içinde Karanlık', '2025-05-28', 'Arabesk', 11, 'https://picsum.photos/seed/album159/300/300');
INSERT INTO ALBUMS (album_id, artist_id, title, release_date, genre, music_number, image) VALUES (160, 43, 'Anılar ve Anılar', '2025-05-28', 'Rap', 12, 'https://picsum.photos/seed/album160/300/300');
INSERT INTO ALBUMS (album_id, artist_id, title, release_date, genre, music_number, image) VALUES (161, 84, 'Kelimeler sonrası Rüyalar', '2025-05-28', 'Pop', 5, 'https://picsum.photos/seed/album161/300/300');
INSERT INTO ALBUMS (album_id, artist_id, title, release_date, genre, music_number, image) VALUES (162, 36, 'Kayıp sonrası Karanlık', '2025-05-28', 'Arabesk', 11, 'https://picsum.photos/seed/album162/300/300');
INSERT INTO ALBUMS (album_id, artist_id, title, release_date, genre, music_number, image) VALUES (163, 84, 'Gözler gibi Zaman', '2025-05-28', 'Rap', 7, 'https://picsum.photos/seed/album163/300/300');
INSERT INTO ALBUMS (album_id, artist_id, title, release_date, genre, music_number, image) VALUES (164, 100, 'Yorgun İz üzerinde İz', '2025-05-28', 'Arabesk', 11, 'https://picsum.photos/seed/album164/300/300');
INSERT INTO ALBUMS (album_id, artist_id, title, release_date, genre, music_number, image) VALUES (165, 73, 'Düşler gibi Geceler', '2025-05-28', 'Arabesk', 8, 'https://picsum.photos/seed/album165/300/300');
INSERT INTO ALBUMS (album_id, artist_id, title, release_date, genre, music_number, image) VALUES (166, 31, 'Rüzgarlı Kayıp sonrası Zaman', '2025-05-28', 'Rap', 12, 'https://picsum.photos/seed/album166/300/300');
INSERT INTO ALBUMS (album_id, artist_id, title, release_date, genre, music_number, image) VALUES (167, 100, 'Geceler altında Hayaller', '2025-05-28', 'Pop', 15, 'https://picsum.photos/seed/album167/300/300');
INSERT INTO ALBUMS (album_id, artist_id, title, release_date, genre, music_number, image) VALUES (168, 6, 'Beyaz Gökyüzü sonrası İz', '2025-05-28', 'Pop', 14, 'https://picsum.photos/seed/album168/300/300');
INSERT INTO ALBUMS (album_id, artist_id, title, release_date, genre, music_number, image) VALUES (169, 63, 'Derin Anılar', '2025-05-28', 'Rap', 14, 'https://picsum.photos/seed/album169/300/300');
INSERT INTO ALBUMS (album_id, artist_id, title, release_date, genre, music_number, image) VALUES (170, 3, 'Yalnız Hayaller içinde Hikaye', '2025-05-28', 'Rap', 12, 'https://picsum.photos/seed/album170/300/300');
INSERT INTO ALBUMS (album_id, artist_id, title, release_date, genre, music_number, image) VALUES (171, 17, 'Tozlu Düşler üzerinde Zaman', '2025-05-28', 'Pop', 9, 'https://picsum.photos/seed/album171/300/300');
INSERT INTO ALBUMS (album_id, artist_id, title, release_date, genre, music_number, image) VALUES (172, 89, 'Deniz üzerinde Zaman', '2025-05-28', 'Pop', 11, 'https://picsum.photos/seed/album172/300/300');
INSERT INTO ALBUMS (album_id, artist_id, title, release_date, genre, music_number, image) VALUES (173, 15, 'Rüzgarlı Gözler', '2025-05-28', 'Pop', 7, 'https://picsum.photos/seed/album173/300/300');
INSERT INTO ALBUMS (album_id, artist_id, title, release_date, genre, music_number, image) VALUES (174, 39, 'Sonsuz Kalpler altında Aşk', '2025-05-28', 'Rap', 9, 'https://picsum.photos/seed/album174/300/300');
INSERT INTO ALBUMS (album_id, artist_id, title, release_date, genre, music_number, image) VALUES (175, 96, 'Karanlık Anılar altında Gökyüzü', '2025-05-28', 'Arabesk', 9, 'https://picsum.photos/seed/album175/300/300');
INSERT INTO ALBUMS (album_id, artist_id, title, release_date, genre, music_number, image) VALUES (176, 1, 'Kelimeler üzerinde Yalnızlık', '2025-05-28', 'Pop', 11, 'https://picsum.photos/seed/album176/300/300');
INSERT INTO ALBUMS (album_id, artist_id, title, release_date, genre, music_number, image) VALUES (177, 35, 'Karanlık altında Hikaye', '2025-05-28', 'Rap', 12, 'https://picsum.photos/seed/album177/300/300');
INSERT INTO ALBUMS (album_id, artist_id, title, release_date, genre, music_number, image) VALUES (178, 47, 'Kırık Rüyalar gibi Zaman', '2025-05-28', 'Arabesk', 10, 'https://picsum.photos/seed/album178/300/300');
INSERT INTO ALBUMS (album_id, artist_id, title, release_date, genre, music_number, image) VALUES (179, 87, 'Derin Yalnızlık sonrası Gökyüzü', '2025-05-28', 'Pop', 14, 'https://picsum.photos/seed/album179/300/300');
INSERT INTO ALBUMS (album_id, artist_id, title, release_date, genre, music_number, image) VALUES (180, 16, 'Karanlık Yalnızlık ve Anılar', '2025-05-28', 'Rap', 9, 'https://picsum.photos/seed/album180/300/300');
INSERT INTO ALBUMS (album_id, artist_id, title, release_date, genre, music_number, image) VALUES (181, 7, 'Ateşli Karanlık', '2025-05-28', 'Arabesk', 12, 'https://picsum.photos/seed/album181/300/300');
INSERT INTO ALBUMS (album_id, artist_id, title, release_date, genre, music_number, image) VALUES (182, 24, 'Zaman ve Anılar', '2025-05-28', 'Pop', 11, 'https://picsum.photos/seed/album182/300/300');
INSERT INTO ALBUMS (album_id, artist_id, title, release_date, genre, music_number, image) VALUES (183, 6, 'Tozlu Hikaye ve Zaman', '2025-05-28', 'Arabesk', 15, 'https://picsum.photos/seed/album183/300/300');
INSERT INTO ALBUMS (album_id, artist_id, title, release_date, genre, music_number, image) VALUES (184, 93, 'Uzak Rüyalar', '2025-05-28', 'Arabesk', 9, 'https://picsum.photos/seed/album184/300/300');
INSERT INTO ALBUMS (album_id, artist_id, title, release_date, genre, music_number, image) VALUES (185, 17, 'Geceler içinde Zaman', '2025-05-28', 'Rap', 6, 'https://picsum.photos/seed/album185/300/300');
INSERT INTO ALBUMS (album_id, artist_id, title, release_date, genre, music_number, image) VALUES (186, 100, 'Renkli Aşk gibi Anılar', '2025-05-28', 'Arabesk', 14, 'https://picsum.photos/seed/album186/300/300');
INSERT INTO ALBUMS (album_id, artist_id, title, release_date, genre, music_number, image) VALUES (187, 32, 'Kalpler ve Sokaklar', '2025-05-28', 'Pop', 6, 'https://picsum.photos/seed/album187/300/300');
INSERT INTO ALBUMS (album_id, artist_id, title, release_date, genre, music_number, image) VALUES (188, 38, 'İz üzerinde Karanlık', '2025-05-28', 'Rap', 11, 'https://picsum.photos/seed/album188/300/300');
INSERT INTO ALBUMS (album_id, artist_id, title, release_date, genre, music_number, image) VALUES (189, 50, 'Kıyamet Kelimeler karşı Anılar', '2025-05-28', 'Pop', 7, 'https://picsum.photos/seed/album189/300/300');
INSERT INTO ALBUMS (album_id, artist_id, title, release_date, genre, music_number, image) VALUES (190, 55, 'Karanlık içinde Hikaye', '2025-05-28', 'Pop', 10, 'https://picsum.photos/seed/album190/300/300');
INSERT INTO ALBUMS (album_id, artist_id, title, release_date, genre, music_number, image) VALUES (191, 86, 'Aşk üzerinde Düşler', '2025-05-28', 'Rap', 8, 'https://picsum.photos/seed/album191/300/300');
INSERT INTO ALBUMS (album_id, artist_id, title, release_date, genre, music_number, image) VALUES (192, 5, 'Karanlık altında Anılar', '2025-05-28', 'Rap', 13, 'https://picsum.photos/seed/album192/300/300');
INSERT INTO ALBUMS (album_id, artist_id, title, release_date, genre, music_number, image) VALUES (193, 52, 'Uzak Sokaklar altında Anılar', '2025-05-28', 'Rap', 15, 'https://picsum.photos/seed/album193/300/300');
INSERT INTO ALBUMS (album_id, artist_id, title, release_date, genre, music_number, image) VALUES (194, 74, 'Tozlu İz', '2025-05-28', 'Arabesk', 8, 'https://picsum.photos/seed/album194/300/300');
INSERT INTO ALBUMS (album_id, artist_id, title, release_date, genre, music_number, image) VALUES (195, 50, 'Anılar içinde Deniz', '2025-05-28', 'Arabesk', 5, 'https://picsum.photos/seed/album195/300/300');
INSERT INTO ALBUMS (album_id, artist_id, title, release_date, genre, music_number, image) VALUES (196, 9, 'Kelimeler öncesi Yollar', '2025-05-28', 'Rap', 10, 'https://picsum.photos/seed/album196/300/300');
INSERT INTO ALBUMS (album_id, artist_id, title, release_date, genre, music_number, image) VALUES (197, 81, 'Soğuk Dünya üzerinde Karanlık', '2025-05-28', 'Rap', 7, 'https://picsum.photos/seed/album197/300/300');
INSERT INTO ALBUMS (album_id, artist_id, title, release_date, genre, music_number, image) VALUES (198, 81, 'Hüzünlü Düşler', '2025-05-28', 'Rap', 13, 'https://picsum.photos/seed/album198/300/300');
INSERT INTO ALBUMS (album_id, artist_id, title, release_date, genre, music_number, image) VALUES (199, 26, 'Dalgasız Yollar karşı Geceler', '2025-05-28', 'Pop', 8, 'https://picsum.photos/seed/album199/300/300');
INSERT INTO ALBUMS (album_id, artist_id, title, release_date, genre, music_number, image) VALUES (200, 85, 'Kelimeler ile Yalnızlık', '2025-05-28', 'Rap', 15, 'https://picsum.photos/seed/album200/300/300');
INSERT INTO SONGS (song_id, album_id, title, duration, genre, release_date, song_rank, image) VALUES (101, 163, 'Samimi Kalpler', 192, 'Pop', '2025-05-28', 101, 'https://picsum.photos/seed/album163/300/300');
INSERT INTO SONGS (song_id, album_id, title, duration, genre, release_date, song_rank, image) VALUES (102, 178, 'Savrulan Kalpler', 266, 'Arabesk', '2025-05-28', 993, 'https://picsum.photos/seed/album178/300/300');
INSERT INTO SONGS (song_id, album_id, title, duration, genre, release_date, song_rank, image) VALUES (103, 108, 'Savrulan Yollar', 221, 'Arabesk', '2025-05-28', 209, 'https://picsum.photos/seed/album108/300/300');
INSERT INTO SONGS (song_id, album_id, title, duration, genre, release_date, song_rank, image) VALUES (104, 146, 'Yanıltıcı Dokunuş', 274, 'Pop', '2025-05-28', 199, 'https://picsum.photos/seed/album146/300/300');
INSERT INTO SONGS (song_id, album_id, title, duration, genre, release_date, song_rank, image) VALUES (105, 10, 'Gelme', 298, 'Rap', '2025-05-28', 121, 'https://picsum.photos/seed/album10/300/300');
INSERT INTO SONGS (song_id, album_id, title, duration, genre, release_date, song_rank, image) VALUES (106, 196, 'Zaman', 291, 'Pop', '2025-05-28', 608, 'https://picsum.photos/seed/album196/300/300');
INSERT INTO SONGS (song_id, album_id, title, duration, genre, release_date, song_rank, image) VALUES (107, 80, 'Karanlık', 182, 'Rap', '2025-05-28', 824, 'https://picsum.photos/seed/album80/300/300');
INSERT INTO SONGS (song_id, album_id, title, duration, genre, release_date, song_rank, image) VALUES (108, 7, 'Kaybolan Nefes', 297, 'Rap', '2025-05-28', 735, 'https://picsum.photos/seed/album7/300/300');
INSERT INTO SONGS (song_id, album_id, title, duration, genre, release_date, song_rank, image) VALUES (109, 2, 'Savrulan Umut', 287, 'Pop', '2025-05-28', 378, 'https://picsum.photos/seed/album2/300/300');
INSERT INTO SONGS (song_id, album_id, title, duration, genre, release_date, song_rank, image) VALUES (110, 27, 'Kör Kuyular', 300, 'Rap', '2025-05-28', 450, 'https://picsum.photos/seed/album27/300/300');
INSERT INTO SONGS (song_id, album_id, title, duration, genre, release_date, song_rank, image) VALUES (111, 165, 'Unutulmaz Çatlak', 300, 'Rap', '2025-05-28', 802, 'https://picsum.photos/seed/album165/300/300');
INSERT INTO SONGS (song_id, album_id, title, duration, genre, release_date, song_rank, image) VALUES (112, 114, 'Boş Çıkmazlar', 193, 'Rap', '2025-05-28', 299, 'https://picsum.photos/seed/album114/300/300');
INSERT INTO SONGS (song_id, album_id, title, duration, genre, release_date, song_rank, image) VALUES (113, 172, 'Yanlış Yollar', 220, 'Arabesk', '2025-05-28', 257, 'https://picsum.photos/seed/album172/300/300');
INSERT INTO SONGS (song_id, album_id, title, duration, genre, release_date, song_rank, image) VALUES (114, 167, 'Kapanmaz Çığlık', 240, 'Pop', '2025-05-28', 70, 'https://picsum.photos/seed/album167/300/300');
INSERT INTO SONGS (song_id, album_id, title, duration, genre, release_date, song_rank, image) VALUES (115, 137, 'Bensiz Bir Dünya', 202, 'Arabesk', '2025-05-28', 164, 'https://picsum.photos/seed/album137/300/300');
INSERT INTO SONGS (song_id, album_id, title, duration, genre, release_date, song_rank, image) VALUES (116, 68, 'Savrulan Gece', 291, 'Pop', '2025-05-28', 605, 'https://picsum.photos/seed/album68/300/300');
INSERT INTO SONGS (song_id, album_id, title, duration, genre, release_date, song_rank, image) VALUES (117, 11, 'Gecenin Karanlığı', 213, 'Arabesk', '2025-05-28', 342, 'https://picsum.photos/seed/album11/300/300');
INSERT INTO SONGS (song_id, album_id, title, duration, genre, release_date, song_rank, image) VALUES (118, 122, 'Sonsuza Kadar', 282, 'Arabesk', '2025-05-28', 996, 'https://picsum.photos/seed/album122/300/300');
INSERT INTO SONGS (song_id, album_id, title, duration, genre, release_date, song_rank, image) VALUES (119, 146, 'Susamam', 199, 'Pop', '2025-05-28', 601, 'https://picsum.photos/seed/album146/300/300');
INSERT INTO SONGS (song_id, album_id, title, duration, genre, release_date, song_rank, image) VALUES (120, 100, 'Saklı Fısıltılar', 268, 'Rap', '2025-05-28', 371, 'https://picsum.photos/seed/album100/300/300');
INSERT INTO SONGS (song_id, album_id, title, duration, genre, release_date, song_rank, image) VALUES (121, 14, 'Yıkık Bir Duygu', 220, 'Arabesk', '2025-05-28', 6, 'https://picsum.photos/seed/album14/300/300');
INSERT INTO SONGS (song_id, album_id, title, duration, genre, release_date, song_rank, image) VALUES (122, 82, 'Savrulan Kalp', 229, 'Pop', '2025-05-28', 579, 'https://picsum.photos/seed/album82/300/300');
INSERT INTO SONGS (song_id, album_id, title, duration, genre, release_date, song_rank, image) VALUES (123, 116, 'Bensiz Sevgiler', 201, 'Pop', '2025-05-28', 973, 'https://picsum.photos/seed/album116/300/300');
INSERT INTO SONGS (song_id, album_id, title, duration, genre, release_date, song_rank, image) VALUES (124, 172, 'Sessizlikte Boğul', 244, 'Rap', '2025-05-28', 896, 'https://picsum.photos/seed/album172/300/300');
INSERT INTO SONGS (song_id, album_id, title, duration, genre, release_date, song_rank, image) VALUES (125, 24, 'Unutulmaz Sancılar', 230, 'Arabesk', '2025-05-28', 420, 'https://picsum.photos/seed/album24/300/300');
INSERT INTO SONGS (song_id, album_id, title, duration, genre, release_date, song_rank, image) VALUES (126, 152, 'Sonsuz Gece', 197, 'Pop', '2025-05-28', 675, 'https://picsum.photos/seed/album152/300/300');
INSERT INTO SONGS (song_id, album_id, title, duration, genre, release_date, song_rank, image) VALUES (127, 186, 'Samimi Sarsıntılar', 261, 'Rap', '2025-05-28', 856, 'https://picsum.photos/seed/album186/300/300');
INSERT INTO SONGS (song_id, album_id, title, duration, genre, release_date, song_rank, image) VALUES (128, 138, 'Derin Çukur', 261, 'Arabesk', '2025-05-28', 68, 'https://picsum.photos/seed/album138/300/300');
INSERT INTO SONGS (song_id, album_id, title, duration, genre, release_date, song_rank, image) VALUES (129, 195, 'Yıkılmış Umutlar', 293, 'Rap', '2025-05-28', 576, 'https://picsum.photos/seed/album195/300/300');
INSERT INTO SONGS (song_id, album_id, title, duration, genre, release_date, song_rank, image) VALUES (130, 74, 'Sonsuz Bekleyiş', 239, 'Arabesk', '2025-05-28', 199, 'https://picsum.photos/seed/album74/300/300');
INSERT INTO SONGS (song_id, album_id, title, duration, genre, release_date, song_rank, image) VALUES (131, 17, 'Sessiz Gölgeler', 271, 'Arabesk', '2025-05-28', 96, 'https://picsum.photos/seed/album17/300/300');
INSERT INTO SONGS (song_id, album_id, title, duration, genre, release_date, song_rank, image) VALUES (132, 81, 'Kapanmayan Umut', 235, 'Arabesk', '2025-05-28', 495, 'https://picsum.photos/seed/album81/300/300');
INSERT INTO SONGS (song_id, album_id, title, duration, genre, release_date, song_rank, image) VALUES (133, 107, 'Bekleyen Hatıralar', 215, 'Pop', '2025-05-28', 19, 'https://picsum.photos/seed/album107/300/300');
INSERT INTO SONGS (song_id, album_id, title, duration, genre, release_date, song_rank, image) VALUES (134, 134, 'Yalancı Bahar', 226, 'Pop', '2025-05-28', 82, 'https://picsum.photos/seed/album134/300/300');
INSERT INTO SONGS (song_id, album_id, title, duration, genre, release_date, song_rank, image) VALUES (135, 144, 'Yaralı Umutlar', 267, 'Arabesk', '2025-05-28', 914, 'https://picsum.photos/seed/album144/300/300');
INSERT INTO SONGS (song_id, album_id, title, duration, genre, release_date, song_rank, image) VALUES (136, 183, 'Bensiz Rüyalar', 290, 'Arabesk', '2025-05-28', 941, 'https://picsum.photos/seed/album183/300/300');
INSERT INTO SONGS (song_id, album_id, title, duration, genre, release_date, song_rank, image) VALUES (137, 102, 'Hatıralar', 291, 'Pop', '2025-05-28', 156, 'https://picsum.photos/seed/album102/300/300');
INSERT INTO SONGS (song_id, album_id, title, duration, genre, release_date, song_rank, image) VALUES (138, 53, 'Masal', 186, 'Rap', '2025-05-28', 639, 'https://picsum.photos/seed/album53/300/300');
INSERT INTO SONGS (song_id, album_id, title, duration, genre, release_date, song_rank, image) VALUES (139, 177, 'Kayıp Rüya', 188, 'Rap', '2025-05-28', 475, 'https://picsum.photos/seed/album177/300/300');
INSERT INTO SONGS (song_id, album_id, title, duration, genre, release_date, song_rank, image) VALUES (140, 196, 'Gitme', 243, 'Pop', '2025-05-28', 330, 'https://picsum.photos/seed/album196/300/300');
INSERT INTO SONGS (song_id, album_id, title, duration, genre, release_date, song_rank, image) VALUES (141, 64, 'Kayıp Çıkmazlar', 291, 'Arabesk', '2025-05-28', 341, 'https://picsum.photos/seed/album64/300/300');
INSERT INTO SONGS (song_id, album_id, title, duration, genre, release_date, song_rank, image) VALUES (142, 180, 'Vahşi Fısıltılar', 181, 'Rap', '2025-05-28', 270, 'https://picsum.photos/seed/album180/300/300');
INSERT INTO SONGS (song_id, album_id, title, duration, genre, release_date, song_rank, image) VALUES (143, 147, 'Kanatlarım', 281, 'Arabesk', '2025-05-28', 791, 'https://picsum.photos/seed/album147/300/300');
INSERT INTO SONGS (song_id, album_id, title, duration, genre, release_date, song_rank, image) VALUES (144, 20, 'Kayıp Gözler', 224, 'Rap', '2025-05-28', 235, 'https://picsum.photos/seed/album20/300/300');
INSERT INTO SONGS (song_id, album_id, title, duration, genre, release_date, song_rank, image) VALUES (145, 111, 'Yanıltan Çehre', 230, 'Rap', '2025-05-28', 231, 'https://picsum.photos/seed/album111/300/300');
INSERT INTO SONGS (song_id, album_id, title, duration, genre, release_date, song_rank, image) VALUES (146, 95, 'Sessiz Dalga', 203, 'Pop', '2025-05-28', 551, 'https://picsum.photos/seed/album95/300/300');
INSERT INTO SONGS (song_id, album_id, title, duration, genre, release_date, song_rank, image) VALUES (147, 149, 'Bekleyeceğim', 245, 'Rap', '2025-05-28', 722, 'https://picsum.photos/seed/album149/300/300');
INSERT INTO SONGS (song_id, album_id, title, duration, genre, release_date, song_rank, image) VALUES (148, 90, 'Birlikte', 181, 'Arabesk', '2025-05-28', 535, 'https://picsum.photos/seed/album90/300/300');
INSERT INTO SONGS (song_id, album_id, title, duration, genre, release_date, song_rank, image) VALUES (149, 88, 'Pode Senta', 208, 'Arabesk', '2025-05-28', 565, 'https://picsum.photos/seed/album88/300/300');
INSERT INTO SONGS (song_id, album_id, title, duration, genre, release_date, song_rank, image) VALUES (150, 85, 'Kaybolan Hikaye', 269, 'Pop', '2025-05-28', 828, 'https://picsum.photos/seed/album85/300/300');
INSERT INTO SONGS (song_id, album_id, title, duration, genre, release_date, song_rank, image) VALUES (151, 11, 'Geri Dön', 230, 'Pop', '2025-05-28', 426, 'https://picsum.photos/seed/album11/300/300');
INSERT INTO SONGS (song_id, album_id, title, duration, genre, release_date, song_rank, image) VALUES (152, 78, 'Bekleyişte Umut', 275, 'Arabesk', '2025-05-28', 729, 'https://picsum.photos/seed/album78/300/300');
INSERT INTO SONGS (song_id, album_id, title, duration, genre, release_date, song_rank, image) VALUES (153, 185, 'Gözlerinde Bekleyiş', 260, 'Pop', '2025-05-28', 278, 'https://picsum.photos/seed/album185/300/300');
INSERT INTO SONGS (song_id, album_id, title, duration, genre, release_date, song_rank, image) VALUES (154, 168, 'Ayrılık', 283, 'Pop', '2025-05-28', 781, 'https://picsum.photos/seed/album168/300/300');
INSERT INTO SONGS (song_id, album_id, title, duration, genre, release_date, song_rank, image) VALUES (155, 149, 'İçimde', 206, 'Rap', '2025-05-28', 116, 'https://picsum.photos/seed/album149/300/300');
INSERT INTO SONGS (song_id, album_id, title, duration, genre, release_date, song_rank, image) VALUES (156, 130, 'Bekleyen Gözler', 252, 'Arabesk', '2025-05-28', 686, 'https://picsum.photos/seed/album130/300/300');
INSERT INTO SONGS (song_id, album_id, title, duration, genre, release_date, song_rank, image) VALUES (157, 196, 'Kayıp Geceler', 241, 'Rap', '2025-05-28', 933, 'https://picsum.photos/seed/album196/300/300');
INSERT INTO SONGS (song_id, album_id, title, duration, genre, release_date, song_rank, image) VALUES (158, 71, 'Bensiz Bir Gün', 185, 'Arabesk', '2025-05-28', 235, 'https://picsum.photos/seed/album71/300/300');
INSERT INTO SONGS (song_id, album_id, title, duration, genre, release_date, song_rank, image) VALUES (159, 128, 'Sessiz Yolculuklar', 246, 'Pop', '2025-05-28', 164, 'https://picsum.photos/seed/album128/300/300');
INSERT INTO SONGS (song_id, album_id, title, duration, genre, release_date, song_rank, image) VALUES (160, 70, 'Boş Bir Sayfa', 267, 'Pop', '2025-05-28', 114, 'https://picsum.photos/seed/album70/300/300');
INSERT INTO SONGS (song_id, album_id, title, duration, genre, release_date, song_rank, image) VALUES (161, 76, 'Gözyaşlı Şarkı', 287, 'Pop', '2025-05-28', 886, 'https://picsum.photos/seed/album76/300/300');
INSERT INTO SONGS (song_id, album_id, title, duration, genre, release_date, song_rank, image) VALUES (162, 26, 'Yalnızlık Yolu', 293, 'Pop', '2025-05-28', 825, 'https://picsum.photos/seed/album26/300/300');
INSERT INTO SONGS (song_id, album_id, title, duration, genre, release_date, song_rank, image) VALUES (163, 174, 'Gözlerimde Kalan', 300, 'Pop', '2025-05-28', 161, 'https://picsum.photos/seed/album174/300/300');
INSERT INTO SONGS (song_id, album_id, title, duration, genre, release_date, song_rank, image) VALUES (164, 18, 'Gözlerim', 278, 'Arabesk', '2025-05-28', 679, 'https://picsum.photos/seed/album18/300/300');
INSERT INTO SONGS (song_id, album_id, title, duration, genre, release_date, song_rank, image) VALUES (165, 166, 'Unutulmuş Yıllar', 193, 'Rap', '2025-05-28', 14, 'https://picsum.photos/seed/album166/300/300');
INSERT INTO SONGS (song_id, album_id, title, duration, genre, release_date, song_rank, image) VALUES (166, 120, 'Unut Beni', 280, 'Pop', '2025-05-28', 500, 'https://picsum.photos/seed/album120/300/300');
INSERT INTO SONGS (song_id, album_id, title, duration, genre, release_date, song_rank, image) VALUES (167, 101, 'Rüya', 199, 'Arabesk', '2025-05-28', 193, 'https://picsum.photos/seed/album101/300/300');
INSERT INTO SONGS (song_id, album_id, title, duration, genre, release_date, song_rank, image) VALUES (168, 21, 'Samimi Bulutlar', 237, 'Pop', '2025-05-28', 172, 'https://picsum.photos/seed/album21/300/300');
INSERT INTO SONGS (song_id, album_id, title, duration, genre, release_date, song_rank, image) VALUES (169, 163, 'Karanlığın İçinde', 220, 'Arabesk', '2025-05-28', 349, 'https://picsum.photos/seed/album163/300/300');
INSERT INTO SONGS (song_id, album_id, title, duration, genre, release_date, song_rank, image) VALUES (170, 174, 'Samimi Fısıltılar', 222, 'Pop', '2025-05-28', 349, 'https://picsum.photos/seed/album174/300/300');
INSERT INTO SONGS (song_id, album_id, title, duration, genre, release_date, song_rank, image) VALUES (171, 6, 'Gözlerindeki Derinlik', 255, 'Rap', '2025-05-28', 181, 'https://picsum.photos/seed/album6/300/300');
INSERT INTO SONGS (song_id, album_id, title, duration, genre, release_date, song_rank, image) VALUES (172, 100, 'Sarhoş', 296, 'Rap', '2025-05-28', 892, 'https://picsum.photos/seed/album100/300/300');
INSERT INTO SONGS (song_id, album_id, title, duration, genre, release_date, song_rank, image) VALUES (173, 67, 'Affet Beni', 245, 'Rap', '2025-05-28', 414, 'https://picsum.photos/seed/album67/300/300');
INSERT INTO SONGS (song_id, album_id, title, duration, genre, release_date, song_rank, image) VALUES (174, 45, 'Gitme Derken', 191, 'Arabesk', '2025-05-28', 699, 'https://picsum.photos/seed/album45/300/300');
INSERT INTO SONGS (song_id, album_id, title, duration, genre, release_date, song_rank, image) VALUES (175, 11, 'Kapanmayan Gözler', 241, 'Pop', '2025-05-28', 677, 'https://picsum.photos/seed/album11/300/300');
INSERT INTO SONGS (song_id, album_id, title, duration, genre, release_date, song_rank, image) VALUES (176, 58, 'Sonsuz Hasret', 285, 'Rap', '2025-05-28', 931, 'https://picsum.photos/seed/album58/300/300');
INSERT INTO SONGS (song_id, album_id, title, duration, genre, release_date, song_rank, image) VALUES (177, 188, 'Boş Bekleyişler', 231, 'Pop', '2025-05-28', 385, 'https://picsum.photos/seed/album188/300/300');
INSERT INTO SONGS (song_id, album_id, title, duration, genre, release_date, song_rank, image) VALUES (178, 116, 'Yanıltıcı Rüyalar', 284, 'Pop', '2025-05-28', 377, 'https://picsum.photos/seed/album116/300/300');
INSERT INTO SONGS (song_id, album_id, title, duration, genre, release_date, song_rank, image) VALUES (179, 35, 'Dikenli Eller', 183, 'Arabesk', '2025-05-28', 185, 'https://picsum.photos/seed/album35/300/300');
INSERT INTO SONGS (song_id, album_id, title, duration, genre, release_date, song_rank, image) VALUES (180, 133, 'Saklanan Çığlık', 246, 'Rap', '2025-05-28', 198, 'https://picsum.photos/seed/album133/300/300');
INSERT INTO SONGS (song_id, album_id, title, duration, genre, release_date, song_rank, image) VALUES (181, 27, 'Romantik Sinyaller', 205, 'Rap', '2025-05-28', 68, 'https://picsum.photos/seed/album27/300/300');
INSERT INTO SONGS (song_id, album_id, title, duration, genre, release_date, song_rank, image) VALUES (182, 111, 'Yalancı Hayat', 211, 'Arabesk', '2025-05-28', 120, 'https://picsum.photos/seed/album111/300/300');
INSERT INTO SONGS (song_id, album_id, title, duration, genre, release_date, song_rank, image) VALUES (183, 150, 'Bensiz Umut', 237, 'Rap', '2025-05-28', 381, 'https://picsum.photos/seed/album150/300/300');
INSERT INTO SONGS (song_id, album_id, title, duration, genre, release_date, song_rank, image) VALUES (184, 144, 'Savrulan Eller', 237, 'Pop', '2025-05-28', 196, 'https://picsum.photos/seed/album144/300/300');
INSERT INTO SONGS (song_id, album_id, title, duration, genre, release_date, song_rank, image) VALUES (185, 24, 'Dikenli Aşk', 287, 'Rap', '2025-05-28', 996, 'https://picsum.photos/seed/album24/300/300');
INSERT INTO SONGS (song_id, album_id, title, duration, genre, release_date, song_rank, image) VALUES (186, 198, 'Boş Kalan Eller', 253, 'Rap', '2025-05-28', 714, 'https://picsum.photos/seed/album198/300/300');
INSERT INTO SONGS (song_id, album_id, title, duration, genre, release_date, song_rank, image) VALUES (187, 177, 'Unutulmaz Günler', 279, 'Pop', '2025-05-28', 417, 'https://picsum.photos/seed/album177/300/300');
INSERT INTO SONGS (song_id, album_id, title, duration, genre, release_date, song_rank, image) VALUES (188, 23, 'Flex', 211, 'Pop', '2025-05-28', 479, 'https://picsum.photos/seed/album23/300/300');
INSERT INTO SONGS (song_id, album_id, title, duration, genre, release_date, song_rank, image) VALUES (189, 173, 'Bitmeyen Umut', 207, 'Arabesk', '2025-05-28', 418, 'https://picsum.photos/seed/album173/300/300');
INSERT INTO SONGS (song_id, album_id, title, duration, genre, release_date, song_rank, image) VALUES (190, 79, 'Savrulmuş Hayat', 274, 'Arabesk', '2025-05-28', 540, 'https://picsum.photos/seed/album79/300/300');
INSERT INTO SONGS (song_id, album_id, title, duration, genre, release_date, song_rank, image) VALUES (191, 16, 'Tutunacak Umut', 197, 'Rap', '2025-05-28', 533, 'https://picsum.photos/seed/album16/300/300');
INSERT INTO SONGS (song_id, album_id, title, duration, genre, release_date, song_rank, image) VALUES (192, 180, 'Gitsem Yine', 197, 'Arabesk', '2025-05-28', 719, 'https://picsum.photos/seed/album180/300/300');
INSERT INTO SONGS (song_id, album_id, title, duration, genre, release_date, song_rank, image) VALUES (193, 55, 'Tutunmaya Çalışırken', 266, 'Arabesk', '2025-05-28', 978, 'https://picsum.photos/seed/album55/300/300');
INSERT INTO SONGS (song_id, album_id, title, duration, genre, release_date, song_rank, image) VALUES (194, 108, 'İsyan Eden Kalp', 209, 'Arabesk', '2025-05-28', 652, 'https://picsum.photos/seed/album108/300/300');
INSERT INTO SONGS (song_id, album_id, title, duration, genre, release_date, song_rank, image) VALUES (195, 194, 'Derin Bir Nefes', 263, 'Arabesk', '2025-05-28', 815, 'https://picsum.photos/seed/album194/300/300');
INSERT INTO SONGS (song_id, album_id, title, duration, genre, release_date, song_rank, image) VALUES (196, 68, 'Tutunamam Ellerine', 282, 'Arabesk', '2025-05-28', 149, 'https://picsum.photos/seed/album68/300/300');
INSERT INTO SONGS (song_id, album_id, title, duration, genre, release_date, song_rank, image) VALUES (197, 41, 'Boşluğa Düşenler', 229, 'Rap', '2025-05-28', 108, 'https://picsum.photos/seed/album41/300/300');
INSERT INTO SONGS (song_id, album_id, title, duration, genre, release_date, song_rank, image) VALUES (198, 64, 'Buz', 248, 'Rap', '2025-05-28', 412, 'https://picsum.photos/seed/album64/300/300');
INSERT INTO SONGS (song_id, album_id, title, duration, genre, release_date, song_rank, image) VALUES (199, 29, 'Sonsuz Sessizlik', 281, 'Pop', '2025-05-28', 319, 'https://picsum.photos/seed/album29/300/300');
INSERT INTO SONGS (song_id, album_id, title, duration, genre, release_date, song_rank, image) VALUES (200, 85, 'Beklemeyeceğim Artık', 226, 'Pop', '2025-05-28', 15, 'https://picsum.photos/seed/album85/300/300');
INSERT INTO SONGS (song_id, album_id, title, duration, genre, release_date, song_rank, image) VALUES (201, 174, 'Tutulmaz Hayaller', 296, 'Rap', '2025-05-28', 704, 'https://picsum.photos/seed/album174/300/300');
INSERT INTO SONGS (song_id, album_id, title, duration, genre, release_date, song_rank, image) VALUES (202, 168, 'Kayıp Rüzgar', 200, 'Rap', '2025-05-28', 724, 'https://picsum.photos/seed/album168/300/300');
INSERT INTO SONGS (song_id, album_id, title, duration, genre, release_date, song_rank, image) VALUES (203, 188, 'Sakin Bulutlar', 209, 'Arabesk', '2025-05-28', 373, 'https://picsum.photos/seed/album188/300/300');
INSERT INTO SONGS (song_id, album_id, title, duration, genre, release_date, song_rank, image) VALUES (204, 2, 'Savrulan Anılar', 255, 'Arabesk', '2025-05-28', 214, 'https://picsum.photos/seed/album2/300/300');
INSERT INTO SONGS (song_id, album_id, title, duration, genre, release_date, song_rank, image) VALUES (205, 133, 'Yalnızlığa Çare', 209, 'Rap', '2025-05-28', 678, 'https://picsum.photos/seed/album133/300/300');
INSERT INTO SONGS (song_id, album_id, title, duration, genre, release_date, song_rank, image) VALUES (206, 92, 'Samimi Anılar', 267, 'Rap', '2025-05-28', 5, 'https://picsum.photos/seed/album92/300/300');
INSERT INTO SONGS (song_id, album_id, title, duration, genre, release_date, song_rank, image) VALUES (207, 82, 'Yanlış Çıkmaz', 197, 'Rap', '2025-05-28', 368, 'https://picsum.photos/seed/album82/300/300');
INSERT INTO SONGS (song_id, album_id, title, duration, genre, release_date, song_rank, image) VALUES (208, 183, 'Yanımda', 285, 'Pop', '2025-05-28', 515, 'https://picsum.photos/seed/album183/300/300');
INSERT INTO SONGS (song_id, album_id, title, duration, genre, release_date, song_rank, image) VALUES (209, 93, 'Sonsuz Gölge', 275, 'Rap', '2025-05-28', 712, 'https://picsum.photos/seed/album93/300/300');
INSERT INTO SONGS (song_id, album_id, title, duration, genre, release_date, song_rank, image) VALUES (210, 183, 'Kapanmayan Defterler', 259, 'Arabesk', '2025-05-28', 499, 'https://picsum.photos/seed/album183/300/300');
INSERT INTO SONGS (song_id, album_id, title, duration, genre, release_date, song_rank, image) VALUES (211, 53, 'Sessiz Sancılar', 225, 'Arabesk', '2025-05-28', 186, 'https://picsum.photos/seed/album53/300/300');
INSERT INTO SONGS (song_id, album_id, title, duration, genre, release_date, song_rank, image) VALUES (212, 14, 'ISTANBUL', 256, 'Rap', '2025-05-28', 494, 'https://picsum.photos/seed/album14/300/300');
INSERT INTO SONGS (song_id, album_id, title, duration, genre, release_date, song_rank, image) VALUES (213, 115, 'Unutulmuş Çığlık', 252, 'Arabesk', '2025-05-28', 986, 'https://picsum.photos/seed/album115/300/300');
INSERT INTO SONGS (song_id, album_id, title, duration, genre, release_date, song_rank, image) VALUES (214, 129, 'Boş Gece', 230, 'Rap', '2025-05-28', 745, 'https://picsum.photos/seed/album129/300/300');
INSERT INTO SONGS (song_id, album_id, title, duration, genre, release_date, song_rank, image) VALUES (215, 176, 'Bekleme', 191, 'Arabesk', '2025-05-28', 363, 'https://picsum.photos/seed/album176/300/300');
INSERT INTO SONGS (song_id, album_id, title, duration, genre, release_date, song_rank, image) VALUES (216, 108, 'Kısa zaman için', 249, 'Pop', '2025-05-28', 643, 'https://picsum.photos/seed/album108/300/300');
INSERT INTO SONGS (song_id, album_id, title, duration, genre, release_date, song_rank, image) VALUES (217, 29, 'Samimi Gölgeler', 195, 'Pop', '2025-05-28', 247, 'https://picsum.photos/seed/album29/300/300');
INSERT INTO SONGS (song_id, album_id, title, duration, genre, release_date, song_rank, image) VALUES (218, 188, 'Dikenli Çıkmazlar', 284, 'Rap', '2025-05-28', 244, 'https://picsum.photos/seed/album188/300/300');
INSERT INTO SONGS (song_id, album_id, title, duration, genre, release_date, song_rank, image) VALUES (219, 42, 'Gitme', 193, 'Pop', '2025-05-28', 611, 'https://picsum.photos/seed/album42/300/300');
INSERT INTO SONGS (song_id, album_id, title, duration, genre, release_date, song_rank, image) VALUES (220, 54, 'Savrulan Hayaller', 213, 'Arabesk', '2025-05-28', 855, 'https://picsum.photos/seed/album54/300/300');
INSERT INTO SONGS (song_id, album_id, title, duration, genre, release_date, song_rank, image) VALUES (221, 96, 'Tuzak', 217, 'Pop', '2025-05-28', 555, 'https://picsum.photos/seed/album96/300/300');
INSERT INTO SONGS (song_id, album_id, title, duration, genre, release_date, song_rank, image) VALUES (222, 140, 'Tutunamazsın Bana', 268, 'Arabesk', '2025-05-28', 113, 'https://picsum.photos/seed/album140/300/300');
INSERT INTO SONGS (song_id, album_id, title, duration, genre, release_date, song_rank, image) VALUES (223, 111, 'Yaralı İzler', 240, 'Rap', '2025-05-28', 667, 'https://picsum.photos/seed/album111/300/300');
INSERT INTO SONGS (song_id, album_id, title, duration, genre, release_date, song_rank, image) VALUES (224, 143, 'Tutsak', 188, 'Pop', '2025-05-28', 163, 'https://picsum.photos/seed/album143/300/300');
INSERT INTO SONGS (song_id, album_id, title, duration, genre, release_date, song_rank, image) VALUES (225, 63, 'Yanıltan Çıkmazlar', 292, 'Pop', '2025-05-28', 573, 'https://picsum.photos/seed/album63/300/300');
INSERT INTO SONGS (song_id, album_id, title, duration, genre, release_date, song_rank, image) VALUES (226, 104, 'Affet', 180, 'Pop', '2025-05-28', 989, 'https://picsum.photos/seed/album104/300/300');
INSERT INTO SONGS (song_id, album_id, title, duration, genre, release_date, song_rank, image) VALUES (227, 135, 'Kayıp Hikaye', 193, 'Arabesk', '2025-05-28', 520, 'https://picsum.photos/seed/album135/300/300');
INSERT INTO SONGS (song_id, album_id, title, duration, genre, release_date, song_rank, image) VALUES (228, 80, 'Sessiz Çatlaklar', 251, 'Arabesk', '2025-05-28', 618, 'https://picsum.photos/seed/album80/300/300');
INSERT INTO SONGS (song_id, album_id, title, duration, genre, release_date, song_rank, image) VALUES (229, 57, 'Sakin Sarsıntılar', 217, 'Pop', '2025-05-28', 78, 'https://picsum.photos/seed/album57/300/300');
INSERT INTO SONGS (song_id, album_id, title, duration, genre, release_date, song_rank, image) VALUES (230, 127, 'Yanıltan Sesler', 261, 'Pop', '2025-05-28', 949, 'https://picsum.photos/seed/album127/300/300');
INSERT INTO SONGS (song_id, album_id, title, duration, genre, release_date, song_rank, image) VALUES (231, 155, 'Yana Yana', 234, 'Pop', '2025-05-28', 763, 'https://picsum.photos/seed/album155/300/300');
INSERT INTO SONGS (song_id, album_id, title, duration, genre, release_date, song_rank, image) VALUES (232, 111, 'Kayıp Umutlar', 202, 'Pop', '2025-05-28', 604, 'https://picsum.photos/seed/album111/300/300');
INSERT INTO SONGS (song_id, album_id, title, duration, genre, release_date, song_rank, image) VALUES (233, 112, 'Bensiz Bekleyişler', 190, 'Pop', '2025-05-28', 767, 'https://picsum.photos/seed/album112/300/300');
INSERT INTO SONGS (song_id, album_id, title, duration, genre, release_date, song_rank, image) VALUES (234, 94, 'Sonsuz Sessizlik', 198, 'Arabesk', '2025-05-28', 8, 'https://picsum.photos/seed/album94/300/300');
INSERT INTO SONGS (song_id, album_id, title, duration, genre, release_date, song_rank, image) VALUES (235, 46, 'Salah', 292, 'Rap', '2025-05-28', 977, 'https://picsum.photos/seed/album46/300/300');
INSERT INTO SONGS (song_id, album_id, title, duration, genre, release_date, song_rank, image) VALUES (236, 6, 'Yıkılmam', 280, 'Rap', '2025-05-28', 379, 'https://picsum.photos/seed/album6/300/300');
INSERT INTO SONGS (song_id, album_id, title, duration, genre, release_date, song_rank, image) VALUES (237, 159, 'Yalnızlık Hikayesi', 197, 'Arabesk', '2025-05-28', 891, 'https://picsum.photos/seed/album159/300/300');
INSERT INTO SONGS (song_id, album_id, title, duration, genre, release_date, song_rank, image) VALUES (238, 134, 'Affet', 200, 'Rap', '2025-05-28', 993, 'https://picsum.photos/seed/album134/300/300');
INSERT INTO SONGS (song_id, album_id, title, duration, genre, release_date, song_rank, image) VALUES (239, 183, 'Gökyüzü', 216, 'Arabesk', '2025-05-28', 98, 'https://picsum.photos/seed/album183/300/300');
INSERT INTO SONGS (song_id, album_id, title, duration, genre, release_date, song_rank, image) VALUES (240, 138, 'Romantik Anlar', 292, 'Rap', '2025-05-28', 837, 'https://picsum.photos/seed/album138/300/300');
INSERT INTO SONGS (song_id, album_id, title, duration, genre, release_date, song_rank, image) VALUES (241, 53, 'Kapanmaz', 267, 'Rap', '2025-05-28', 717, 'https://picsum.photos/seed/album53/300/300');
INSERT INTO SONGS (song_id, album_id, title, duration, genre, release_date, song_rank, image) VALUES (242, 128, 'Ardında Umutlar', 271, 'Pop', '2025-05-28', 152, 'https://picsum.photos/seed/album128/300/300');
INSERT INTO SONGS (song_id, album_id, title, duration, genre, release_date, song_rank, image) VALUES (243, 38, 'Derin Yaralar', 242, 'Pop', '2025-05-28', 400, 'https://picsum.photos/seed/album38/300/300');
INSERT INTO SONGS (song_id, album_id, title, duration, genre, release_date, song_rank, image) VALUES (244, 101, 'Yük', 183, 'Pop', '2025-05-28', 594, 'https://picsum.photos/seed/album101/300/300');
INSERT INTO SONGS (song_id, album_id, title, duration, genre, release_date, song_rank, image) VALUES (245, 35, 'Sonsuz Yolculuk', 202, 'Pop', '2025-05-28', 310, 'https://picsum.photos/seed/album35/300/300');
INSERT INTO SONGS (song_id, album_id, title, duration, genre, release_date, song_rank, image) VALUES (246, 99, 'Gitme Kalbimde', 299, 'Arabesk', '2025-05-28', 661, 'https://picsum.photos/seed/album99/300/300');
INSERT INTO SONGS (song_id, album_id, title, duration, genre, release_date, song_rank, image) VALUES (247, 113, 'Yanıltan Umutlar', 186, 'Pop', '2025-05-28', 3, 'https://picsum.photos/seed/album113/300/300');
INSERT INTO SONGS (song_id, album_id, title, duration, genre, release_date, song_rank, image) VALUES (248, 106, 'Kilit', 200, 'Arabesk', '2025-05-28', 248, 'https://picsum.photos/seed/album106/300/300');
INSERT INTO SONGS (song_id, album_id, title, duration, genre, release_date, song_rank, image) VALUES (249, 132, 'Pişman', 277, 'Pop', '2025-05-28', 304, 'https://picsum.photos/seed/album132/300/300');
INSERT INTO SONGS (song_id, album_id, title, duration, genre, release_date, song_rank, image) VALUES (250, 55, 'Sessiz Dalgalar', 266, 'Rap', '2025-05-28', 325, 'https://picsum.photos/seed/album55/300/300');
INSERT INTO SONGS (song_id, album_id, title, duration, genre, release_date, song_rank, image) VALUES (251, 92, 'Samimi Günler', 238, 'Rap', '2025-05-28', 390, 'https://picsum.photos/seed/album92/300/300');
INSERT INTO SONGS (song_id, album_id, title, duration, genre, release_date, song_rank, image) VALUES (252, 101, 'Yaralı Eller', 261, 'Arabesk', '2025-05-28', 199, 'https://picsum.photos/seed/album101/300/300');
INSERT INTO SONGS (song_id, album_id, title, duration, genre, release_date, song_rank, image) VALUES (253, 157, 'Zamansızdık', 294, 'Rap', '2025-05-28', 839, 'https://picsum.photos/seed/album157/300/300');
INSERT INTO SONGS (song_id, album_id, title, duration, genre, release_date, song_rank, image) VALUES (254, 52, 'Yaralı Kanatlar', 257, 'Pop', '2025-05-28', 504, 'https://picsum.photos/seed/album52/300/300');
INSERT INTO SONGS (song_id, album_id, title, duration, genre, release_date, song_rank, image) VALUES (255, 65, 'Sessiz Çığlık', 219, 'Rap', '2025-05-28', 699, 'https://picsum.photos/seed/album65/300/300');
INSERT INTO SONGS (song_id, album_id, title, duration, genre, release_date, song_rank, image) VALUES (256, 195, 'Romantik Yağmur', 195, 'Rap', '2025-05-28', 21, 'https://picsum.photos/seed/album195/300/300');
INSERT INTO SONGS (song_id, album_id, title, duration, genre, release_date, song_rank, image) VALUES (257, 93, 'Yaralı Hayaller', 223, 'Arabesk', '2025-05-28', 236, 'https://picsum.photos/seed/album93/300/300');
INSERT INTO SONGS (song_id, album_id, title, duration, genre, release_date, song_rank, image) VALUES (258, 1, 'Yıkık Eller', 298, 'Pop', '2025-05-28', 909, 'https://picsum.photos/seed/album1/300/300');
INSERT INTO SONGS (song_id, album_id, title, duration, genre, release_date, song_rank, image) VALUES (259, 86, 'Gözlerindeki Çığlık', 212, 'Rap', '2025-05-28', 437, 'https://picsum.photos/seed/album86/300/300');
INSERT INTO SONGS (song_id, album_id, title, duration, genre, release_date, song_rank, image) VALUES (260, 183, 'Yalnızlık Çıkmazı', 288, 'Arabesk', '2025-05-28', 664, 'https://picsum.photos/seed/album183/300/300');
INSERT INTO SONGS (song_id, album_id, title, duration, genre, release_date, song_rank, image) VALUES (261, 172, 'Gözlerindeki Çukur', 249, 'Rap', '2025-05-28', 914, 'https://picsum.photos/seed/album172/300/300');
INSERT INTO SONGS (song_id, album_id, title, duration, genre, release_date, song_rank, image) VALUES (262, 102, 'Bensizken Ağla', 264, 'Arabesk', '2025-05-28', 552, 'https://picsum.photos/seed/album102/300/300');
INSERT INTO SONGS (song_id, album_id, title, duration, genre, release_date, song_rank, image) VALUES (263, 113, 'Unutulmuş Sözler', 254, 'Arabesk', '2025-05-28', 911, 'https://picsum.photos/seed/album113/300/300');
INSERT INTO SONGS (song_id, album_id, title, duration, genre, release_date, song_rank, image) VALUES (264, 108, 'Samimi Günbatımı', 251, 'Arabesk', '2025-05-28', 6, 'https://picsum.photos/seed/album108/300/300');
INSERT INTO SONGS (song_id, album_id, title, duration, genre, release_date, song_rank, image) VALUES (265, 198, 'Saklanan Gözyaşı', 193, 'Arabesk', '2025-05-28', 116, 'https://picsum.photos/seed/album198/300/300');
INSERT INTO SONGS (song_id, album_id, title, duration, genre, release_date, song_rank, image) VALUES (266, 47, 'Kayıp', 241, 'Pop', '2025-05-28', 213, 'https://picsum.photos/seed/album47/300/300');
INSERT INTO SONGS (song_id, album_id, title, duration, genre, release_date, song_rank, image) VALUES (267, 10, 'Gözlerindeki Umutlar', 252, 'Rap', '2025-05-28', 791, 'https://picsum.photos/seed/album10/300/300');
INSERT INTO SONGS (song_id, album_id, title, duration, genre, release_date, song_rank, image) VALUES (268, 63, 'Kapanmayan Hayaller', 292, 'Rap', '2025-05-28', 181, 'https://picsum.photos/seed/album63/300/300');
INSERT INTO SONGS (song_id, album_id, title, duration, genre, release_date, song_rank, image) VALUES (269, 58, 'Yalancı Sözler', 249, 'Rap', '2025-05-28', 701, 'https://picsum.photos/seed/album58/300/300');
INSERT INTO SONGS (song_id, album_id, title, duration, genre, release_date, song_rank, image) VALUES (270, 196, 'Yas', 215, 'Arabesk', '2025-05-28', 828, 'https://picsum.photos/seed/album196/300/300');
INSERT INTO SONGS (song_id, album_id, title, duration, genre, release_date, song_rank, image) VALUES (271, 29, 'Boş Duygular', 239, 'Rap', '2025-05-28', 817, 'https://picsum.photos/seed/album29/300/300');
INSERT INTO SONGS (song_id, album_id, title, duration, genre, release_date, song_rank, image) VALUES (272, 133, 'Bekleyen Hayal', 200, 'Arabesk', '2025-05-28', 368, 'https://picsum.photos/seed/album133/300/300');
INSERT INTO SONGS (song_id, album_id, title, duration, genre, release_date, song_rank, image) VALUES (273, 23, 'Kaybolan İzler', 217, 'Pop', '2025-05-28', 682, 'https://picsum.photos/seed/album23/300/300');
INSERT INTO SONGS (song_id, album_id, title, duration, genre, release_date, song_rank, image) VALUES (274, 105, 'Bekle Beni', 267, 'Arabesk', '2025-05-28', 452, 'https://picsum.photos/seed/album105/300/300');
INSERT INTO SONGS (song_id, album_id, title, duration, genre, release_date, song_rank, image) VALUES (275, 1, 'Yalnızlık Zamanı', 266, 'Arabesk', '2025-05-28', 360, 'https://picsum.photos/seed/album1/300/300');
INSERT INTO SONGS (song_id, album_id, title, duration, genre, release_date, song_rank, image) VALUES (276, 141, 'Bekleyen Umutlar', 280, 'Rap', '2025-05-28', 525, 'https://picsum.photos/seed/album141/300/300');
INSERT INTO SONGS (song_id, album_id, title, duration, genre, release_date, song_rank, image) VALUES (277, 76, 'Unutulmaz Gözler', 185, 'Arabesk', '2025-05-28', 627, 'https://picsum.photos/seed/album76/300/300');
INSERT INTO SONGS (song_id, album_id, title, duration, genre, release_date, song_rank, image) VALUES (278, 41, 'Savrulan Gözyaşları', 218, 'Rap', '2025-05-28', 917, 'https://picsum.photos/seed/album41/300/300');
INSERT INTO SONGS (song_id, album_id, title, duration, genre, release_date, song_rank, image) VALUES (279, 13, 'Sakın Gitme', 219, 'Pop', '2025-05-28', 995, 'https://picsum.photos/seed/album13/300/300');
INSERT INTO SONGS (song_id, album_id, title, duration, genre, release_date, song_rank, image) VALUES (280, 121, 'Sabır', 293, 'Pop', '2025-05-28', 166, 'https://picsum.photos/seed/album121/300/300');
INSERT INTO SONGS (song_id, album_id, title, duration, genre, release_date, song_rank, image) VALUES (281, 34, 'Dikenli Sesler', 183, 'Pop', '2025-05-28', 604, 'https://picsum.photos/seed/album34/300/300');
INSERT INTO SONGS (song_id, album_id, title, duration, genre, release_date, song_rank, image) VALUES (282, 189, 'Dikenli Rüyalar', 268, 'Rap', '2025-05-28', 339, 'https://picsum.photos/seed/album189/300/300');
INSERT INTO SONGS (song_id, album_id, title, duration, genre, release_date, song_rank, image) VALUES (283, 43, 'Savrulan Gözyaşı', 234, 'Pop', '2025-05-28', 576, 'https://picsum.photos/seed/album43/300/300');
INSERT INTO SONGS (song_id, album_id, title, duration, genre, release_date, song_rank, image) VALUES (284, 59, 'Saklanan Eller', 181, 'Rap', '2025-05-28', 736, 'https://picsum.photos/seed/album59/300/300');
INSERT INTO SONGS (song_id, album_id, title, duration, genre, release_date, song_rank, image) VALUES (285, 166, 'Beklemekten Yorgun', 180, 'Rap', '2025-05-28', 271, 'https://picsum.photos/seed/album166/300/300');
INSERT INTO SONGS (song_id, album_id, title, duration, genre, release_date, song_rank, image) VALUES (286, 186, 'Affet', 181, 'Arabesk', '2025-05-28', 479, 'https://picsum.photos/seed/album186/300/300');
INSERT INTO SONGS (song_id, album_id, title, duration, genre, release_date, song_rank, image) VALUES (287, 18, 'Yaralı Düşler', 260, 'Pop', '2025-05-28', 984, 'https://picsum.photos/seed/album18/300/300');
INSERT INTO SONGS (song_id, album_id, title, duration, genre, release_date, song_rank, image) VALUES (288, 181, 'Bensiz Olmaz', 181, 'Rap', '2025-05-28', 743, 'https://picsum.photos/seed/album181/300/300');
INSERT INTO SONGS (song_id, album_id, title, duration, genre, release_date, song_rank, image) VALUES (289, 151, 'Sessiz Sözler', 252, 'Arabesk', '2025-05-28', 626, 'https://picsum.photos/seed/album151/300/300');
INSERT INTO SONGS (song_id, album_id, title, duration, genre, release_date, song_rank, image) VALUES (290, 28, 'Derin İzi', 287, 'Arabesk', '2025-05-28', 314, 'https://picsum.photos/seed/album28/300/300');
INSERT INTO SONGS (song_id, album_id, title, duration, genre, release_date, song_rank, image) VALUES (291, 119, 'Yanıltan Hayaller', 276, 'Pop', '2025-05-28', 675, 'https://picsum.photos/seed/album119/300/300');
INSERT INTO SONGS (song_id, album_id, title, duration, genre, release_date, song_rank, image) VALUES (292, 172, 'Gitmek Üzere', 284, 'Pop', '2025-05-28', 293, 'https://picsum.photos/seed/album172/300/300');
INSERT INTO SONGS (song_id, album_id, title, duration, genre, release_date, song_rank, image) VALUES (293, 154, 'Ardında Kalanlar', 279, 'Rap', '2025-05-28', 255, 'https://picsum.photos/seed/album154/300/300');
INSERT INTO SONGS (song_id, album_id, title, duration, genre, release_date, song_rank, image) VALUES (294, 143, 'Gece', 195, 'Rap', '2025-05-28', 504, 'https://picsum.photos/seed/album143/300/300');
INSERT INTO SONGS (song_id, album_id, title, duration, genre, release_date, song_rank, image) VALUES (295, 25, 'Gecemi Al', 295, 'Arabesk', '2025-05-28', 403, 'https://picsum.photos/seed/album25/300/300');
INSERT INTO SONGS (song_id, album_id, title, duration, genre, release_date, song_rank, image) VALUES (296, 160, 'Sakin Anlar', 185, 'Rap', '2025-05-28', 589, 'https://picsum.photos/seed/album160/300/300');
INSERT INTO SONGS (song_id, album_id, title, duration, genre, release_date, song_rank, image) VALUES (297, 60, 'Sessiz Fırtına', 298, 'Pop', '2025-05-28', 372, 'https://picsum.photos/seed/album60/300/300');
INSERT INTO SONGS (song_id, album_id, title, duration, genre, release_date, song_rank, image) VALUES (298, 117, 'Yaşanacaksa', 214, 'Rap', '2025-05-28', 67, 'https://picsum.photos/seed/album117/300/300');
INSERT INTO SONGS (song_id, album_id, title, duration, genre, release_date, song_rank, image) VALUES (299, 19, 'Yalnızlığa', 272, 'Pop', '2025-05-28', 490, 'https://picsum.photos/seed/album19/300/300');
INSERT INTO SONGS (song_id, album_id, title, duration, genre, release_date, song_rank, image) VALUES (300, 192, 'Tutunacak Bir Hayal', 180, 'Rap', '2025-05-28', 70, 'https://picsum.photos/seed/album192/300/300');
INSERT INTO SONGS (song_id, album_id, title, duration, genre, release_date, song_rank, image) VALUES (301, 6, 'Yaralı Çıkmaz', 214, 'Pop', '2025-05-28', 245, 'https://picsum.photos/seed/album6/300/300');
INSERT INTO SONGS (song_id, album_id, title, duration, genre, release_date, song_rank, image) VALUES (302, 72, 'Gitme Vakti', 180, 'Arabesk', '2025-05-28', 886, 'https://picsum.photos/seed/album72/300/300');
INSERT INTO SONGS (song_id, album_id, title, duration, genre, release_date, song_rank, image) VALUES (303, 116, 'Sonsuz Bir Yalnızlık', 269, 'Arabesk', '2025-05-28', 784, 'https://picsum.photos/seed/album116/300/300');
INSERT INTO SONGS (song_id, album_id, title, duration, genre, release_date, song_rank, image) VALUES (304, 87, 'Fısıltı', 263, 'Rap', '2025-05-28', 475, 'https://picsum.photos/seed/album87/300/300');
INSERT INTO SONGS (song_id, album_id, title, duration, genre, release_date, song_rank, image) VALUES (305, 123, 'Bekleyen Çatlaklar', 277, 'Pop', '2025-05-28', 381, 'https://picsum.photos/seed/album123/300/300');
INSERT INTO SONGS (song_id, album_id, title, duration, genre, release_date, song_rank, image) VALUES (306, 79, 'Sonsuza Uçuş', 246, 'Arabesk', '2025-05-28', 603, 'https://picsum.photos/seed/album79/300/300');
INSERT INTO SONGS (song_id, album_id, title, duration, genre, release_date, song_rank, image) VALUES (307, 73, 'Dikenli Umutlar', 280, 'Pop', '2025-05-28', 289, 'https://picsum.photos/seed/album73/300/300');
INSERT INTO SONGS (song_id, album_id, title, duration, genre, release_date, song_rank, image) VALUES (308, 126, 'Bensiz Arayış', 197, 'Arabesk', '2025-05-28', 889, 'https://picsum.photos/seed/album126/300/300');
INSERT INTO SONGS (song_id, album_id, title, duration, genre, release_date, song_rank, image) VALUES (309, 182, 'Yıkık Gözler', 282, 'Rap', '2025-05-28', 426, 'https://picsum.photos/seed/album182/300/300');
INSERT INTO SONGS (song_id, album_id, title, duration, genre, release_date, song_rank, image) VALUES (310, 26, 'Nerdesin', 283, 'Rap', '2025-05-28', 300, 'https://picsum.photos/seed/album26/300/300');
INSERT INTO SONGS (song_id, album_id, title, duration, genre, release_date, song_rank, image) VALUES (311, 66, 'Gitsem de Kalırım', 284, 'Pop', '2025-05-28', 382, 'https://picsum.photos/seed/album66/300/300');
INSERT INTO SONGS (song_id, album_id, title, duration, genre, release_date, song_rank, image) VALUES (312, 130, 'Yanıltan Çığlıklar', 294, 'Rap', '2025-05-28', 37, 'https://picsum.photos/seed/album130/300/300');
INSERT INTO SONGS (song_id, album_id, title, duration, genre, release_date, song_rank, image) VALUES (313, 6, 'Gitmek Zorundayım', 181, 'Pop', '2025-05-28', 221, 'https://picsum.photos/seed/album6/300/300');
INSERT INTO SONGS (song_id, album_id, title, duration, genre, release_date, song_rank, image) VALUES (314, 159, 'Samimi Geceler', 296, 'Pop', '2025-05-28', 623, 'https://picsum.photos/seed/album159/300/300');
INSERT INTO SONGS (song_id, album_id, title, duration, genre, release_date, song_rank, image) VALUES (315, 161, 'Savrulan Hayaller', 228, 'Arabesk', '2025-05-28', 108, 'https://picsum.photos/seed/album161/300/300');
INSERT INTO SONGS (song_id, album_id, title, duration, genre, release_date, song_rank, image) VALUES (316, 50, 'Ucl music', 300, 'Rap', '2025-05-28', 384, 'https://picsum.photos/seed/album50/300/300');
INSERT INTO SONGS (song_id, album_id, title, duration, genre, release_date, song_rank, image) VALUES (317, 183, 'Tutunacak Bir Çıkmaz', 256, 'Arabesk', '2025-05-28', 631, 'https://picsum.photos/seed/album183/300/300');
INSERT INTO SONGS (song_id, album_id, title, duration, genre, release_date, song_rank, image) VALUES (318, 86, 'Kaybolmuş Duygular', 215, 'Rap', '2025-05-28', 416, 'https://picsum.photos/seed/album86/300/300');
INSERT INTO SONGS (song_id, album_id, title, duration, genre, release_date, song_rank, image) VALUES (319, 143, 'Diken Arasında', 261, 'Pop', '2025-05-28', 177, 'https://picsum.photos/seed/album143/300/300');
INSERT INTO SONGS (song_id, album_id, title, duration, genre, release_date, song_rank, image) VALUES (320, 188, 'Aynalar', 221, 'Arabesk', '2025-05-28', 263, 'https://picsum.photos/seed/album188/300/300');
INSERT INTO SONGS (song_id, album_id, title, duration, genre, release_date, song_rank, image) VALUES (321, 40, 'Paparazzi', 211, 'Rap', '2025-05-28', 466, 'https://picsum.photos/seed/album40/300/300');
INSERT INTO SONGS (song_id, album_id, title, duration, genre, release_date, song_rank, image) VALUES (322, 148, 'Dikenli Çıkmazlar', 229, 'Arabesk', '2025-05-28', 916, 'https://picsum.photos/seed/album148/300/300');
INSERT INTO SONGS (song_id, album_id, title, duration, genre, release_date, song_rank, image) VALUES (323, 57, 'Derman', 279, 'Pop', '2025-05-28', 56, 'https://picsum.photos/seed/album57/300/300');
INSERT INTO SONGS (song_id, album_id, title, duration, genre, release_date, song_rank, image) VALUES (324, 144, 'Savrulan Yıllar', 187, 'Rap', '2025-05-28', 368, 'https://picsum.photos/seed/album144/300/300');
INSERT INTO SONGS (song_id, album_id, title, duration, genre, release_date, song_rank, image) VALUES (325, 150, 'Yanıltan Zamanlar', 215, 'Pop', '2025-05-28', 574, 'https://picsum.photos/seed/album150/300/300');
INSERT INTO SONGS (song_id, album_id, title, duration, genre, release_date, song_rank, image) VALUES (326, 75, 'Gözlerindeki Çatlaklar', 293, 'Arabesk', '2025-05-28', 284, 'https://picsum.photos/seed/album75/300/300');
INSERT INTO SONGS (song_id, album_id, title, duration, genre, release_date, song_rank, image) VALUES (327, 103, 'Yaralı Duygular', 276, 'Pop', '2025-05-28', 936, 'https://picsum.photos/seed/album103/300/300');
INSERT INTO SONGS (song_id, album_id, title, duration, genre, release_date, song_rank, image) VALUES (328, 118, 'Sessiz Günler', 218, 'Pop', '2025-05-28', 262, 'https://picsum.photos/seed/album118/300/300');
INSERT INTO SONGS (song_id, album_id, title, duration, genre, release_date, song_rank, image) VALUES (329, 126, 'Dikenler Arasında', 297, 'Pop', '2025-05-28', 920, 'https://picsum.photos/seed/album126/300/300');
INSERT INTO SONGS (song_id, album_id, title, duration, genre, release_date, song_rank, image) VALUES (330, 174, 'Bitti', 288, 'Pop', '2025-05-28', 370, 'https://picsum.photos/seed/album174/300/300');
INSERT INTO SONGS (song_id, album_id, title, duration, genre, release_date, song_rank, image) VALUES (331, 11, 'Kaybolan Aşklar', 242, 'Rap', '2025-05-28', 194, 'https://picsum.photos/seed/album11/300/300');
INSERT INTO SONGS (song_id, album_id, title, duration, genre, release_date, song_rank, image) VALUES (332, 108, 'Sonsuza Kadar Senin', 213, 'Pop', '2025-05-28', 274, 'https://picsum.photos/seed/album108/300/300');
INSERT INTO SONGS (song_id, album_id, title, duration, genre, release_date, song_rank, image) VALUES (333, 121, 'Sessiz Hayaller', 213, 'Rap', '2025-05-28', 374, 'https://picsum.photos/seed/album121/300/300');
INSERT INTO SONGS (song_id, album_id, title, duration, genre, release_date, song_rank, image) VALUES (334, 136, 'Yıkık Şehir', 183, 'Arabesk', '2025-05-28', 564, 'https://picsum.photos/seed/album136/300/300');
INSERT INTO SONGS (song_id, album_id, title, duration, genre, release_date, song_rank, image) VALUES (335, 193, 'Dikenli Umut', 267, 'Rap', '2025-05-28', 922, 'https://picsum.photos/seed/album193/300/300');
INSERT INTO SONGS (song_id, album_id, title, duration, genre, release_date, song_rank, image) VALUES (336, 35, 'Tutunamam Sana', 256, 'Pop', '2025-05-28', 462, 'https://picsum.photos/seed/album35/300/300');
INSERT INTO SONGS (song_id, album_id, title, duration, genre, release_date, song_rank, image) VALUES (337, 47, 'Kayıp Gökyüzü', 203, 'Arabesk', '2025-05-28', 409, 'https://picsum.photos/seed/album47/300/300');
INSERT INTO SONGS (song_id, album_id, title, duration, genre, release_date, song_rank, image) VALUES (338, 103, 'Yaralı Nefes', 287, 'Arabesk', '2025-05-28', 818, 'https://picsum.photos/seed/album103/300/300');
INSERT INTO SONGS (song_id, album_id, title, duration, genre, release_date, song_rank, image) VALUES (339, 148, 'Dikenli Bekleyiş', 245, 'Arabesk', '2025-05-28', 555, 'https://picsum.photos/seed/album148/300/300');
INSERT INTO SONGS (song_id, album_id, title, duration, genre, release_date, song_rank, image) VALUES (340, 145, 'Kayıp Bahar', 276, 'Arabesk', '2025-05-28', 344, 'https://picsum.photos/seed/album145/300/300');
INSERT INTO SONGS (song_id, album_id, title, duration, genre, release_date, song_rank, image) VALUES (341, 22, 'Bekleme', 238, 'Rap', '2025-05-28', 926, 'https://picsum.photos/seed/album22/300/300');
INSERT INTO SONGS (song_id, album_id, title, duration, genre, release_date, song_rank, image) VALUES (342, 35, 'Boşluğa Dalmak', 223, 'Arabesk', '2025-05-28', 336, 'https://picsum.photos/seed/album35/300/300');
INSERT INTO SONGS (song_id, album_id, title, duration, genre, release_date, song_rank, image) VALUES (343, 80, 'Gitme Zamanı', 226, 'Pop', '2025-05-28', 654, 'https://picsum.photos/seed/album80/300/300');
INSERT INTO SONGS (song_id, album_id, title, duration, genre, release_date, song_rank, image) VALUES (344, 53, 'Kaybolmuş Anılar', 243, 'Pop', '2025-05-28', 78, 'https://picsum.photos/seed/album53/300/300');
INSERT INTO SONGS (song_id, album_id, title, duration, genre, release_date, song_rank, image) VALUES (345, 125, 'Kırılmış Kanatlar', 216, 'Pop', '2025-05-28', 824, 'https://picsum.photos/seed/album125/300/300');
INSERT INTO SONGS (song_id, album_id, title, duration, genre, release_date, song_rank, image) VALUES (346, 154, 'Ardında Hatıralar', 270, 'Rap', '2025-05-28', 34, 'https://picsum.photos/seed/album154/300/300');
INSERT INTO SONGS (song_id, album_id, title, duration, genre, release_date, song_rank, image) VALUES (347, 125, 'Yaralı Çıkmaz', 252, 'Pop', '2025-05-28', 217, 'https://picsum.photos/seed/album125/300/300');
INSERT INTO SONGS (song_id, album_id, title, duration, genre, release_date, song_rank, image) VALUES (348, 68, 'Yanıltıcı Umut', 238, 'Pop', '2025-05-28', 64, 'https://picsum.photos/seed/album68/300/300');
INSERT INTO SONGS (song_id, album_id, title, duration, genre, release_date, song_rank, image) VALUES (349, 42, 'İçimdeki Fırtına', 185, 'Pop', '2025-05-28', 823, 'https://picsum.photos/seed/album42/300/300');
INSERT INTO SONGS (song_id, album_id, title, duration, genre, release_date, song_rank, image) VALUES (350, 135, 'Yaralı Hayal', 241, 'Pop', '2025-05-28', 474, 'https://picsum.photos/seed/album135/300/300');
INSERT INTO SONGS (song_id, album_id, title, duration, genre, release_date, song_rank, image) VALUES (351, 130, 'Kırık Kanatlar', 269, 'Rap', '2025-05-28', 1000, 'https://picsum.photos/seed/album130/300/300');
INSERT INTO SONGS (song_id, album_id, title, duration, genre, release_date, song_rank, image) VALUES (352, 125, 'Sakin Sinyaller', 268, 'Pop', '2025-05-28', 328, 'https://picsum.photos/seed/album125/300/300');
INSERT INTO SONGS (song_id, album_id, title, duration, genre, release_date, song_rank, image) VALUES (353, 173, 'Vahşi Bulutlar', 194, 'Rap', '2025-05-28', 881, 'https://picsum.photos/seed/album173/300/300');
INSERT INTO SONGS (song_id, album_id, title, duration, genre, release_date, song_rank, image) VALUES (354, 54, 'Boş Sayfa', 290, 'Arabesk', '2025-05-28', 67, 'https://picsum.photos/seed/album54/300/300');
INSERT INTO SONGS (song_id, album_id, title, duration, genre, release_date, song_rank, image) VALUES (355, 74, 'Yaralı Kalp Atışı', 245, 'Arabesk', '2025-05-28', 526, 'https://picsum.photos/seed/album74/300/300');
INSERT INTO SONGS (song_id, album_id, title, duration, genre, release_date, song_rank, image) VALUES (356, 62, 'Ardında Hatıralar', 186, 'Arabesk', '2025-05-28', 19, 'https://picsum.photos/seed/album62/300/300');
INSERT INTO SONGS (song_id, album_id, title, duration, genre, release_date, song_rank, image) VALUES (357, 154, 'Boşalan Kalp', 205, 'Rap', '2025-05-28', 645, 'https://picsum.photos/seed/album154/300/300');
INSERT INTO SONGS (song_id, album_id, title, duration, genre, release_date, song_rank, image) VALUES (358, 2, 'Çukur', 250, 'Rap', '2025-05-28', 217, 'https://picsum.photos/seed/album2/300/300');
INSERT INTO SONGS (song_id, album_id, title, duration, genre, release_date, song_rank, image) VALUES (359, 17, 'Yanlış', 183, 'Rap', '2025-05-28', 394, 'https://picsum.photos/seed/album17/300/300');
INSERT INTO SONGS (song_id, album_id, title, duration, genre, release_date, song_rank, image) VALUES (360, 106, 'Tutunamazsın', 234, 'Pop', '2025-05-28', 948, 'https://picsum.photos/seed/album106/300/300');
INSERT INTO SONGS (song_id, album_id, title, duration, genre, release_date, song_rank, image) VALUES (361, 184, 'Saklı Yol', 252, 'Pop', '2025-05-28', 633, 'https://picsum.photos/seed/album184/300/300');
INSERT INTO SONGS (song_id, album_id, title, duration, genre, release_date, song_rank, image) VALUES (362, 89, 'Bekleyen Çıkmazlar', 298, 'Arabesk', '2025-05-28', 584, 'https://picsum.photos/seed/album89/300/300');
INSERT INTO SONGS (song_id, album_id, title, duration, genre, release_date, song_rank, image) VALUES (363, 196, 'Ardında Kalırım', 227, 'Rap', '2025-05-28', 536, 'https://picsum.photos/seed/album196/300/300');
INSERT INTO SONGS (song_id, album_id, title, duration, genre, release_date, song_rank, image) VALUES (364, 70, 'Yıkıl', 200, 'Rap', '2025-05-28', 667, 'https://picsum.photos/seed/album70/300/300');
INSERT INTO SONGS (song_id, album_id, title, duration, genre, release_date, song_rank, image) VALUES (365, 123, 'Gözlerindeki Bekleyiş', 282, 'Rap', '2025-05-28', 707, 'https://picsum.photos/seed/album123/300/300');
INSERT INTO SONGS (song_id, album_id, title, duration, genre, release_date, song_rank, image) VALUES (366, 60, 'Mektup', 295, 'Arabesk', '2025-05-28', 645, 'https://picsum.photos/seed/album60/300/300');
INSERT INTO SONGS (song_id, album_id, title, duration, genre, release_date, song_rank, image) VALUES (367, 119, 'Yıkık Günler', 280, 'Arabesk', '2025-05-28', 492, 'https://picsum.photos/seed/album119/300/300');
INSERT INTO SONGS (song_id, album_id, title, duration, genre, release_date, song_rank, image) VALUES (368, 140, 'Bir Gün', 201, 'Rap', '2025-05-28', 341, 'https://picsum.photos/seed/album140/300/300');
INSERT INTO SONGS (song_id, album_id, title, duration, genre, release_date, song_rank, image) VALUES (369, 136, 'Yıkık Zaman', 243, 'Arabesk', '2025-05-28', 530, 'https://picsum.photos/seed/album136/300/300');
INSERT INTO SONGS (song_id, album_id, title, duration, genre, release_date, song_rank, image) VALUES (370, 30, 'Yanıltan Umutlar', 280, 'Rap', '2025-05-28', 153, 'https://picsum.photos/seed/album30/300/300');
INSERT INTO SONGS (song_id, album_id, title, duration, genre, release_date, song_rank, image) VALUES (371, 33, 'Saklı Gözyaşı', 225, 'Arabesk', '2025-05-28', 46, 'https://picsum.photos/seed/album33/300/300');
INSERT INTO SONGS (song_id, album_id, title, duration, genre, release_date, song_rank, image) VALUES (372, 120, 'Samimi Ritimler', 201, 'Pop', '2025-05-28', 470, 'https://picsum.photos/seed/album120/300/300');
INSERT INTO SONGS (song_id, album_id, title, duration, genre, release_date, song_rank, image) VALUES (373, 66, 'Yasak', 180, 'Arabesk', '2025-05-28', 338, 'https://picsum.photos/seed/album66/300/300');
INSERT INTO SONGS (song_id, album_id, title, duration, genre, release_date, song_rank, image) VALUES (374, 146, 'Deli', 249, 'Arabesk', '2025-05-28', 505, 'https://picsum.photos/seed/album146/300/300');
INSERT INTO SONGS (song_id, album_id, title, duration, genre, release_date, song_rank, image) VALUES (375, 102, 'Savrulan Anlamlar', 193, 'Pop', '2025-05-28', 804, 'https://picsum.photos/seed/album102/300/300');
INSERT INTO SONGS (song_id, album_id, title, duration, genre, release_date, song_rank, image) VALUES (376, 143, 'Kalp', 197, 'Arabesk', '2025-05-28', 360, 'https://picsum.photos/seed/album143/300/300');
INSERT INTO SONGS (song_id, album_id, title, duration, genre, release_date, song_rank, image) VALUES (377, 93, 'Yeniden', 188, 'Pop', '2025-05-28', 946, 'https://picsum.photos/seed/album93/300/300');
INSERT INTO SONGS (song_id, album_id, title, duration, genre, release_date, song_rank, image) VALUES (378, 161, 'Gitmek İstiyorum', 286, 'Arabesk', '2025-05-28', 679, 'https://picsum.photos/seed/album161/300/300');
INSERT INTO SONGS (song_id, album_id, title, duration, genre, release_date, song_rank, image) VALUES (379, 13, 'Kapanmaz Bekleyiş', 288, 'Arabesk', '2025-05-28', 722, 'https://picsum.photos/seed/album13/300/300');
INSERT INTO SONGS (song_id, album_id, title, duration, genre, release_date, song_rank, image) VALUES (380, 85, 'Saklanan İzler', 276, 'Arabesk', '2025-05-28', 631, 'https://picsum.photos/seed/album85/300/300');
INSERT INTO SONGS (song_id, album_id, title, duration, genre, release_date, song_rank, image) VALUES (381, 5, 'Yaralı Sözler', 287, 'Rap', '2025-05-28', 41, 'https://picsum.photos/seed/album5/300/300');
INSERT INTO SONGS (song_id, album_id, title, duration, genre, release_date, song_rank, image) VALUES (382, 90, 'Hatıra', 298, 'Arabesk', '2025-05-28', 930, 'https://picsum.photos/seed/album90/300/300');
INSERT INTO SONGS (song_id, album_id, title, duration, genre, release_date, song_rank, image) VALUES (383, 74, 'Yıkılmış Zaman', 188, 'Pop', '2025-05-28', 703, 'https://picsum.photos/seed/album74/300/300');
INSERT INTO SONGS (song_id, album_id, title, duration, genre, release_date, song_rank, image) VALUES (384, 139, 'Gözlerinde Yalnızlık', 213, 'Arabesk', '2025-05-28', 807, 'https://picsum.photos/seed/album139/300/300');
INSERT INTO SONGS (song_id, album_id, title, duration, genre, release_date, song_rank, image) VALUES (385, 49, 'Savrulan Zaman', 253, 'Rap', '2025-05-28', 817, 'https://picsum.photos/seed/album49/300/300');
INSERT INTO SONGS (song_id, album_id, title, duration, genre, release_date, song_rank, image) VALUES (386, 172, 'Kırık Düşler', 200, 'Rap', '2025-05-28', 257, 'https://picsum.photos/seed/album172/300/300');
INSERT INTO SONGS (song_id, album_id, title, duration, genre, release_date, song_rank, image) VALUES (387, 181, 'Osimhen', 298, 'Pop', '2025-05-28', 337, 'https://picsum.photos/seed/album181/300/300');
INSERT INTO SONGS (song_id, album_id, title, duration, genre, release_date, song_rank, image) VALUES (388, 48, 'Kapanmayan Sancılar', 214, 'Pop', '2025-05-28', 841, 'https://picsum.photos/seed/album48/300/300');
INSERT INTO SONGS (song_id, album_id, title, duration, genre, release_date, song_rank, image) VALUES (389, 137, 'Kırık Hayaller', 226, 'Arabesk', '2025-05-28', 926, 'https://picsum.photos/seed/album137/300/300');
INSERT INTO SONGS (song_id, album_id, title, duration, genre, release_date, song_rank, image) VALUES (390, 174, 'Saklı Bekleyişler', 180, 'Rap', '2025-05-28', 628, 'https://picsum.photos/seed/album174/300/300');
INSERT INTO SONGS (song_id, album_id, title, duration, genre, release_date, song_rank, image) VALUES (391, 195, 'Saklı', 273, 'Rap', '2025-05-28', 19, 'https://picsum.photos/seed/album195/300/300');
INSERT INTO SONGS (song_id, album_id, title, duration, genre, release_date, song_rank, image) VALUES (392, 7, 'Yalancı Bahar', 208, 'Arabesk', '2025-05-28', 396, 'https://picsum.photos/seed/album7/300/300');
INSERT INTO SONGS (song_id, album_id, title, duration, genre, release_date, song_rank, image) VALUES (393, 43, 'Kayıp Umutlar', 227, 'Pop', '2025-05-28', 691, 'https://picsum.photos/seed/album43/300/300');
INSERT INTO SONGS (song_id, album_id, title, duration, genre, release_date, song_rank, image) VALUES (394, 142, 'Kaybolmuş İzler', 203, 'Pop', '2025-05-28', 250, 'https://picsum.photos/seed/album142/300/300');
INSERT INTO SONGS (song_id, album_id, title, duration, genre, release_date, song_rank, image) VALUES (395, 42, 'Mahkum', 277, 'Arabesk', '2025-05-28', 231, 'https://picsum.photos/seed/album42/300/300');
INSERT INTO SONGS (song_id, album_id, title, duration, genre, release_date, song_rank, image) VALUES (396, 146, 'Tamam sensin', 250, 'Pop', '2025-05-28', 73, 'https://picsum.photos/seed/album146/300/300');
INSERT INTO SONGS (song_id, album_id, title, duration, genre, release_date, song_rank, image) VALUES (397, 55, 'Yaralı Çatlaklar', 270, 'Pop', '2025-05-28', 224, 'https://picsum.photos/seed/album55/300/300');
INSERT INTO SONGS (song_id, album_id, title, duration, genre, release_date, song_rank, image) VALUES (398, 138, 'Sessiz Bekleyiş', 237, 'Rap', '2025-05-28', 411, 'https://picsum.photos/seed/album138/300/300');
INSERT INTO SONGS (song_id, album_id, title, duration, genre, release_date, song_rank, image) VALUES (399, 76, 'Kırgınlık', 293, 'Pop', '2025-05-28', 103, 'https://picsum.photos/seed/album76/300/300');
INSERT INTO SONGS (song_id, album_id, title, duration, genre, release_date, song_rank, image) VALUES (400, 200, 'Yaralı Bekleyişler', 299, 'Arabesk', '2025-05-28', 886, 'https://picsum.photos/seed/album200/300/300');
INSERT INTO SONGS (song_id, album_id, title, duration, genre, release_date, song_rank, image) VALUES (401, 187, 'Yıkılmış Çıkmaz', 211, 'Pop', '2025-05-28', 269, 'https://picsum.photos/seed/album187/300/300');
INSERT INTO SONGS (song_id, album_id, title, duration, genre, release_date, song_rank, image) VALUES (402, 20, 'Tutunamam Zaman', 197, 'Pop', '2025-05-28', 260, 'https://picsum.photos/seed/album20/300/300');
INSERT INTO SONGS (song_id, album_id, title, duration, genre, release_date, song_rank, image) VALUES (403, 172, 'Unutma Beni', 219, 'Arabesk', '2025-05-28', 742, 'https://picsum.photos/seed/album172/300/300');
INSERT INTO SONGS (song_id, album_id, title, duration, genre, release_date, song_rank, image) VALUES (404, 145, 'Yabancı', 281, 'Arabesk', '2025-05-28', 969, 'https://picsum.photos/seed/album145/300/300');
INSERT INTO SONGS (song_id, album_id, title, duration, genre, release_date, song_rank, image) VALUES (405, 44, 'Affet', 206, 'Arabesk', '2025-05-28', 309, 'https://picsum.photos/seed/album44/300/300');
INSERT INTO SONGS (song_id, album_id, title, duration, genre, release_date, song_rank, image) VALUES (406, 30, 'Kayıp Kalpler', 239, 'Arabesk', '2025-05-28', 805, 'https://picsum.photos/seed/album30/300/300');
INSERT INTO SONGS (song_id, album_id, title, duration, genre, release_date, song_rank, image) VALUES (407, 90, 'Kayıp Yolculuk', 195, 'Arabesk', '2025-05-28', 373, 'https://picsum.photos/seed/album90/300/300');
INSERT INTO SONGS (song_id, album_id, title, duration, genre, release_date, song_rank, image) VALUES (408, 117, 'Gitmem Lazım', 243, 'Pop', '2025-05-28', 616, 'https://picsum.photos/seed/album117/300/300');
INSERT INTO SONGS (song_id, album_id, title, duration, genre, release_date, song_rank, image) VALUES (409, 86, 'Saklı Sözler', 287, 'Pop', '2025-05-28', 288, 'https://picsum.photos/seed/album86/300/300');
INSERT INTO SONGS (song_id, album_id, title, duration, genre, release_date, song_rank, image) VALUES (410, 8, 'Yalnızlık Kalbinde', 269, 'Rap', '2025-05-28', 195, 'https://picsum.photos/seed/album8/300/300');
INSERT INTO SONGS (song_id, album_id, title, duration, genre, release_date, song_rank, image) VALUES (411, 132, 'Yalnızlık Yolcusu', 201, 'Arabesk', '2025-05-28', 683, 'https://picsum.photos/seed/album132/300/300');
INSERT INTO SONGS (song_id, album_id, title, duration, genre, release_date, song_rank, image) VALUES (412, 181, 'Savrulan Çatlaklar', 189, 'Rap', '2025-05-28', 78, 'https://picsum.photos/seed/album181/300/300');
INSERT INTO SONGS (song_id, album_id, title, duration, genre, release_date, song_rank, image) VALUES (413, 180, 'Yanıltan Zaman', 222, 'Arabesk', '2025-05-28', 1, 'https://picsum.photos/seed/album180/300/300');
INSERT INTO SONGS (song_id, album_id, title, duration, genre, release_date, song_rank, image) VALUES (414, 57, 'Sonsuz Haykırış', 216, 'Rap', '2025-05-28', 149, 'https://picsum.photos/seed/album57/300/300');
INSERT INTO SONGS (song_id, album_id, title, duration, genre, release_date, song_rank, image) VALUES (415, 97, 'Kapanmayan Çatlaklar', 207, 'Rap', '2025-05-28', 371, 'https://picsum.photos/seed/album97/300/300');
INSERT INTO SONGS (song_id, album_id, title, duration, genre, release_date, song_rank, image) VALUES (416, 163, 'Kayıp Kent', 252, 'Pop', '2025-05-28', 898, 'https://picsum.photos/seed/album163/300/300');
INSERT INTO SONGS (song_id, album_id, title, duration, genre, release_date, song_rank, image) VALUES (417, 86, 'Uyanamam', 270, 'Arabesk', '2025-05-28', 378, 'https://picsum.photos/seed/album86/300/300');
INSERT INTO SONGS (song_id, album_id, title, duration, genre, release_date, song_rank, image) VALUES (418, 43, 'Derman', 285, 'Pop', '2025-05-28', 443, 'https://picsum.photos/seed/album43/300/300');
INSERT INTO SONGS (song_id, album_id, title, duration, genre, release_date, song_rank, image) VALUES (419, 149, 'Kapanmaz Kapı', 229, 'Arabesk', '2025-05-28', 639, 'https://picsum.photos/seed/album149/300/300');
INSERT INTO SONGS (song_id, album_id, title, duration, genre, release_date, song_rank, image) VALUES (420, 168, 'Bekleyen Kalp', 250, 'Rap', '2025-05-28', 491, 'https://picsum.photos/seed/album168/300/300');
INSERT INTO SONGS (song_id, album_id, title, duration, genre, release_date, song_rank, image) VALUES (421, 163, 'Dikenli Yollar', 258, 'Arabesk', '2025-05-28', 110, 'https://picsum.photos/seed/album163/300/300');
INSERT INTO SONGS (song_id, album_id, title, duration, genre, release_date, song_rank, image) VALUES (422, 6, 'Gözler', 256, 'Pop', '2025-05-28', 68, 'https://picsum.photos/seed/album6/300/300');
INSERT INTO SONGS (song_id, album_id, title, duration, genre, release_date, song_rank, image) VALUES (423, 199, 'Unutma Çıkmaz', 251, 'Arabesk', '2025-05-28', 315, 'https://picsum.photos/seed/album199/300/300');
INSERT INTO SONGS (song_id, album_id, title, duration, genre, release_date, song_rank, image) VALUES (424, 153, 'Sessiz Hisset', 190, 'Pop', '2025-05-28', 935, 'https://picsum.photos/seed/album153/300/300');
INSERT INTO SONGS (song_id, album_id, title, duration, genre, release_date, song_rank, image) VALUES (425, 86, 'Gitmeye Çalıştım', 219, 'Pop', '2025-05-28', 414, 'https://picsum.photos/seed/album86/300/300');
INSERT INTO SONGS (song_id, album_id, title, duration, genre, release_date, song_rank, image) VALUES (426, 25, 'Tutunmaya Çalış', 248, 'Pop', '2025-05-28', 140, 'https://picsum.photos/seed/album25/300/300');
INSERT INTO SONGS (song_id, album_id, title, duration, genre, release_date, song_rank, image) VALUES (427, 6, 'Kalbine Sor', 200, 'Pop', '2025-05-28', 161, 'https://picsum.photos/seed/album6/300/300');
INSERT INTO SONGS (song_id, album_id, title, duration, genre, release_date, song_rank, image) VALUES (428, 43, 'Sakla', 290, 'Pop', '2025-05-28', 192, 'https://picsum.photos/seed/album43/300/300');
INSERT INTO SONGS (song_id, album_id, title, duration, genre, release_date, song_rank, image) VALUES (429, 56, 'Sessiz Fısıltılar', 237, 'Arabesk', '2025-05-28', 724, 'https://picsum.photos/seed/album56/300/300');
INSERT INTO SONGS (song_id, album_id, title, duration, genre, release_date, song_rank, image) VALUES (430, 198, 'Kayıp Bahçeler', 192, 'Arabesk', '2025-05-28', 619, 'https://picsum.photos/seed/album198/300/300');
INSERT INTO SONGS (song_id, album_id, title, duration, genre, release_date, song_rank, image) VALUES (431, 170, 'Boşlukta Kaybol', 262, 'Rap', '2025-05-28', 40, 'https://picsum.photos/seed/album170/300/300');
INSERT INTO SONGS (song_id, album_id, title, duration, genre, release_date, song_rank, image) VALUES (432, 183, 'Outro', 273, 'Rap', '2025-05-28', 419, 'https://picsum.photos/seed/album183/300/300');
INSERT INTO SONGS (song_id, album_id, title, duration, genre, release_date, song_rank, image) VALUES (433, 143, 'Sessiz Yankılar', 185, 'Pop', '2025-05-28', 892, 'https://picsum.photos/seed/album143/300/300');
INSERT INTO SONGS (song_id, album_id, title, duration, genre, release_date, song_rank, image) VALUES (434, 36, 'Dönüş', 204, 'Rap', '2025-05-28', 394, 'https://picsum.photos/seed/album36/300/300');
INSERT INTO SONGS (song_id, album_id, title, duration, genre, release_date, song_rank, image) VALUES (435, 30, 'Romantik Fısıltılar', 255, 'Arabesk', '2025-05-28', 158, 'https://picsum.photos/seed/album30/300/300');
INSERT INTO SONGS (song_id, album_id, title, duration, genre, release_date, song_rank, image) VALUES (436, 171, 'Sessizlik', 215, 'Rap', '2025-05-28', 770, 'https://picsum.photos/seed/album171/300/300');
INSERT INTO SONGS (song_id, album_id, title, duration, genre, release_date, song_rank, image) VALUES (437, 142, 'Unutmaya Çalıştım', 300, 'Rap', '2025-05-28', 967, 'https://picsum.photos/seed/album142/300/300');
INSERT INTO SONGS (song_id, album_id, title, duration, genre, release_date, song_rank, image) VALUES (438, 158, 'Bekleme Zamanı', 253, 'Arabesk', '2025-05-28', 505, 'https://picsum.photos/seed/album158/300/300');
INSERT INTO SONGS (song_id, album_id, title, duration, genre, release_date, song_rank, image) VALUES (439, 58, 'Gölge', 254, 'Rap', '2025-05-28', 452, 'https://picsum.photos/seed/album58/300/300');
INSERT INTO SONGS (song_id, album_id, title, duration, genre, release_date, song_rank, image) VALUES (440, 115, 'Bensiz Çığlıklar', 238, 'Arabesk', '2025-05-28', 516, 'https://picsum.photos/seed/album115/300/300');
INSERT INTO SONGS (song_id, album_id, title, duration, genre, release_date, song_rank, image) VALUES (441, 141, 'Beklemeyeceğim', 261, 'Rap', '2025-05-28', 968, 'https://picsum.photos/seed/album141/300/300');
INSERT INTO SONGS (song_id, album_id, title, duration, genre, release_date, song_rank, image) VALUES (442, 20, 'Yan', 233, 'Pop', '2025-05-28', 197, 'https://picsum.photos/seed/album20/300/300');
INSERT INTO SONGS (song_id, album_id, title, duration, genre, release_date, song_rank, image) VALUES (443, 110, 'Sonsuz Günler', 194, 'Rap', '2025-05-28', 837, 'https://picsum.photos/seed/album110/300/300');
INSERT INTO SONGS (song_id, album_id, title, duration, genre, release_date, song_rank, image) VALUES (444, 35, 'Savrulan Sevgiler', 185, 'Pop', '2025-05-28', 100, 'https://picsum.photos/seed/album35/300/300');
INSERT INTO SONGS (song_id, album_id, title, duration, genre, release_date, song_rank, image) VALUES (445, 145, 'Karma', 252, 'Arabesk', '2025-05-28', 744, 'https://picsum.photos/seed/album145/300/300');
INSERT INTO SONGS (song_id, album_id, title, duration, genre, release_date, song_rank, image) VALUES (446, 26, 'İçimdeki Ses', 272, 'Arabesk', '2025-05-28', 18, 'https://picsum.photos/seed/album26/300/300');
INSERT INTO SONGS (song_id, album_id, title, duration, genre, release_date, song_rank, image) VALUES (447, 76, 'Kaybolmuş Dalgalar', 263, 'Rap', '2025-05-28', 729, 'https://picsum.photos/seed/album76/300/300');
INSERT INTO SONGS (song_id, album_id, title, duration, genre, release_date, song_rank, image) VALUES (448, 105, 'Bekleyeceğim', 200, 'Pop', '2025-05-28', 343, 'https://picsum.photos/seed/album105/300/300');
INSERT INTO SONGS (song_id, album_id, title, duration, genre, release_date, song_rank, image) VALUES (449, 44, 'Kayıp Sözler', 233, 'Arabesk', '2025-05-28', 139, 'https://picsum.photos/seed/album44/300/300');
INSERT INTO SONGS (song_id, album_id, title, duration, genre, release_date, song_rank, image) VALUES (450, 97, 'Derin Savaş', 250, 'Arabesk', '2025-05-28', 382, 'https://picsum.photos/seed/album97/300/300');
INSERT INTO SONGS (song_id, album_id, title, duration, genre, release_date, song_rank, image) VALUES (451, 188, 'Yalnızlık İçinde', 262, 'Arabesk', '2025-05-28', 953, 'https://picsum.photos/seed/album188/300/300');
INSERT INTO SONGS (song_id, album_id, title, duration, genre, release_date, song_rank, image) VALUES (452, 11, 'Sessiz Sinyaller', 214, 'Arabesk', '2025-05-28', 753, 'https://picsum.photos/seed/album11/300/300');
INSERT INTO SONGS (song_id, album_id, title, duration, genre, release_date, song_rank, image) VALUES (453, 4, 'Romantik Sabahlar', 294, 'Rap', '2025-05-28', 659, 'https://picsum.photos/seed/album4/300/300');
INSERT INTO SONGS (song_id, album_id, title, duration, genre, release_date, song_rank, image) VALUES (454, 128, 'Yıkık Dalgalar', 266, 'Rap', '2025-05-28', 653, 'https://picsum.photos/seed/album128/300/300');
INSERT INTO SONGS (song_id, album_id, title, duration, genre, release_date, song_rank, image) VALUES (455, 199, 'Kapanmayan Defter', 294, 'Rap', '2025-05-28', 874, 'https://picsum.photos/seed/album199/300/300');
INSERT INTO SONGS (song_id, album_id, title, duration, genre, release_date, song_rank, image) VALUES (456, 11, 'Aşk', 264, 'Rap', '2025-05-28', 93, 'https://picsum.photos/seed/album11/300/300');
INSERT INTO SONGS (song_id, album_id, title, duration, genre, release_date, song_rank, image) VALUES (457, 38, 'Boş Sesler', 233, 'Pop', '2025-05-28', 538, 'https://picsum.photos/seed/album38/300/300');
INSERT INTO SONGS (song_id, album_id, title, duration, genre, release_date, song_rank, image) VALUES (458, 178, 'Saklı Duygular', 217, 'Arabesk', '2025-05-28', 355, 'https://picsum.photos/seed/album178/300/300');
INSERT INTO SONGS (song_id, album_id, title, duration, genre, release_date, song_rank, image) VALUES (459, 16, 'Kayıp Bekleyiş', 211, 'Arabesk', '2025-05-28', 163, 'https://picsum.photos/seed/album16/300/300');
INSERT INTO SONGS (song_id, album_id, title, duration, genre, release_date, song_rank, image) VALUES (460, 9, 'Kalbim', 254, 'Pop', '2025-05-28', 34, 'https://picsum.photos/seed/album9/300/300');
INSERT INTO SONGS (song_id, album_id, title, duration, genre, release_date, song_rank, image) VALUES (461, 47, 'Yanıltan Rüya', 270, 'Arabesk', '2025-05-28', 512, 'https://picsum.photos/seed/album47/300/300');
INSERT INTO SONGS (song_id, album_id, title, duration, genre, release_date, song_rank, image) VALUES (462, 17, 'Kaybolan Umutlar', 238, 'Rap', '2025-05-28', 352, 'https://picsum.photos/seed/album17/300/300');
INSERT INTO SONGS (song_id, album_id, title, duration, genre, release_date, song_rank, image) VALUES (463, 26, 'Yalnızlık İzleri', 290, 'Rap', '2025-05-28', 652, 'https://picsum.photos/seed/album26/300/300');
INSERT INTO SONGS (song_id, album_id, title, duration, genre, release_date, song_rank, image) VALUES (464, 74, 'Gözlerinde Hayal', 201, 'Pop', '2025-05-28', 613, 'https://picsum.photos/seed/album74/300/300');
INSERT INTO SONGS (song_id, album_id, title, duration, genre, release_date, song_rank, image) VALUES (465, 36, 'Ardında Bensiz', 243, 'Pop', '2025-05-28', 534, 'https://picsum.photos/seed/album36/300/300');
INSERT INTO SONGS (song_id, album_id, title, duration, genre, release_date, song_rank, image) VALUES (466, 106, 'Unutulmaz Kalp', 254, 'Pop', '2025-05-28', 548, 'https://picsum.photos/seed/album106/300/300');
INSERT INTO SONGS (song_id, album_id, title, duration, genre, release_date, song_rank, image) VALUES (467, 191, 'Yalnızlık Çatısı', 185, 'Rap', '2025-05-28', 554, 'https://picsum.photos/seed/album191/300/300');
INSERT INTO SONGS (song_id, album_id, title, duration, genre, release_date, song_rank, image) VALUES (468, 186, 'Kaybolan Hayaller', 237, 'Pop', '2025-05-28', 771, 'https://picsum.photos/seed/album186/300/300');
INSERT INTO SONGS (song_id, album_id, title, duration, genre, release_date, song_rank, image) VALUES (469, 27, 'Mercedes', 265, 'Arabesk', '2025-05-28', 896, 'https://picsum.photos/seed/album27/300/300');
INSERT INTO SONGS (song_id, album_id, title, duration, genre, release_date, song_rank, image) VALUES (470, 170, 'Kapanmaz Çığlıklar', 274, 'Rap', '2025-05-28', 696, 'https://picsum.photos/seed/album170/300/300');
INSERT INTO SONGS (song_id, album_id, title, duration, genre, release_date, song_rank, image) VALUES (471, 123, 'Kapanmayan Aralık', 211, 'Rap', '2025-05-28', 672, 'https://picsum.photos/seed/album123/300/300');
INSERT INTO SONGS (song_id, album_id, title, duration, genre, release_date, song_rank, image) VALUES (472, 133, 'Sessiz Duygular', 216, 'Pop', '2025-05-28', 460, 'https://picsum.photos/seed/album133/300/300');
INSERT INTO SONGS (song_id, album_id, title, duration, genre, release_date, song_rank, image) VALUES (473, 92, 'Romantik Günbatımı', 214, 'Pop', '2025-05-28', 41, 'https://picsum.photos/seed/album92/300/300');
INSERT INTO SONGS (song_id, album_id, title, duration, genre, release_date, song_rank, image) VALUES (474, 93, 'Çığlık', 222, 'Pop', '2025-05-28', 346, 'https://picsum.photos/seed/album93/300/300');
INSERT INTO SONGS (song_id, album_id, title, duration, genre, release_date, song_rank, image) VALUES (475, 25, 'Sığmaz', 300, 'Arabesk', '2025-05-28', 19, 'https://picsum.photos/seed/album25/300/300');
INSERT INTO SONGS (song_id, album_id, title, duration, genre, release_date, song_rank, image) VALUES (476, 123, 'Bensiz Sonsuzluk', 223, 'Pop', '2025-05-28', 6, 'https://picsum.photos/seed/album123/300/300');
INSERT INTO SONGS (song_id, album_id, title, duration, genre, release_date, song_rank, image) VALUES (477, 55, 'Tutunmaya Çalış', 204, 'Rap', '2025-05-28', 313, 'https://picsum.photos/seed/album55/300/300');
INSERT INTO SONGS (song_id, album_id, title, duration, genre, release_date, song_rank, image) VALUES (478, 87, 'İsyan', 292, 'Rap', '2025-05-28', 248, 'https://picsum.photos/seed/album87/300/300');
INSERT INTO SONGS (song_id, album_id, title, duration, genre, release_date, song_rank, image) VALUES (479, 194, 'Sakin Gökyüzü', 291, 'Rap', '2025-05-28', 249, 'https://picsum.photos/seed/album194/300/300');
INSERT INTO SONGS (song_id, album_id, title, duration, genre, release_date, song_rank, image) VALUES (480, 59, 'Kaybolmuş Eller', 181, 'Pop', '2025-05-28', 699, 'https://picsum.photos/seed/album59/300/300');
INSERT INTO SONGS (song_id, album_id, title, duration, genre, release_date, song_rank, image) VALUES (481, 152, 'Kıskanç', 242, 'Rap', '2025-05-28', 869, 'https://picsum.photos/seed/album152/300/300');
INSERT INTO SONGS (song_id, album_id, title, duration, genre, release_date, song_rank, image) VALUES (482, 115, 'Yalnızlık Umudu', 235, 'Arabesk', '2025-05-28', 396, 'https://picsum.photos/seed/album115/300/300');
INSERT INTO SONGS (song_id, album_id, title, duration, genre, release_date, song_rank, image) VALUES (483, 181, 'Saklanan Umut', 194, 'Arabesk', '2025-05-28', 702, 'https://picsum.photos/seed/album181/300/300');
INSERT INTO SONGS (song_id, album_id, title, duration, genre, release_date, song_rank, image) VALUES (484, 120, 'Sessiz Umut', 238, 'Rap', '2025-05-28', 103, 'https://picsum.photos/seed/album120/300/300');
INSERT INTO SONGS (song_id, album_id, title, duration, genre, release_date, song_rank, image) VALUES (485, 6, 'Kördüğüm', 182, 'Rap', '2025-05-28', 288, 'https://picsum.photos/seed/album6/300/300');
INSERT INTO SONGS (song_id, album_id, title, duration, genre, release_date, song_rank, image) VALUES (486, 161, 'Kaybolan Duygular', 212, 'Rap', '2025-05-28', 615, 'https://picsum.photos/seed/album161/300/300');
INSERT INTO SONGS (song_id, album_id, title, duration, genre, release_date, song_rank, image) VALUES (487, 90, 'Gözlerinde Yalnızlık', 202, 'Pop', '2025-05-28', 632, 'https://picsum.photos/seed/album90/300/300');
INSERT INTO SONGS (song_id, album_id, title, duration, genre, release_date, song_rank, image) VALUES (488, 181, 'Yana Yana', 188, 'Pop', '2025-05-28', 288, 'https://picsum.photos/seed/album181/300/300');
INSERT INTO SONGS (song_id, album_id, title, duration, genre, release_date, song_rank, image) VALUES (489, 98, 'Susamam', 265, 'Pop', '2025-05-28', 684, 'https://picsum.photos/seed/album98/300/300');
INSERT INTO SONGS (song_id, album_id, title, duration, genre, release_date, song_rank, image) VALUES (490, 124, 'Yana Yana', 185, 'Arabesk', '2025-05-28', 129, 'https://picsum.photos/seed/album124/300/300');
INSERT INTO SONGS (song_id, album_id, title, duration, genre, release_date, song_rank, image) VALUES (491, 56, 'Yıkık Bahar', 273, 'Rap', '2025-05-28', 729, 'https://picsum.photos/seed/album56/300/300');
INSERT INTO SONGS (song_id, album_id, title, duration, genre, release_date, song_rank, image) VALUES (492, 71, 'Yanıltıcı Anılar', 234, 'Pop', '2025-05-28', 612, 'https://picsum.photos/seed/album71/300/300');
INSERT INTO SONGS (song_id, album_id, title, duration, genre, release_date, song_rank, image) VALUES (493, 110, 'Kaybolan Bir Yüz', 221, 'Rap', '2025-05-28', 444, 'https://picsum.photos/seed/album110/300/300');
INSERT INTO SONGS (song_id, album_id, title, duration, genre, release_date, song_rank, image) VALUES (494, 16, 'Ardından', 255, 'Arabesk', '2025-05-28', 195, 'https://picsum.photos/seed/album16/300/300');
INSERT INTO SONGS (song_id, album_id, title, duration, genre, release_date, song_rank, image) VALUES (495, 52, 'Boş Bir Çıkmaz', 260, 'Arabesk', '2025-05-28', 943, 'https://picsum.photos/seed/album52/300/300');
INSERT INTO SONGS (song_id, album_id, title, duration, genre, release_date, song_rank, image) VALUES (496, 183, 'Saklı Sır', 241, 'Rap', '2025-05-28', 746, 'https://picsum.photos/seed/album183/300/300');
INSERT INTO SONGS (song_id, album_id, title, duration, genre, release_date, song_rank, image) VALUES (497, 109, 'Yanlış', 222, 'Rap', '2025-05-28', 225, 'https://picsum.photos/seed/album109/300/300');
INSERT INTO SONGS (song_id, album_id, title, duration, genre, release_date, song_rank, image) VALUES (498, 160, 'Kaybolan Kalp', 263, 'Pop', '2025-05-28', 816, 'https://picsum.photos/seed/album160/300/300');
INSERT INTO SONGS (song_id, album_id, title, duration, genre, release_date, song_rank, image) VALUES (499, 161, 'Ardında Sessizlik', 187, 'Pop', '2025-05-28', 292, 'https://picsum.photos/seed/album161/300/300');
INSERT INTO SONGS (song_id, album_id, title, duration, genre, release_date, song_rank, image) VALUES (500, 3, 'Gece', 224, 'Pop', '2025-05-28', 621, 'https://picsum.photos/seed/album3/300/300');
INSERT INTO SONGS (song_id, album_id, title, duration, genre, release_date, song_rank, image) VALUES (501, 190, 'Sonsuz Bekleyişler', 284, 'Pop', '2025-05-28', 310, 'https://picsum.photos/seed/album190/300/300');
INSERT INTO SONGS (song_id, album_id, title, duration, genre, release_date, song_rank, image) VALUES (502, 184, 'Yıkık Duvarlar', 294, 'Arabesk', '2025-05-28', 818, 'https://picsum.photos/seed/album184/300/300');
INSERT INTO SONGS (song_id, album_id, title, duration, genre, release_date, song_rank, image) VALUES (503, 35, 'Savrulan Kalp', 269, 'Rap', '2025-05-28', 270, 'https://picsum.photos/seed/album35/300/300');
INSERT INTO SONGS (song_id, album_id, title, duration, genre, release_date, song_rank, image) VALUES (504, 74, 'Suskunluk', 228, 'Rap', '2025-05-28', 596, 'https://picsum.photos/seed/album74/300/300');
INSERT INTO SONGS (song_id, album_id, title, duration, genre, release_date, song_rank, image) VALUES (505, 82, 'Gözlerindeki Umut', 238, 'Pop', '2025-05-28', 261, 'https://picsum.photos/seed/album82/300/300');
INSERT INTO SONGS (song_id, album_id, title, duration, genre, release_date, song_rank, image) VALUES (506, 96, 'Dikenli Çığlık', 234, 'Pop', '2025-05-28', 747, 'https://picsum.photos/seed/album96/300/300');
INSERT INTO SONGS (song_id, album_id, title, duration, genre, release_date, song_rank, image) VALUES (507, 11, 'Dikenli Kalpler', 193, 'Pop', '2025-05-28', 739, 'https://picsum.photos/seed/album11/300/300');
INSERT INTO SONGS (song_id, album_id, title, duration, genre, release_date, song_rank, image) VALUES (508, 48, 'Sessiz Rüyalar', 211, 'Rap', '2025-05-28', 191, 'https://picsum.photos/seed/album48/300/300');
INSERT INTO SONGS (song_id, album_id, title, duration, genre, release_date, song_rank, image) VALUES (509, 95, 'Bekleyen Dalgalar', 295, 'Rap', '2025-05-28', 938, 'https://picsum.photos/seed/album95/300/300');
INSERT INTO SONGS (song_id, album_id, title, duration, genre, release_date, song_rank, image) VALUES (510, 144, 'Kayıp Bekleyiş', 266, 'Arabesk', '2025-05-28', 264, 'https://picsum.photos/seed/album144/300/300');
INSERT INTO SONGS (song_id, album_id, title, duration, genre, release_date, song_rank, image) VALUES (511, 198, 'Gitme', 268, 'Pop', '2025-05-28', 992, 'https://picsum.photos/seed/album198/300/300');
INSERT INTO SONGS (song_id, album_id, title, duration, genre, release_date, song_rank, image) VALUES (512, 59, 'Rüzgarda', 289, 'Rap', '2025-05-28', 919, 'https://picsum.photos/seed/album59/300/300');
INSERT INTO SONGS (song_id, album_id, title, duration, genre, release_date, song_rank, image) VALUES (513, 116, 'Sor', 232, 'Rap', '2025-05-28', 116, 'https://picsum.photos/seed/album116/300/300');
INSERT INTO SONGS (song_id, album_id, title, duration, genre, release_date, song_rank, image) VALUES (514, 55, 'Ardında Sessiz Çatlak', 216, 'Arabesk', '2025-05-28', 196, 'https://picsum.photos/seed/album55/300/300');
INSERT INTO SONGS (song_id, album_id, title, duration, genre, release_date, song_rank, image) VALUES (515, 74, 'Çaresiz Aşklar', 214, 'Arabesk', '2025-05-28', 895, 'https://picsum.photos/seed/album74/300/300');
INSERT INTO SONGS (song_id, album_id, title, duration, genre, release_date, song_rank, image) VALUES (516, 5, 'Bensiz Şehir', 217, 'Pop', '2025-05-28', 531, 'https://picsum.photos/seed/album5/300/300');
INSERT INTO SONGS (song_id, album_id, title, duration, genre, release_date, song_rank, image) VALUES (517, 31, 'Savrulan Sessizlik', 265, 'Rap', '2025-05-28', 285, 'https://picsum.photos/seed/album31/300/300');
INSERT INTO SONGS (song_id, album_id, title, duration, genre, release_date, song_rank, image) VALUES (518, 45, 'Kayıp Beklentiler', 299, 'Arabesk', '2025-05-28', 293, 'https://picsum.photos/seed/album45/300/300');
INSERT INTO SONGS (song_id, album_id, title, duration, genre, release_date, song_rank, image) VALUES (519, 178, 'Sor', 242, 'Rap', '2025-05-28', 159, 'https://picsum.photos/seed/album178/300/300');
INSERT INTO SONGS (song_id, album_id, title, duration, genre, release_date, song_rank, image) VALUES (520, 103, 'Yıkık Yolculuk', 199, 'Arabesk', '2025-05-28', 245, 'https://picsum.photos/seed/album103/300/300');
INSERT INTO SONGS (song_id, album_id, title, duration, genre, release_date, song_rank, image) VALUES (521, 103, 'Pişman', 267, 'Arabesk', '2025-05-28', 71, 'https://picsum.photos/seed/album103/300/300');
INSERT INTO SONGS (song_id, album_id, title, duration, genre, release_date, song_rank, image) VALUES (522, 186, 'Bensiz Hikaye', 245, 'Rap', '2025-05-28', 897, 'https://picsum.photos/seed/album186/300/300');
INSERT INTO SONGS (song_id, album_id, title, duration, genre, release_date, song_rank, image) VALUES (523, 12, 'Sonsuz Dalgalar', 229, 'Pop', '2025-05-28', 180, 'https://picsum.photos/seed/album12/300/300');
INSERT INTO SONGS (song_id, album_id, title, duration, genre, release_date, song_rank, image) VALUES (524, 30, 'Yıkık', 224, 'Pop', '2025-05-28', 428, 'https://picsum.photos/seed/album30/300/300');
INSERT INTO SONGS (song_id, album_id, title, duration, genre, release_date, song_rank, image) VALUES (525, 71, 'Dikenli Bahçe', 265, 'Rap', '2025-05-28', 425, 'https://picsum.photos/seed/album71/300/300');
INSERT INTO SONGS (song_id, album_id, title, duration, genre, release_date, song_rank, image) VALUES (526, 110, 'Boşluğu Doldur', 252, 'Arabesk', '2025-05-28', 305, 'https://picsum.photos/seed/album110/300/300');
INSERT INTO SONGS (song_id, album_id, title, duration, genre, release_date, song_rank, image) VALUES (527, 128, 'Çıkar Aklımdan', 264, 'Arabesk', '2025-05-28', 519, 'https://picsum.photos/seed/album128/300/300');
INSERT INTO SONGS (song_id, album_id, title, duration, genre, release_date, song_rank, image) VALUES (528, 148, 'Romantik Geceler', 260, 'Arabesk', '2025-05-28', 871, 'https://picsum.photos/seed/album148/300/300');
INSERT INTO SONGS (song_id, album_id, title, duration, genre, release_date, song_rank, image) VALUES (529, 120, 'Sonsuz Hayaller', 181, 'Arabesk', '2025-05-28', 162, 'https://picsum.photos/seed/album120/300/300');
INSERT INTO SONGS (song_id, album_id, title, duration, genre, release_date, song_rank, image) VALUES (530, 43, 'Boşluğu Arala', 197, 'Arabesk', '2025-05-28', 548, 'https://picsum.photos/seed/album43/300/300');
INSERT INTO SONGS (song_id, album_id, title, duration, genre, release_date, song_rank, image) VALUES (531, 103, 'Yıkık Hayaller', 219, 'Arabesk', '2025-05-28', 94, 'https://picsum.photos/seed/album103/300/300');
INSERT INTO SONGS (song_id, album_id, title, duration, genre, release_date, song_rank, image) VALUES (532, 92, 'Yalnızlık Sesleri', 253, 'Pop', '2025-05-28', 332, 'https://picsum.photos/seed/album92/300/300');
INSERT INTO SONGS (song_id, album_id, title, duration, genre, release_date, song_rank, image) VALUES (533, 101, 'Saklı Anlamlar', 225, 'Arabesk', '2025-05-28', 228, 'https://picsum.photos/seed/album101/300/300');
INSERT INTO SONGS (song_id, album_id, title, duration, genre, release_date, song_rank, image) VALUES (534, 147, 'Kayıp Çığlık', 239, 'Pop', '2025-05-28', 425, 'https://picsum.photos/seed/album147/300/300');
INSERT INTO SONGS (song_id, album_id, title, duration, genre, release_date, song_rank, image) VALUES (535, 68, 'Kaybolan Çığlıklar', 293, 'Rap', '2025-05-28', 750, 'https://picsum.photos/seed/album68/300/300');
INSERT INTO SONGS (song_id, album_id, title, duration, genre, release_date, song_rank, image) VALUES (536, 11, 'Tutunamadım', 216, 'Pop', '2025-05-28', 672, 'https://picsum.photos/seed/album11/300/300');
INSERT INTO SONGS (song_id, album_id, title, duration, genre, release_date, song_rank, image) VALUES (537, 139, 'Gözlerimde', 257, 'Rap', '2025-05-28', 795, 'https://picsum.photos/seed/album139/300/300');
INSERT INTO SONGS (song_id, album_id, title, duration, genre, release_date, song_rank, image) VALUES (538, 70, 'Yıkık Bekleyişler', 224, 'Rap', '2025-05-28', 41, 'https://picsum.photos/seed/album70/300/300');
INSERT INTO SONGS (song_id, album_id, title, duration, genre, release_date, song_rank, image) VALUES (539, 16, 'Dikenli Hatıra', 272, 'Rap', '2025-05-28', 952, 'https://picsum.photos/seed/album16/300/300');
INSERT INTO SONGS (song_id, album_id, title, duration, genre, release_date, song_rank, image) VALUES (540, 145, 'Tutsak Düşler', 296, 'Rap', '2025-05-28', 906, 'https://picsum.photos/seed/album145/300/300');
INSERT INTO SONGS (song_id, album_id, title, duration, genre, release_date, song_rank, image) VALUES (541, 25, 'Sus', 289, 'Rap', '2025-05-28', 33, 'https://picsum.photos/seed/album25/300/300');
INSERT INTO SONGS (song_id, album_id, title, duration, genre, release_date, song_rank, image) VALUES (542, 138, 'Çaresizlik', 204, 'Rap', '2025-05-28', 202, 'https://picsum.photos/seed/album138/300/300');
INSERT INTO SONGS (song_id, album_id, title, duration, genre, release_date, song_rank, image) VALUES (543, 25, 'Sonsuz Bekleyiş', 267, 'Arabesk', '2025-05-28', 362, 'https://picsum.photos/seed/album25/300/300');
INSERT INTO SONGS (song_id, album_id, title, duration, genre, release_date, song_rank, image) VALUES (544, 139, 'Sessizlikte Kaldım', 184, 'Pop', '2025-05-28', 399, 'https://picsum.photos/seed/album139/300/300');
INSERT INTO SONGS (song_id, album_id, title, duration, genre, release_date, song_rank, image) VALUES (545, 27, 'Gözyaşı', 281, 'Rap', '2025-05-28', 564, 'https://picsum.photos/seed/album27/300/300');
INSERT INTO SONGS (song_id, album_id, title, duration, genre, release_date, song_rank, image) VALUES (546, 14, 'Yaralı Yol', 252, 'Rap', '2025-05-28', 88, 'https://picsum.photos/seed/album14/300/300');
INSERT INTO SONGS (song_id, album_id, title, duration, genre, release_date, song_rank, image) VALUES (547, 28, 'Samimi Sürüşler', 261, 'Pop', '2025-05-28', 181, 'https://picsum.photos/seed/album28/300/300');
INSERT INTO SONGS (song_id, album_id, title, duration, genre, release_date, song_rank, image) VALUES (548, 172, 'Dikenli Bahçeler', 275, 'Arabesk', '2025-05-28', 860, 'https://picsum.photos/seed/album172/300/300');
INSERT INTO SONGS (song_id, album_id, title, duration, genre, release_date, song_rank, image) VALUES (549, 32, 'Bekleyen Gökyüzü', 241, 'Rap', '2025-05-28', 475, 'https://picsum.photos/seed/album32/300/300');
INSERT INTO SONGS (song_id, album_id, title, duration, genre, release_date, song_rank, image) VALUES (550, 115, 'Saklı Çığlıklar', 192, 'Rap', '2025-05-28', 160, 'https://picsum.photos/seed/album115/300/300');
INSERT INTO SONGS (song_id, album_id, title, duration, genre, release_date, song_rank, image) VALUES (551, 170, 'Yıkık Kalp', 212, 'Pop', '2025-05-28', 154, 'https://picsum.photos/seed/album170/300/300');
INSERT INTO SONGS (song_id, album_id, title, duration, genre, release_date, song_rank, image) VALUES (552, 17, 'Saklı Hasret', 189, 'Pop', '2025-05-28', 60, 'https://picsum.photos/seed/album17/300/300');
INSERT INTO SONGS (song_id, album_id, title, duration, genre, release_date, song_rank, image) VALUES (553, 164, 'Yıkım', 192, 'Pop', '2025-05-28', 626, 'https://picsum.photos/seed/album164/300/300');
INSERT INTO SONGS (song_id, album_id, title, duration, genre, release_date, song_rank, image) VALUES (554, 187, 'Marka', 294, 'Rap', '2025-05-28', 258, 'https://picsum.photos/seed/album187/300/300');
INSERT INTO SONGS (song_id, album_id, title, duration, genre, release_date, song_rank, image) VALUES (555, 200, 'Yıkılmış Köprü', 281, 'Rap', '2025-05-28', 51, 'https://picsum.photos/seed/album200/300/300');
INSERT INTO SONGS (song_id, album_id, title, duration, genre, release_date, song_rank, image) VALUES (556, 161, 'Rüyalarda', 184, 'Pop', '2025-05-28', 335, 'https://picsum.photos/seed/album161/300/300');
INSERT INTO SONGS (song_id, album_id, title, duration, genre, release_date, song_rank, image) VALUES (557, 74, 'Kaybolmuş Bekleyiş', 186, 'Pop', '2025-05-28', 500, 'https://picsum.photos/seed/album74/300/300');
INSERT INTO SONGS (song_id, album_id, title, duration, genre, release_date, song_rank, image) VALUES (558, 99, 'Ruhsuz Gece', 180, 'Arabesk', '2025-05-28', 314, 'https://picsum.photos/seed/album99/300/300');
INSERT INTO SONGS (song_id, album_id, title, duration, genre, release_date, song_rank, image) VALUES (559, 87, 'Kapanan Kapılar', 244, 'Rap', '2025-05-28', 902, 'https://picsum.photos/seed/album87/300/300');
INSERT INTO SONGS (song_id, album_id, title, duration, genre, release_date, song_rank, image) VALUES (560, 165, 'Kaybolan Eller', 283, 'Pop', '2025-05-28', 837, 'https://picsum.photos/seed/album165/300/300');
INSERT INTO SONGS (song_id, album_id, title, duration, genre, release_date, song_rank, image) VALUES (561, 67, 'Kapanmaz Umut', 203, 'Arabesk', '2025-05-28', 373, 'https://picsum.photos/seed/album67/300/300');
INSERT INTO SONGS (song_id, album_id, title, duration, genre, release_date, song_rank, image) VALUES (562, 168, 'Vahşi Geceler', 188, 'Pop', '2025-05-28', 575, 'https://picsum.photos/seed/album168/300/300');
INSERT INTO SONGS (song_id, album_id, title, duration, genre, release_date, song_rank, image) VALUES (563, 54, 'Vahşi Dalgalar', 219, 'Pop', '2025-05-28', 547, 'https://picsum.photos/seed/album54/300/300');
INSERT INTO SONGS (song_id, album_id, title, duration, genre, release_date, song_rank, image) VALUES (564, 127, 'Kayıp Anılar', 226, 'Pop', '2025-05-28', 508, 'https://picsum.photos/seed/album127/300/300');
INSERT INTO SONGS (song_id, album_id, title, duration, genre, release_date, song_rank, image) VALUES (565, 21, 'Dikenli Hayaller', 218, 'Rap', '2025-05-28', 587, 'https://picsum.photos/seed/album21/300/300');
INSERT INTO SONGS (song_id, album_id, title, duration, genre, release_date, song_rank, image) VALUES (566, 116, 'Gözlerinde Çatlak', 187, 'Rap', '2025-05-28', 215, 'https://picsum.photos/seed/album116/300/300');
INSERT INTO SONGS (song_id, album_id, title, duration, genre, release_date, song_rank, image) VALUES (567, 47, 'Tutunmaya Çalıştım', 237, 'Rap', '2025-05-28', 311, 'https://picsum.photos/seed/album47/300/300');
INSERT INTO SONGS (song_id, album_id, title, duration, genre, release_date, song_rank, image) VALUES (568, 158, 'Suskun', 294, 'Rap', '2025-05-28', 731, 'https://picsum.photos/seed/album158/300/300');
INSERT INTO SONGS (song_id, album_id, title, duration, genre, release_date, song_rank, image) VALUES (569, 14, 'Bensiz Geçen', 233, 'Arabesk', '2025-05-28', 360, 'https://picsum.photos/seed/album14/300/300');
INSERT INTO SONGS (song_id, album_id, title, duration, genre, release_date, song_rank, image) VALUES (570, 182, 'Tutunacak Bir Şey', 284, 'Arabesk', '2025-05-28', 205, 'https://picsum.photos/seed/album182/300/300');
INSERT INTO SONGS (song_id, album_id, title, duration, genre, release_date, song_rank, image) VALUES (571, 7, 'Dikenli Kalp', 257, 'Pop', '2025-05-28', 659, 'https://picsum.photos/seed/album7/300/300');
INSERT INTO SONGS (song_id, album_id, title, duration, genre, release_date, song_rank, image) VALUES (572, 129, 'Yanık Kalp', 204, 'Pop', '2025-05-28', 797, 'https://picsum.photos/seed/album129/300/300');
INSERT INTO SONGS (song_id, album_id, title, duration, genre, release_date, song_rank, image) VALUES (573, 91, 'Yaralı Anılar', 230, 'Arabesk', '2025-05-28', 544, 'https://picsum.photos/seed/album91/300/300');
INSERT INTO SONGS (song_id, album_id, title, duration, genre, release_date, song_rank, image) VALUES (574, 123, 'Sessiz Umutlar', 269, 'Pop', '2025-05-28', 694, 'https://picsum.photos/seed/album123/300/300');
INSERT INTO SONGS (song_id, album_id, title, duration, genre, release_date, song_rank, image) VALUES (575, 194, 'Unutulmuş Dalgalar', 203, 'Rap', '2025-05-28', 626, 'https://picsum.photos/seed/album194/300/300');
INSERT INTO SONGS (song_id, album_id, title, duration, genre, release_date, song_rank, image) VALUES (576, 123, 'Sessiz Çığlık', 235, 'Pop', '2025-05-28', 29, 'https://picsum.photos/seed/album123/300/300');
INSERT INTO SONGS (song_id, album_id, title, duration, genre, release_date, song_rank, image) VALUES (577, 69, 'Unut Gitsin', 286, 'Pop', '2025-05-28', 479, 'https://picsum.photos/seed/album69/300/300');
INSERT INTO SONGS (song_id, album_id, title, duration, genre, release_date, song_rank, image) VALUES (578, 126, 'Savrulan Düşler', 291, 'Arabesk', '2025-05-28', 594, 'https://picsum.photos/seed/album126/300/300');
INSERT INTO SONGS (song_id, album_id, title, duration, genre, release_date, song_rank, image) VALUES (579, 78, 'Kaybolmuş Eller', 242, 'Arabesk', '2025-05-28', 611, 'https://picsum.photos/seed/album78/300/300');
INSERT INTO SONGS (song_id, album_id, title, duration, genre, release_date, song_rank, image) VALUES (580, 76, 'Yalnızlık Şarkısı', 264, 'Pop', '2025-05-28', 244, 'https://picsum.photos/seed/album76/300/300');
INSERT INTO SONGS (song_id, album_id, title, duration, genre, release_date, song_rank, image) VALUES (581, 182, 'Yaralı Çığlıklar', 257, 'Rap', '2025-05-28', 42, 'https://picsum.photos/seed/album182/300/300');
INSERT INTO SONGS (song_id, album_id, title, duration, genre, release_date, song_rank, image) VALUES (582, 182, 'Dön', 253, 'Rap', '2025-05-28', 144, 'https://picsum.photos/seed/album182/300/300');
INSERT INTO SONGS (song_id, album_id, title, duration, genre, release_date, song_rank, image) VALUES (583, 35, 'Zehir', 291, 'Pop', '2025-05-28', 488, 'https://picsum.photos/seed/album35/300/300');
INSERT INTO SONGS (song_id, album_id, title, duration, genre, release_date, song_rank, image) VALUES (584, 75, 'Yürek', 285, 'Pop', '2025-05-28', 896, 'https://picsum.photos/seed/album75/300/300');
INSERT INTO SONGS (song_id, album_id, title, duration, genre, release_date, song_rank, image) VALUES (585, 150, 'Anlat', 223, 'Rap', '2025-05-28', 135, 'https://picsum.photos/seed/album150/300/300');
INSERT INTO SONGS (song_id, album_id, title, duration, genre, release_date, song_rank, image) VALUES (586, 87, 'Sonbahar', 229, 'Arabesk', '2025-05-28', 116, 'https://picsum.photos/seed/album87/300/300');
INSERT INTO SONGS (song_id, album_id, title, duration, genre, release_date, song_rank, image) VALUES (587, 35, 'Unutulmuş Umutlar', 229, 'Rap', '2025-05-28', 90, 'https://picsum.photos/seed/album35/300/300');
INSERT INTO SONGS (song_id, album_id, title, duration, genre, release_date, song_rank, image) VALUES (588, 35, 'Dikenli Sözler', 286, 'Arabesk', '2025-05-28', 979, 'https://picsum.photos/seed/album35/300/300');
INSERT INTO SONGS (song_id, album_id, title, duration, genre, release_date, song_rank, image) VALUES (589, 28, 'Romantik Sesler', 259, 'Pop', '2025-05-28', 551, 'https://picsum.photos/seed/album28/300/300');
INSERT INTO SONGS (song_id, album_id, title, duration, genre, release_date, song_rank, image) VALUES (590, 29, 'Sessiz Sabahlar', 194, 'Pop', '2025-05-28', 433, 'https://picsum.photos/seed/album29/300/300');
INSERT INTO SONGS (song_id, album_id, title, duration, genre, release_date, song_rank, image) VALUES (591, 101, 'Sor', 191, 'Arabesk', '2025-05-28', 17, 'https://picsum.photos/seed/album101/300/300');
INSERT INTO SONGS (song_id, album_id, title, duration, genre, release_date, song_rank, image) VALUES (592, 100, 'Kaybolmuş Geceler', 288, 'Pop', '2025-05-28', 651, 'https://picsum.photos/seed/album100/300/300');
INSERT INTO SONGS (song_id, album_id, title, duration, genre, release_date, song_rank, image) VALUES (593, 101, 'Perros Blancos', 201, 'Rap', '2025-05-28', 290, 'https://picsum.photos/seed/album101/300/300');
INSERT INTO SONGS (song_id, album_id, title, duration, genre, release_date, song_rank, image) VALUES (594, 159, 'Tutunmaya Çalıştım', 203, 'Pop', '2025-05-28', 734, 'https://picsum.photos/seed/album159/300/300');
INSERT INTO SONGS (song_id, album_id, title, duration, genre, release_date, song_rank, image) VALUES (595, 196, 'Sakin Hayaller', 192, 'Rap', '2025-05-28', 902, 'https://picsum.photos/seed/album196/300/300');
INSERT INTO SONGS (song_id, album_id, title, duration, genre, release_date, song_rank, image) VALUES (596, 20, 'Seninle', 206, 'Pop', '2025-05-28', 158, 'https://picsum.photos/seed/album20/300/300');
INSERT INTO SONGS (song_id, album_id, title, duration, genre, release_date, song_rank, image) VALUES (597, 48, 'Ayrılığın Sesi', 235, 'Pop', '2025-05-28', 690, 'https://picsum.photos/seed/album48/300/300');
INSERT INTO SONGS (song_id, album_id, title, duration, genre, release_date, song_rank, image) VALUES (598, 90, 'Ardında Unutulan', 257, 'Arabesk', '2025-05-28', 606, 'https://picsum.photos/seed/album90/300/300');
INSERT INTO SONGS (song_id, album_id, title, duration, genre, release_date, song_rank, image) VALUES (599, 27, 'Boş Kalan Bekleyiş', 241, 'Pop', '2025-05-28', 748, 'https://picsum.photos/seed/album27/300/300');
INSERT INTO SONGS (song_id, album_id, title, duration, genre, release_date, song_rank, image) VALUES (600, 3, 'Derin Çatlaklar', 203, 'Arabesk', '2025-05-28', 464, 'https://picsum.photos/seed/album3/300/300');
INSERT INTO SONGS (song_id, album_id, title, duration, genre, release_date, song_rank, image) VALUES (601, 166, 'Sessiz Kıvılcımlar', 200, 'Pop', '2025-05-28', 880, 'https://picsum.photos/seed/album166/300/300');
INSERT INTO SONGS (song_id, album_id, title, duration, genre, release_date, song_rank, image) VALUES (602, 130, 'Sor', 200, 'Pop', '2025-05-28', 11, 'https://picsum.photos/seed/album130/300/300');
INSERT INTO SONGS (song_id, album_id, title, duration, genre, release_date, song_rank, image) VALUES (603, 182, 'Kayboluş', 296, 'Rap', '2025-05-28', 892, 'https://picsum.photos/seed/album182/300/300');
INSERT INTO SONGS (song_id, album_id, title, duration, genre, release_date, song_rank, image) VALUES (604, 124, 'Kaybolmuş Sesler', 253, 'Rap', '2025-05-28', 687, 'https://picsum.photos/seed/album124/300/300');
INSERT INTO SONGS (song_id, album_id, title, duration, genre, release_date, song_rank, image) VALUES (605, 51, 'Sessiz Eller', 223, 'Arabesk', '2025-05-28', 891, 'https://picsum.photos/seed/album51/300/300');
INSERT INTO SONGS (song_id, album_id, title, duration, genre, release_date, song_rank, image) VALUES (606, 114, 'Beklemeden Git', 199, 'Arabesk', '2025-05-28', 781, 'https://picsum.photos/seed/album114/300/300');
INSERT INTO SONGS (song_id, album_id, title, duration, genre, release_date, song_rank, image) VALUES (607, 36, 'Kapanmayan Kapı', 202, 'Arabesk', '2025-05-28', 371, 'https://picsum.photos/seed/album36/300/300');
INSERT INTO SONGS (song_id, album_id, title, duration, genre, release_date, song_rank, image) VALUES (608, 21, 'Yıkılmadan', 237, 'Rap', '2025-05-28', 222, 'https://picsum.photos/seed/album21/300/300');
INSERT INTO SONGS (song_id, album_id, title, duration, genre, release_date, song_rank, image) VALUES (609, 130, 'Gözlerinde Sancı', 219, 'Pop', '2025-05-28', 152, 'https://picsum.photos/seed/album130/300/300');
INSERT INTO SONGS (song_id, album_id, title, duration, genre, release_date, song_rank, image) VALUES (610, 180, 'Yıkılmış Hayat', 231, 'Rap', '2025-05-28', 831, 'https://picsum.photos/seed/album180/300/300');
INSERT INTO SONGS (song_id, album_id, title, duration, genre, release_date, song_rank, image) VALUES (611, 157, 'Sessiz Sarsıntılar', 278, 'Arabesk', '2025-05-28', 127, 'https://picsum.photos/seed/album157/300/300');
INSERT INTO SONGS (song_id, album_id, title, duration, genre, release_date, song_rank, image) VALUES (612, 136, 'Unutulmayan Çatlak', 186, 'Arabesk', '2025-05-28', 926, 'https://picsum.photos/seed/album136/300/300');
INSERT INTO SONGS (song_id, album_id, title, duration, genre, release_date, song_rank, image) VALUES (613, 30, 'Bekleme Umudu', 242, 'Rap', '2025-05-28', 969, 'https://picsum.photos/seed/album30/300/300');
INSERT INTO SONGS (song_id, album_id, title, duration, genre, release_date, song_rank, image) VALUES (614, 149, 'Gözlerindeki İzler', 272, 'Pop', '2025-05-28', 427, 'https://picsum.photos/seed/album149/300/300');
INSERT INTO SONGS (song_id, album_id, title, duration, genre, release_date, song_rank, image) VALUES (615, 187, 'Yıkık Bekleyiş', 186, 'Pop', '2025-05-28', 378, 'https://picsum.photos/seed/album187/300/300');
INSERT INTO SONGS (song_id, album_id, title, duration, genre, release_date, song_rank, image) VALUES (616, 47, 'Diken', 268, 'Rap', '2025-05-28', 717, 'https://picsum.photos/seed/album47/300/300');
INSERT INTO SONGS (song_id, album_id, title, duration, genre, release_date, song_rank, image) VALUES (617, 92, 'Kapanmayan Eller', 292, 'Pop', '2025-05-28', 218, 'https://picsum.photos/seed/album92/300/300');
INSERT INTO SONGS (song_id, album_id, title, duration, genre, release_date, song_rank, image) VALUES (618, 98, 'Gözlerinde Haykırış', 271, 'Arabesk', '2025-05-28', 701, 'https://picsum.photos/seed/album98/300/300');
INSERT INTO SONGS (song_id, album_id, title, duration, genre, release_date, song_rank, image) VALUES (619, 67, 'Yana Yana', 206, 'Pop', '2025-05-28', 916, 'https://picsum.photos/seed/album67/300/300');
INSERT INTO SONGS (song_id, album_id, title, duration, genre, release_date, song_rank, image) VALUES (620, 120, 'Kandır', 252, 'Rap', '2025-05-28', 173, 'https://picsum.photos/seed/album120/300/300');
INSERT INTO SONGS (song_id, album_id, title, duration, genre, release_date, song_rank, image) VALUES (621, 94, 'Sakin Sürüşler', 214, 'Rap', '2025-05-28', 979, 'https://picsum.photos/seed/album94/300/300');
INSERT INTO SONGS (song_id, album_id, title, duration, genre, release_date, song_rank, image) VALUES (622, 84, 'Geceler', 278, 'Pop', '2025-05-28', 524, 'https://picsum.photos/seed/album84/300/300');
INSERT INTO SONGS (song_id, album_id, title, duration, genre, release_date, song_rank, image) VALUES (623, 168, 'Bensizken', 263, 'Pop', '2025-05-28', 201, 'https://picsum.photos/seed/album168/300/300');
INSERT INTO SONGS (song_id, album_id, title, duration, genre, release_date, song_rank, image) VALUES (624, 135, 'Mahkum', 186, 'Pop', '2025-05-28', 319, 'https://picsum.photos/seed/album135/300/300');
INSERT INTO SONGS (song_id, album_id, title, duration, genre, release_date, song_rank, image) VALUES (625, 122, 'Yalnızlık Çölleri', 257, 'Arabesk', '2025-05-28', 873, 'https://picsum.photos/seed/album122/300/300');
INSERT INTO SONGS (song_id, album_id, title, duration, genre, release_date, song_rank, image) VALUES (626, 44, 'Ardında Çatlaklar', 271, 'Arabesk', '2025-05-28', 839, 'https://picsum.photos/seed/album44/300/300');
INSERT INTO SONGS (song_id, album_id, title, duration, genre, release_date, song_rank, image) VALUES (627, 74, 'Kaybolmuş Çatlak', 204, 'Arabesk', '2025-05-28', 498, 'https://picsum.photos/seed/album74/300/300');
INSERT INTO SONGS (song_id, album_id, title, duration, genre, release_date, song_rank, image) VALUES (628, 4, 'Dön', 285, 'Rap', '2025-05-28', 762, 'https://picsum.photos/seed/album4/300/300');
INSERT INTO SONGS (song_id, album_id, title, duration, genre, release_date, song_rank, image) VALUES (629, 166, 'Çaresiz', 197, 'Pop', '2025-05-28', 112, 'https://picsum.photos/seed/album166/300/300');
INSERT INTO SONGS (song_id, album_id, title, duration, genre, release_date, song_rank, image) VALUES (630, 191, 'Tutsak Ruh', 287, 'Rap', '2025-05-28', 925, 'https://picsum.photos/seed/album191/300/300');
INSERT INTO SONGS (song_id, album_id, title, duration, genre, release_date, song_rank, image) VALUES (631, 55, 'Yalancı Masal', 223, 'Pop', '2025-05-28', 252, 'https://picsum.photos/seed/album55/300/300');
INSERT INTO SONGS (song_id, album_id, title, duration, genre, release_date, song_rank, image) VALUES (632, 179, 'Kaybol', 271, 'Rap', '2025-05-28', 368, 'https://picsum.photos/seed/album179/300/300');
INSERT INTO SONGS (song_id, album_id, title, duration, genre, release_date, song_rank, image) VALUES (633, 98, 'Dikenli Yol', 272, 'Rap', '2025-05-28', 720, 'https://picsum.photos/seed/album98/300/300');
INSERT INTO SONGS (song_id, album_id, title, duration, genre, release_date, song_rank, image) VALUES (634, 21, 'Karma', 241, 'Pop', '2025-05-28', 451, 'https://picsum.photos/seed/album21/300/300');
INSERT INTO SONGS (song_id, album_id, title, duration, genre, release_date, song_rank, image) VALUES (635, 177, 'Sessiz Nefes', 236, 'Arabesk', '2025-05-28', 247, 'https://picsum.photos/seed/album177/300/300');
INSERT INTO SONGS (song_id, album_id, title, duration, genre, release_date, song_rank, image) VALUES (636, 151, 'Gözlerindeki Sis', 288, 'Arabesk', '2025-05-28', 631, 'https://picsum.photos/seed/album151/300/300');
INSERT INTO SONGS (song_id, album_id, title, duration, genre, release_date, song_rank, image) VALUES (637, 105, 'Sizin Gibi', 192, 'Arabesk', '2025-05-28', 153, 'https://picsum.photos/seed/album105/300/300');
INSERT INTO SONGS (song_id, album_id, title, duration, genre, release_date, song_rank, image) VALUES (638, 35, 'Yitik Sevda', 259, 'Rap', '2025-05-28', 215, 'https://picsum.photos/seed/album35/300/300');
INSERT INTO SONGS (song_id, album_id, title, duration, genre, release_date, song_rank, image) VALUES (639, 171, 'Tutunacak Dal Yok', 186, 'Arabesk', '2025-05-28', 99, 'https://picsum.photos/seed/album171/300/300');
INSERT INTO SONGS (song_id, album_id, title, duration, genre, release_date, song_rank, image) VALUES (640, 82, 'Hayal', 279, 'Pop', '2025-05-28', 304, 'https://picsum.photos/seed/album82/300/300');
INSERT INTO SONGS (song_id, album_id, title, duration, genre, release_date, song_rank, image) VALUES (641, 73, 'Gece Yarısı', 201, 'Arabesk', '2025-05-28', 298, 'https://picsum.photos/seed/album73/300/300');
INSERT INTO SONGS (song_id, album_id, title, duration, genre, release_date, song_rank, image) VALUES (642, 77, 'Kapanmaz Anılar', 231, 'Arabesk', '2025-05-28', 410, 'https://picsum.photos/seed/album77/300/300');
INSERT INTO SONGS (song_id, album_id, title, duration, genre, release_date, song_rank, image) VALUES (643, 45, 'Sonsuza Dek', 266, 'Arabesk', '2025-05-28', 720, 'https://picsum.photos/seed/album45/300/300');
INSERT INTO SONGS (song_id, album_id, title, duration, genre, release_date, song_rank, image) VALUES (644, 31, 'Ardında Kaldım', 183, 'Arabesk', '2025-05-28', 199, 'https://picsum.photos/seed/album31/300/300');
INSERT INTO SONGS (song_id, album_id, title, duration, genre, release_date, song_rank, image) VALUES (645, 49, 'Bensiz Geceler', 298, 'Pop', '2025-05-28', 998, 'https://picsum.photos/seed/album49/300/300');
INSERT INTO SONGS (song_id, album_id, title, duration, genre, release_date, song_rank, image) VALUES (646, 131, 'Yıkık Umutlar', 267, 'Arabesk', '2025-05-28', 583, 'https://picsum.photos/seed/album131/300/300');
INSERT INTO SONGS (song_id, album_id, title, duration, genre, release_date, song_rank, image) VALUES (647, 199, 'İnan', 263, 'Arabesk', '2025-05-28', 74, 'https://picsum.photos/seed/album199/300/300');
INSERT INTO SONGS (song_id, album_id, title, duration, genre, release_date, song_rank, image) VALUES (648, 31, 'Yıkılmış Bahçeler', 284, 'Pop', '2025-05-28', 185, 'https://picsum.photos/seed/album31/300/300');
INSERT INTO SONGS (song_id, album_id, title, duration, genre, release_date, song_rank, image) VALUES (649, 128, 'Sakin Günler', 184, 'Rap', '2025-05-28', 483, 'https://picsum.photos/seed/album128/300/300');
INSERT INTO SONGS (song_id, album_id, title, duration, genre, release_date, song_rank, image) VALUES (650, 134, 'Gözlerindeki Çığlık', 213, 'Rap', '2025-05-28', 969, 'https://picsum.photos/seed/album134/300/300');
INSERT INTO SONGS (song_id, album_id, title, duration, genre, release_date, song_rank, image) VALUES (651, 42, 'Bensiz Geceler', 218, 'Rap', '2025-05-28', 887, 'https://picsum.photos/seed/album42/300/300');
INSERT INTO SONGS (song_id, album_id, title, duration, genre, release_date, song_rank, image) VALUES (652, 141, 'Yanıltan Umutlar', 184, 'Rap', '2025-05-28', 745, 'https://picsum.photos/seed/album141/300/300');
INSERT INTO SONGS (song_id, album_id, title, duration, genre, release_date, song_rank, image) VALUES (653, 170, 'Samimi Gün Doğumu', 293, 'Rap', '2025-05-28', 105, 'https://picsum.photos/seed/album170/300/300');
INSERT INTO SONGS (song_id, album_id, title, duration, genre, release_date, song_rank, image) VALUES (654, 11, 'Yaralı Sesler', 274, 'Pop', '2025-05-28', 560, 'https://picsum.photos/seed/album11/300/300');
INSERT INTO SONGS (song_id, album_id, title, duration, genre, release_date, song_rank, image) VALUES (655, 141, 'Sana Ne', 235, 'Arabesk', '2025-05-28', 513, 'https://picsum.photos/seed/album141/300/300');
INSERT INTO SONGS (song_id, album_id, title, duration, genre, release_date, song_rank, image) VALUES (656, 116, 'Saklanan Hatıralar', 273, 'Arabesk', '2025-05-28', 916, 'https://picsum.photos/seed/album116/300/300');
INSERT INTO SONGS (song_id, album_id, title, duration, genre, release_date, song_rank, image) VALUES (657, 125, 'Unutulmaz Anılar', 183, 'Pop', '2025-05-28', 249, 'https://picsum.photos/seed/album125/300/300');
INSERT INTO SONGS (song_id, album_id, title, duration, genre, release_date, song_rank, image) VALUES (658, 123, 'Romantik Bulutlar', 197, 'Rap', '2025-05-28', 690, 'https://picsum.photos/seed/album123/300/300');
INSERT INTO SONGS (song_id, album_id, title, duration, genre, release_date, song_rank, image) VALUES (659, 180, 'Sonsuz Çatlak', 250, 'Rap', '2025-05-28', 236, 'https://picsum.photos/seed/album180/300/300');
INSERT INTO SONGS (song_id, album_id, title, duration, genre, release_date, song_rank, image) VALUES (660, 9, 'Saklı Umutlar', 231, 'Arabesk', '2025-05-28', 807, 'https://picsum.photos/seed/album9/300/300');
INSERT INTO SONGS (song_id, album_id, title, duration, genre, release_date, song_rank, image) VALUES (661, 57, 'Ardında Umut', 265, 'Arabesk', '2025-05-28', 76, 'https://picsum.photos/seed/album57/300/300');
INSERT INTO SONGS (song_id, album_id, title, duration, genre, release_date, song_rank, image) VALUES (662, 114, 'Yasaklı', 189, 'Rap', '2025-05-28', 248, 'https://picsum.photos/seed/album114/300/300');
INSERT INTO SONGS (song_id, album_id, title, duration, genre, release_date, song_rank, image) VALUES (663, 144, 'Vahşi Duygular', 196, 'Rap', '2025-05-28', 433, 'https://picsum.photos/seed/album144/300/300');
INSERT INTO SONGS (song_id, album_id, title, duration, genre, release_date, song_rank, image) VALUES (664, 194, 'Bensiz Sancılar', 187, 'Pop', '2025-05-28', 950, 'https://picsum.photos/seed/album194/300/300');
INSERT INTO SONGS (song_id, album_id, title, duration, genre, release_date, song_rank, image) VALUES (665, 46, 'Tutunacak Yalnızlık', 200, 'Arabesk', '2025-05-28', 285, 'https://picsum.photos/seed/album46/300/300');
INSERT INTO SONGS (song_id, album_id, title, duration, genre, release_date, song_rank, image) VALUES (666, 167, 'Kaybolan Duygular', 262, 'Rap', '2025-05-28', 734, 'https://picsum.photos/seed/album167/300/300');
INSERT INTO SONGS (song_id, album_id, title, duration, genre, release_date, song_rank, image) VALUES (667, 95, 'Dikenli Yol', 284, 'Rap', '2025-05-28', 11, 'https://picsum.photos/seed/album95/300/300');
INSERT INTO SONGS (song_id, album_id, title, duration, genre, release_date, song_rank, image) VALUES (668, 136, 'Umrumda Değil', 237, 'Rap', '2025-05-28', 168, 'https://picsum.photos/seed/album136/300/300');
INSERT INTO SONGS (song_id, album_id, title, duration, genre, release_date, song_rank, image) VALUES (669, 103, 'Yalancı', 203, 'Rap', '2025-05-28', 960, 'https://picsum.photos/seed/album103/300/300');
INSERT INTO SONGS (song_id, album_id, title, duration, genre, release_date, song_rank, image) VALUES (670, 62, 'Dikenli Çıkmazlar', 295, 'Arabesk', '2025-05-28', 318, 'https://picsum.photos/seed/album62/300/300');
INSERT INTO SONGS (song_id, album_id, title, duration, genre, release_date, song_rank, image) VALUES (671, 48, 'Sonsuzluk', 274, 'Arabesk', '2025-05-28', 351, 'https://picsum.photos/seed/album48/300/300');
INSERT INTO SONGS (song_id, album_id, title, duration, genre, release_date, song_rank, image) VALUES (672, 47, 'Sessiz Yankı', 236, 'Arabesk', '2025-05-28', 973, 'https://picsum.photos/seed/album47/300/300');
INSERT INTO SONGS (song_id, album_id, title, duration, genre, release_date, song_rank, image) VALUES (673, 148, 'Yaralı Kalp', 184, 'Rap', '2025-05-28', 584, 'https://picsum.photos/seed/album148/300/300');
INSERT INTO SONGS (song_id, album_id, title, duration, genre, release_date, song_rank, image) VALUES (674, 32, 'Yanlış Dalgalar', 291, 'Rap', '2025-05-28', 843, 'https://picsum.photos/seed/album32/300/300');
INSERT INTO SONGS (song_id, album_id, title, duration, genre, release_date, song_rank, image) VALUES (675, 134, 'Yıkılmış Gözler', 195, 'Arabesk', '2025-05-28', 85, 'https://picsum.photos/seed/album134/300/300');
INSERT INTO SONGS (song_id, album_id, title, duration, genre, release_date, song_rank, image) VALUES (676, 79, 'Sessiz Bulutlar', 261, 'Pop', '2025-05-28', 736, 'https://picsum.photos/seed/album79/300/300');
INSERT INTO SONGS (song_id, album_id, title, duration, genre, release_date, song_rank, image) VALUES (677, 109, 'Gözlerindeki Yara', 276, 'Pop', '2025-05-28', 834, 'https://picsum.photos/seed/album109/300/300');
INSERT INTO SONGS (song_id, album_id, title, duration, genre, release_date, song_rank, image) VALUES (678, 163, 'Saklı Çiçek', 208, 'Rap', '2025-05-28', 48, 'https://picsum.photos/seed/album163/300/300');
INSERT INTO SONGS (song_id, album_id, title, duration, genre, release_date, song_rank, image) VALUES (679, 42, 'Yanıltan Hayaller', 227, 'Arabesk', '2025-05-28', 595, 'https://picsum.photos/seed/album42/300/300');
INSERT INTO SONGS (song_id, album_id, title, duration, genre, release_date, song_rank, image) VALUES (680, 170, 'Geri Dön', 291, 'Arabesk', '2025-05-28', 579, 'https://picsum.photos/seed/album170/300/300');
INSERT INTO SONGS (song_id, album_id, title, duration, genre, release_date, song_rank, image) VALUES (681, 192, 'Yıkık Gece', 232, 'Pop', '2025-05-28', 214, 'https://picsum.photos/seed/album192/300/300');
INSERT INTO SONGS (song_id, album_id, title, duration, genre, release_date, song_rank, image) VALUES (682, 177, 'Adanmış Hayatların Umudu', 233, 'Pop', '2025-05-28', 227, 'https://picsum.photos/seed/album177/300/300');
INSERT INTO SONGS (song_id, album_id, title, duration, genre, release_date, song_rank, image) VALUES (683, 133, 'Gözlerimdeki Hüzün', 243, 'Pop', '2025-05-28', 499, 'https://picsum.photos/seed/album133/300/300');
INSERT INTO SONGS (song_id, album_id, title, duration, genre, release_date, song_rank, image) VALUES (684, 15, 'Karanlık Yol', 190, 'Rap', '2025-05-28', 832, 'https://picsum.photos/seed/album15/300/300');
INSERT INTO SONGS (song_id, album_id, title, duration, genre, release_date, song_rank, image) VALUES (685, 91, 'Savrulan Hayaller', 299, 'Rap', '2025-05-28', 939, 'https://picsum.photos/seed/album91/300/300');
INSERT INTO SONGS (song_id, album_id, title, duration, genre, release_date, song_rank, image) VALUES (686, 102, 'Kapanmayan Sözler', 199, 'Arabesk', '2025-05-28', 281, 'https://picsum.photos/seed/album102/300/300');
INSERT INTO SONGS (song_id, album_id, title, duration, genre, release_date, song_rank, image) VALUES (687, 184, 'Affet', 242, 'Pop', '2025-05-28', 850, 'https://picsum.photos/seed/album184/300/300');
INSERT INTO SONGS (song_id, album_id, title, duration, genre, release_date, song_rank, image) VALUES (688, 86, 'Ardında Sır', 241, 'Arabesk', '2025-05-28', 562, 'https://picsum.photos/seed/album86/300/300');
INSERT INTO SONGS (song_id, album_id, title, duration, genre, release_date, song_rank, image) VALUES (689, 175, 'Saklanan Duygular', 229, 'Arabesk', '2025-05-28', 714, 'https://picsum.photos/seed/album175/300/300');
INSERT INTO SONGS (song_id, album_id, title, duration, genre, release_date, song_rank, image) VALUES (690, 133, 'Samimi Melodiler', 268, 'Rap', '2025-05-28', 986, 'https://picsum.photos/seed/album133/300/300');
INSERT INTO SONGS (song_id, album_id, title, duration, genre, release_date, song_rank, image) VALUES (691, 26, 'o Sinyaller', 201, 'Rap', '2025-05-28', 121, 'https://picsum.photos/seed/album26/300/300');
INSERT INTO SONGS (song_id, album_id, title, duration, genre, release_date, song_rank, image) VALUES (692, 132, 'Savrulan Bahar', 276, 'Pop', '2025-05-28', 582, 'https://picsum.photos/seed/album132/300/300');
INSERT INTO SONGS (song_id, album_id, title, duration, genre, release_date, song_rank, image) VALUES (693, 24, 'Savrulan Çıkmaz', 189, 'Rap', '2025-05-28', 575, 'https://picsum.photos/seed/album24/300/300');
INSERT INTO SONGS (song_id, album_id, title, duration, genre, release_date, song_rank, image) VALUES (694, 9, 'Bilemem', 208, 'Rap', '2025-05-28', 99, 'https://picsum.photos/seed/album9/300/300');
INSERT INTO SONGS (song_id, album_id, title, duration, genre, release_date, song_rank, image) VALUES (695, 22, 'Unut Gitsin', 259, 'Pop', '2025-05-28', 198, 'https://picsum.photos/seed/album22/300/300');
INSERT INTO SONGS (song_id, album_id, title, duration, genre, release_date, song_rank, image) VALUES (696, 42, 'Kaybolan Ruh', 272, 'Pop', '2025-05-28', 450, 'https://picsum.photos/seed/album42/300/300');
INSERT INTO SONGS (song_id, album_id, title, duration, genre, release_date, song_rank, image) VALUES (697, 93, 'Sonsuz Aşk', 272, 'Arabesk', '2025-05-28', 652, 'https://picsum.photos/seed/album93/300/300');
INSERT INTO SONGS (song_id, album_id, title, duration, genre, release_date, song_rank, image) VALUES (698, 11, 'Sessiz', 209, 'Rap', '2025-05-28', 556, 'https://picsum.photos/seed/album11/300/300');
INSERT INTO SONGS (song_id, album_id, title, duration, genre, release_date, song_rank, image) VALUES (699, 119, 'Sakin Geceler', 190, 'Rap', '2025-05-28', 452, 'https://picsum.photos/seed/album119/300/300');
INSERT INTO SONGS (song_id, album_id, title, duration, genre, release_date, song_rank, image) VALUES (700, 36, 'Kapanmayan Çatlak', 272, 'Pop', '2025-05-28', 293, 'https://picsum.photos/seed/album36/300/300');
INSERT INTO SONGS (song_id, album_id, title, duration, genre, release_date, song_rank, image) VALUES (701, 96, 'Sebep', 229, 'Arabesk', '2025-05-28', 277, 'https://picsum.photos/seed/album96/300/300');
INSERT INTO SONGS (song_id, album_id, title, duration, genre, release_date, song_rank, image) VALUES (702, 170, 'Gitmem Lazım', 249, 'Arabesk', '2025-05-28', 652, 'https://picsum.photos/seed/album170/300/300');
INSERT INTO SONGS (song_id, album_id, title, duration, genre, release_date, song_rank, image) VALUES (703, 80, 'Arabam dacia', 219, 'Arabesk', '2025-05-28', 289, 'https://picsum.photos/seed/album80/300/300');
INSERT INTO SONGS (song_id, album_id, title, duration, genre, release_date, song_rank, image) VALUES (704, 172, 'Samimi Rüyalar', 282, 'Pop', '2025-05-28', 728, 'https://picsum.photos/seed/album172/300/300');
INSERT INTO SONGS (song_id, album_id, title, duration, genre, release_date, song_rank, image) VALUES (705, 53, 'Sessiz Gün Doğumu', 227, 'Pop', '2025-05-28', 190, 'https://picsum.photos/seed/album53/300/300');
INSERT INTO SONGS (song_id, album_id, title, duration, genre, release_date, song_rank, image) VALUES (706, 182, 'Sitem', 204, 'Pop', '2025-05-28', 671, 'https://picsum.photos/seed/album182/300/300');
INSERT INTO SONGS (song_id, album_id, title, duration, genre, release_date, song_rank, image) VALUES (707, 12, 'Kırık', 289, 'Arabesk', '2025-05-28', 576, 'https://picsum.photos/seed/album12/300/300');
INSERT INTO SONGS (song_id, album_id, title, duration, genre, release_date, song_rank, image) VALUES (708, 113, 'Yokluğun', 261, 'Pop', '2025-05-28', 346, 'https://picsum.photos/seed/album113/300/300');
INSERT INTO SONGS (song_id, album_id, title, duration, genre, release_date, song_rank, image) VALUES (709, 118, 'Savrulan Çığlık', 286, 'Rap', '2025-05-28', 747, 'https://picsum.photos/seed/album118/300/300');
INSERT INTO SONGS (song_id, album_id, title, duration, genre, release_date, song_rank, image) VALUES (710, 190, 'Bekleyen Umutlar', 232, 'Arabesk', '2025-05-28', 892, 'https://picsum.photos/seed/album190/300/300');
INSERT INTO SONGS (song_id, album_id, title, duration, genre, release_date, song_rank, image) VALUES (711, 84, 'Saklı Kalp', 265, 'Rap', '2025-05-28', 190, 'https://picsum.photos/seed/album84/300/300');
INSERT INTO SONGS (song_id, album_id, title, duration, genre, release_date, song_rank, image) VALUES (712, 163, 'Samimi Hayaller', 257, 'Arabesk', '2025-05-28', 962, 'https://picsum.photos/seed/album163/300/300');
INSERT INTO SONGS (song_id, album_id, title, duration, genre, release_date, song_rank, image) VALUES (713, 74, 'Kapanmayan Eller', 292, 'Rap', '2025-05-28', 112, 'https://picsum.photos/seed/album74/300/300');
INSERT INTO SONGS (song_id, album_id, title, duration, genre, release_date, song_rank, image) VALUES (714, 26, 'Yaralı İzler', 240, 'Pop', '2025-05-28', 446, 'https://picsum.photos/seed/album26/300/300');
INSERT INTO SONGS (song_id, album_id, title, duration, genre, release_date, song_rank, image) VALUES (715, 134, 'Tutunacak Dal', 202, 'Rap', '2025-05-28', 674, 'https://picsum.photos/seed/album134/300/300');
INSERT INTO SONGS (song_id, album_id, title, duration, genre, release_date, song_rank, image) VALUES (716, 46, 'İçsel', 217, 'Arabesk', '2025-05-28', 904, 'https://picsum.photos/seed/album46/300/300');
INSERT INTO SONGS (song_id, album_id, title, duration, genre, release_date, song_rank, image) VALUES (717, 5, 'Saklanan Kalp', 205, 'Pop', '2025-05-28', 720, 'https://picsum.photos/seed/album5/300/300');
INSERT INTO SONGS (song_id, album_id, title, duration, genre, release_date, song_rank, image) VALUES (718, 13, 'Sakin Kıvılcımlar', 215, 'Rap', '2025-05-28', 532, 'https://picsum.photos/seed/album13/300/300');
INSERT INTO SONGS (song_id, album_id, title, duration, genre, release_date, song_rank, image) VALUES (719, 58, 'Kapanmayan Yara', 184, 'Pop', '2025-05-28', 601, 'https://picsum.photos/seed/album58/300/300');
INSERT INTO SONGS (song_id, album_id, title, duration, genre, release_date, song_rank, image) VALUES (720, 13, 'Ardında Bekleyiş', 221, 'Pop', '2025-05-28', 24, 'https://picsum.photos/seed/album13/300/300');
INSERT INTO SONGS (song_id, album_id, title, duration, genre, release_date, song_rank, image) VALUES (721, 153, 'Bırak', 222, 'Pop', '2025-05-28', 267, 'https://picsum.photos/seed/album153/300/300');
INSERT INTO SONGS (song_id, album_id, title, duration, genre, release_date, song_rank, image) VALUES (722, 168, 'Yaralı Sevgiler', 195, 'Arabesk', '2025-05-28', 811, 'https://picsum.photos/seed/album168/300/300');
INSERT INTO SONGS (song_id, album_id, title, duration, genre, release_date, song_rank, image) VALUES (723, 126, 'Sessiz Ritimler', 284, 'Arabesk', '2025-05-28', 208, 'https://picsum.photos/seed/album126/300/300');
INSERT INTO SONGS (song_id, album_id, title, duration, genre, release_date, song_rank, image) VALUES (724, 95, 'Makina', 274, 'Arabesk', '2025-05-28', 222, 'https://picsum.photos/seed/album95/300/300');
INSERT INTO SONGS (song_id, album_id, title, duration, genre, release_date, song_rank, image) VALUES (725, 198, 'Yalnızlıkta Bensiz', 277, 'Arabesk', '2025-05-28', 688, 'https://picsum.photos/seed/album198/300/300');
INSERT INTO SONGS (song_id, album_id, title, duration, genre, release_date, song_rank, image) VALUES (726, 31, 'Saklı Duygular', 300, 'Pop', '2025-05-28', 640, 'https://picsum.photos/seed/album31/300/300');
INSERT INTO SONGS (song_id, album_id, title, duration, genre, release_date, song_rank, image) VALUES (727, 128, 'Sakin Gün Doğumu', 200, 'Rap', '2025-05-28', 629, 'https://picsum.photos/seed/album128/300/300');
INSERT INTO SONGS (song_id, album_id, title, duration, genre, release_date, song_rank, image) VALUES (728, 180, 'Yana Yana', 271, 'Rap', '2025-05-28', 468, 'https://picsum.photos/seed/album180/300/300');
INSERT INTO SONGS (song_id, album_id, title, duration, genre, release_date, song_rank, image) VALUES (729, 7, 'Saklan', 217, 'Arabesk', '2025-05-28', 351, 'https://picsum.photos/seed/album7/300/300');
INSERT INTO SONGS (song_id, album_id, title, duration, genre, release_date, song_rank, image) VALUES (730, 22, 'Tutunamam', 258, 'Rap', '2025-05-28', 878, 'https://picsum.photos/seed/album22/300/300');
INSERT INTO SONGS (song_id, album_id, title, duration, genre, release_date, song_rank, image) VALUES (731, 29, 'Kapanmaz Çıkmaz', 230, 'Arabesk', '2025-05-28', 23, 'https://picsum.photos/seed/album29/300/300');
INSERT INTO SONGS (song_id, album_id, title, duration, genre, release_date, song_rank, image) VALUES (732, 171, 'Sessiz Çatlaklar', 201, 'Arabesk', '2025-05-28', 70, 'https://picsum.photos/seed/album171/300/300');
INSERT INTO SONGS (song_id, album_id, title, duration, genre, release_date, song_rank, image) VALUES (733, 110, 'Ardında Çıkmaz', 264, 'Arabesk', '2025-05-28', 394, 'https://picsum.photos/seed/album110/300/300');
INSERT INTO SONGS (song_id, album_id, title, duration, genre, release_date, song_rank, image) VALUES (734, 94, 'Bekle', 209, 'Pop', '2025-05-28', 34, 'https://picsum.photos/seed/album94/300/300');
INSERT INTO SONGS (song_id, album_id, title, duration, genre, release_date, song_rank, image) VALUES (735, 3, 'NKBİ', 295, 'Rap', '2025-05-28', 46, 'https://picsum.photos/seed/album3/300/300');
INSERT INTO SONGS (song_id, album_id, title, duration, genre, release_date, song_rank, image) VALUES (736, 83, 'Saklı Bekleyiş', 268, 'Arabesk', '2025-05-28', 357, 'https://picsum.photos/seed/album83/300/300');
INSERT INTO SONGS (song_id, album_id, title, duration, genre, release_date, song_rank, image) VALUES (737, 149, 'Ağla', 224, 'Pop', '2025-05-28', 702, 'https://picsum.photos/seed/album149/300/300');
INSERT INTO SONGS (song_id, album_id, title, duration, genre, release_date, song_rank, image) VALUES (738, 101, 'Savrulan Umut', 236, 'Rap', '2025-05-28', 748, 'https://picsum.photos/seed/album101/300/300');
INSERT INTO SONGS (song_id, album_id, title, duration, genre, release_date, song_rank, image) VALUES (739, 38, 'Unutulmaz Sancılar', 205, 'Rap', '2025-05-28', 533, 'https://picsum.photos/seed/album38/300/300');
INSERT INTO SONGS (song_id, album_id, title, duration, genre, release_date, song_rank, image) VALUES (740, 56, 'Yıkık Umutlar', 202, 'Rap', '2025-05-28', 401, 'https://picsum.photos/seed/album56/300/300');
INSERT INTO SONGS (song_id, album_id, title, duration, genre, release_date, song_rank, image) VALUES (741, 146, 'Fener ağlama', 189, 'Arabesk', '2025-05-28', 12, 'https://picsum.photos/seed/album146/300/300');
INSERT INTO SONGS (song_id, album_id, title, duration, genre, release_date, song_rank, image) VALUES (742, 169, 'Kayıp Umutlar', 238, 'Arabesk', '2025-05-28', 473, 'https://picsum.photos/seed/album169/300/300');
INSERT INTO SONGS (song_id, album_id, title, duration, genre, release_date, song_rank, image) VALUES (743, 134, 'Dikenli Zaman', 208, 'Rap', '2025-05-28', 720, 'https://picsum.photos/seed/album134/300/300');
INSERT INTO SONGS (song_id, album_id, title, duration, genre, release_date, song_rank, image) VALUES (744, 75, 'Yıldız', 274, 'Arabesk', '2025-05-28', 281, 'https://picsum.photos/seed/album75/300/300');
INSERT INTO SONGS (song_id, album_id, title, duration, genre, release_date, song_rank, image) VALUES (745, 98, 'Yanıltan Bahçeler', 255, 'Rap', '2025-05-28', 221, 'https://picsum.photos/seed/album98/300/300');
INSERT INTO SONGS (song_id, album_id, title, duration, genre, release_date, song_rank, image) VALUES (746, 38, 'Dönmeyen Zaman', 253, 'Pop', '2025-05-28', 138, 'https://picsum.photos/seed/album38/300/300');
INSERT INTO SONGS (song_id, album_id, title, duration, genre, release_date, song_rank, image) VALUES (747, 6, 'Savrul', 289, 'Arabesk', '2025-05-28', 968, 'https://picsum.photos/seed/album6/300/300');
INSERT INTO SONGS (song_id, album_id, title, duration, genre, release_date, song_rank, image) VALUES (748, 194, 'Kapanmayan Anılar', 193, 'Rap', '2025-05-28', 655, 'https://picsum.photos/seed/album194/300/300');
INSERT INTO SONGS (song_id, album_id, title, duration, genre, release_date, song_rank, image) VALUES (749, 7, 'Sonsuz İzler', 224, 'Rap', '2025-05-28', 665, 'https://picsum.photos/seed/album7/300/300');
INSERT INTO SONGS (song_id, album_id, title, duration, genre, release_date, song_rank, image) VALUES (750, 16, 'Tutunamam Sana', 214, 'Arabesk', '2025-05-28', 726, 'https://picsum.photos/seed/album16/300/300');
INSERT INTO SONGS (song_id, album_id, title, duration, genre, release_date, song_rank, image) VALUES (751, 159, 'Retro Yağmur', 285, 'Pop', '2025-05-28', 963, 'https://picsum.photos/seed/album159/300/300');
INSERT INTO SONGS (song_id, album_id, title, duration, genre, release_date, song_rank, image) VALUES (752, 40, 'Yok', 235, 'Pop', '2025-05-28', 258, 'https://picsum.photos/seed/album40/300/300');
INSERT INTO SONGS (song_id, album_id, title, duration, genre, release_date, song_rank, image) VALUES (753, 24, 'HARAM', 192, 'Arabesk', '2025-05-28', 823, 'https://picsum.photos/seed/album24/300/300');
INSERT INTO SONGS (song_id, album_id, title, duration, genre, release_date, song_rank, image) VALUES (754, 155, 'Susamam', 218, 'Rap', '2025-05-28', 494, 'https://picsum.photos/seed/album155/300/300');
INSERT INTO SONGS (song_id, album_id, title, duration, genre, release_date, song_rank, image) VALUES (755, 23, 'İz', 251, 'Arabesk', '2025-05-28', 223, 'https://picsum.photos/seed/album23/300/300');
INSERT INTO SONGS (song_id, album_id, title, duration, genre, release_date, song_rank, image) VALUES (756, 14, 'Yanıltıcı Umutlar', 283, 'Rap', '2025-05-28', 592, 'https://picsum.photos/seed/album14/300/300');
INSERT INTO SONGS (song_id, album_id, title, duration, genre, release_date, song_rank, image) VALUES (757, 85, 'Gitme Kal', 221, 'Arabesk', '2025-05-28', 260, 'https://picsum.photos/seed/album85/300/300');
INSERT INTO SONGS (song_id, album_id, title, duration, genre, release_date, song_rank, image) VALUES (758, 199, 'Yalnızlıkta Kaybol', 290, 'Pop', '2025-05-28', 523, 'https://picsum.photos/seed/album199/300/300');
INSERT INTO SONGS (song_id, album_id, title, duration, genre, release_date, song_rank, image) VALUES (759, 108, 'Saklı Bir Çığlık', 250, 'Arabesk', '2025-05-28', 630, 'https://picsum.photos/seed/album108/300/300');
INSERT INTO SONGS (song_id, album_id, title, duration, genre, release_date, song_rank, image) VALUES (760, 21, 'Yorgun', 295, 'Rap', '2025-05-28', 948, 'https://picsum.photos/seed/album21/300/300');
INSERT INTO SONGS (song_id, album_id, title, duration, genre, release_date, song_rank, image) VALUES (761, 174, 'Saklanan Çatlak', 220, 'Arabesk', '2025-05-28', 380, 'https://picsum.photos/seed/album174/300/300');
INSERT INTO SONGS (song_id, album_id, title, duration, genre, release_date, song_rank, image) VALUES (762, 67, 'Saklı Çığlıklar', 281, 'Pop', '2025-05-28', 785, 'https://picsum.photos/seed/album67/300/300');
INSERT INTO SONGS (song_id, album_id, title, duration, genre, release_date, song_rank, image) VALUES (763, 88, 'Bensiz Gece', 257, 'Rap', '2025-05-28', 80, 'https://picsum.photos/seed/album88/300/300');
INSERT INTO SONGS (song_id, album_id, title, duration, genre, release_date, song_rank, image) VALUES (764, 149, 'Uyan', 283, 'Pop', '2025-05-28', 817, 'https://picsum.photos/seed/album149/300/300');
INSERT INTO SONGS (song_id, album_id, title, duration, genre, release_date, song_rank, image) VALUES (765, 129, 'Kaybolan Nefesler', 258, 'Arabesk', '2025-05-28', 224, 'https://picsum.photos/seed/album129/300/300');
INSERT INTO SONGS (song_id, album_id, title, duration, genre, release_date, song_rank, image) VALUES (766, 111, 'Dalga', 190, 'Rap', '2025-05-28', 966, 'https://picsum.photos/seed/album111/300/300');
INSERT INTO SONGS (song_id, album_id, title, duration, genre, release_date, song_rank, image) VALUES (767, 30, 'Kayıp Duygular', 219, 'Pop', '2025-05-28', 943, 'https://picsum.photos/seed/album30/300/300');
INSERT INTO SONGS (song_id, album_id, title, duration, genre, release_date, song_rank, image) VALUES (768, 92, 'Tutunamadım Sana', 298, 'Pop', '2025-05-28', 491, 'https://picsum.photos/seed/album92/300/300');
INSERT INTO SONGS (song_id, album_id, title, duration, genre, release_date, song_rank, image) VALUES (769, 138, 'Yalnızlık', 257, 'Rap', '2025-05-28', 349, 'https://picsum.photos/seed/album138/300/300');
INSERT INTO SONGS (song_id, album_id, title, duration, genre, release_date, song_rank, image) VALUES (770, 185, 'Retro Yolculuklar', 223, 'Arabesk', '2025-05-28', 793, 'https://picsum.photos/seed/album185/300/300');
INSERT INTO SONGS (song_id, album_id, title, duration, genre, release_date, song_rank, image) VALUES (771, 121, 'Samimi Yolculuklar', 224, 'Rap', '2025-05-28', 251, 'https://picsum.photos/seed/album121/300/300');
INSERT INTO SONGS (song_id, album_id, title, duration, genre, release_date, song_rank, image) VALUES (772, 56, 'Karma', 292, 'Arabesk', '2025-05-28', 473, 'https://picsum.photos/seed/album56/300/300');
INSERT INTO SONGS (song_id, album_id, title, duration, genre, release_date, song_rank, image) VALUES (773, 121, 'Sessiz Hayaller', 272, 'Arabesk', '2025-05-28', 905, 'https://picsum.photos/seed/album121/300/300');
INSERT INTO SONGS (song_id, album_id, title, duration, genre, release_date, song_rank, image) VALUES (774, 75, 'Sessiz Anılar', 224, 'Rap', '2025-05-28', 682, 'https://picsum.photos/seed/album75/300/300');
INSERT INTO SONGS (song_id, album_id, title, duration, genre, release_date, song_rank, image) VALUES (775, 65, 'Gözlerinde Yalan', 299, 'Rap', '2025-05-28', 913, 'https://picsum.photos/seed/album65/300/300');
INSERT INTO SONGS (song_id, album_id, title, duration, genre, release_date, song_rank, image) VALUES (776, 66, 'Kaybolmuş Hayaller', 206, 'Arabesk', '2025-05-28', 918, 'https://picsum.photos/seed/album66/300/300');
INSERT INTO SONGS (song_id, album_id, title, duration, genre, release_date, song_rank, image) VALUES (777, 89, 'Dikenli Bekleyişler', 224, 'Arabesk', '2025-05-28', 770, 'https://picsum.photos/seed/album89/300/300');
INSERT INTO SONGS (song_id, album_id, title, duration, genre, release_date, song_rank, image) VALUES (778, 30, 'Yalnızlık Bekçisi', 231, 'Arabesk', '2025-05-28', 509, 'https://picsum.photos/seed/album30/300/300');
INSERT INTO SONGS (song_id, album_id, title, duration, genre, release_date, song_rank, image) VALUES (779, 12, 'Gözlerimdeki Çatlak', 214, 'Pop', '2025-05-28', 38, 'https://picsum.photos/seed/album12/300/300');
INSERT INTO SONGS (song_id, album_id, title, duration, genre, release_date, song_rank, image) VALUES (780, 157, 'Ralli', 187, 'Arabesk', '2025-05-28', 305, 'https://picsum.photos/seed/album157/300/300');
INSERT INTO SONGS (song_id, album_id, title, duration, genre, release_date, song_rank, image) VALUES (781, 106, 'Ardında Dönüş', 187, 'Pop', '2025-05-28', 551, 'https://picsum.photos/seed/album106/300/300');
INSERT INTO SONGS (song_id, album_id, title, duration, genre, release_date, song_rank, image) VALUES (782, 165, 'Boş Bir Çığlık', 207, 'Arabesk', '2025-05-28', 996, 'https://picsum.photos/seed/album165/300/300');
INSERT INTO SONGS (song_id, album_id, title, duration, genre, release_date, song_rank, image) VALUES (783, 180, 'Yalnızlık Çığlığı', 194, 'Pop', '2025-05-28', 168, 'https://picsum.photos/seed/album180/300/300');
INSERT INTO SONGS (song_id, album_id, title, duration, genre, release_date, song_rank, image) VALUES (784, 120, 'Yalnızlık Çığlığı', 276, 'Pop', '2025-05-28', 791, 'https://picsum.photos/seed/album120/300/300');
INSERT INTO SONGS (song_id, album_id, title, duration, genre, release_date, song_rank, image) VALUES (785, 29, 'Ardında Çatlak', 248, 'Rap', '2025-05-28', 75, 'https://picsum.photos/seed/album29/300/300');
INSERT INTO SONGS (song_id, album_id, title, duration, genre, release_date, song_rank, image) VALUES (786, 189, 'Ardına Bakma', 295, 'Pop', '2025-05-28', 98, 'https://picsum.photos/seed/album189/300/300');
INSERT INTO SONGS (song_id, album_id, title, duration, genre, release_date, song_rank, image) VALUES (787, 102, 'Sessiz Zaman', 243, 'Pop', '2025-05-28', 969, 'https://picsum.photos/seed/album102/300/300');
INSERT INTO SONGS (song_id, album_id, title, duration, genre, release_date, song_rank, image) VALUES (788, 5, 'Sevdam', 284, 'Pop', '2025-05-28', 941, 'https://picsum.photos/seed/album5/300/300');
INSERT INTO SONGS (song_id, album_id, title, duration, genre, release_date, song_rank, image) VALUES (789, 66, 'Sakin Kalpler', 214, 'Rap', '2025-05-28', 766, 'https://picsum.photos/seed/album66/300/300');
INSERT INTO SONGS (song_id, album_id, title, duration, genre, release_date, song_rank, image) VALUES (790, 133, 'Yalancı Çığlık', 254, 'Arabesk', '2025-05-28', 494, 'https://picsum.photos/seed/album133/300/300');
INSERT INTO SONGS (song_id, album_id, title, duration, genre, release_date, song_rank, image) VALUES (791, 171, 'Sar Başa', 274, 'Rap', '2025-05-28', 111, 'https://picsum.photos/seed/album171/300/300');
INSERT INTO SONGS (song_id, album_id, title, duration, genre, release_date, song_rank, image) VALUES (792, 66, 'Hasret', 202, 'Pop', '2025-05-28', 103, 'https://picsum.photos/seed/album66/300/300');
INSERT INTO SONGS (song_id, album_id, title, duration, genre, release_date, song_rank, image) VALUES (793, 154, 'Savrulan Bekleyişler', 225, 'Arabesk', '2025-05-28', 200, 'https://picsum.photos/seed/album154/300/300');
INSERT INTO SONGS (song_id, album_id, title, duration, genre, release_date, song_rank, image) VALUES (794, 143, 'Yanıltan Kalpler', 235, 'Pop', '2025-05-28', 202, 'https://picsum.photos/seed/album143/300/300');
INSERT INTO SONGS (song_id, album_id, title, duration, genre, release_date, song_rank, image) VALUES (795, 107, 'Yıkık Rüya', 269, 'Pop', '2025-05-28', 669, 'https://picsum.photos/seed/album107/300/300');
INSERT INTO SONGS (song_id, album_id, title, duration, genre, release_date, song_rank, image) VALUES (796, 39, 'Bekleme', 192, 'Arabesk', '2025-05-28', 564, 'https://picsum.photos/seed/album39/300/300');
INSERT INTO SONGS (song_id, album_id, title, duration, genre, release_date, song_rank, image) VALUES (797, 189, 'Kapanmayan Gözyaşı', 204, 'Arabesk', '2025-05-28', 471, 'https://picsum.photos/seed/album189/300/300');
INSERT INTO SONGS (song_id, album_id, title, duration, genre, release_date, song_rank, image) VALUES (798, 54, 'Gözyaşında Boğul', 259, 'Rap', '2025-05-28', 630, 'https://picsum.photos/seed/album54/300/300');
INSERT INTO SONGS (song_id, album_id, title, duration, genre, release_date, song_rank, image) VALUES (799, 88, 'Bensiz Nereye', 248, 'Pop', '2025-05-28', 437, 'https://picsum.photos/seed/album88/300/300');
INSERT INTO SONGS (song_id, album_id, title, duration, genre, release_date, song_rank, image) VALUES (800, 109, 'Sonsuzlukta Bekle', 259, 'Arabesk', '2025-05-28', 954, 'https://picsum.photos/seed/album109/300/300');
INSERT INTO SONGS (song_id, album_id, title, duration, genre, release_date, song_rank, image) VALUES (801, 45, 'Yalnızlık Rüzgarı', 209, 'Rap', '2025-05-28', 885, 'https://picsum.photos/seed/album45/300/300');
INSERT INTO SONGS (song_id, album_id, title, duration, genre, release_date, song_rank, image) VALUES (802, 188, 'Savunma', 292, 'Pop', '2025-05-28', 814, 'https://picsum.photos/seed/album188/300/300');
INSERT INTO SONGS (song_id, album_id, title, duration, genre, release_date, song_rank, image) VALUES (803, 21, 'Saklanan Hayaller', 275, 'Rap', '2025-05-28', 979, 'https://picsum.photos/seed/album21/300/300');
INSERT INTO SONGS (song_id, album_id, title, duration, genre, release_date, song_rank, image) VALUES (804, 56, 'Kıyamam', 186, 'Rap', '2025-05-28', 598, 'https://picsum.photos/seed/album56/300/300');
INSERT INTO SONGS (song_id, album_id, title, duration, genre, release_date, song_rank, image) VALUES (805, 11, 'Romantik Sürüşler', 262, 'Pop', '2025-05-28', 372, 'https://picsum.photos/seed/album11/300/300');
INSERT INTO SONGS (song_id, album_id, title, duration, genre, release_date, song_rank, image) VALUES (806, 6, 'Sonsuz Yolculuk', 257, 'Pop', '2025-05-28', 88, 'https://picsum.photos/seed/album6/300/300');
INSERT INTO SONGS (song_id, album_id, title, duration, genre, release_date, song_rank, image) VALUES (807, 91, 'Saklı Yalnızlık', 192, 'Arabesk', '2025-05-28', 362, 'https://picsum.photos/seed/album91/300/300');
INSERT INTO SONGS (song_id, album_id, title, duration, genre, release_date, song_rank, image) VALUES (808, 57, 'Son Çığlık', 191, 'Arabesk', '2025-05-28', 916, 'https://picsum.photos/seed/album57/300/300');
INSERT INTO SONGS (song_id, album_id, title, duration, genre, release_date, song_rank, image) VALUES (809, 36, 'Haykırış', 264, 'Rap', '2025-05-28', 813, 'https://picsum.photos/seed/album36/300/300');
INSERT INTO SONGS (song_id, album_id, title, duration, genre, release_date, song_rank, image) VALUES (810, 29, 'Sonsuz Arayış', 249, 'Pop', '2025-05-28', 931, 'https://picsum.photos/seed/album29/300/300');
INSERT INTO SONGS (song_id, album_id, title, duration, genre, release_date, song_rank, image) VALUES (811, 88, 'Yıkık Kalpler', 228, 'Rap', '2025-05-28', 390, 'https://picsum.photos/seed/album88/300/300');
INSERT INTO SONGS (song_id, album_id, title, duration, genre, release_date, song_rank, image) VALUES (812, 124, 'Tutunamam Ellerine', 252, 'Rap', '2025-05-28', 44, 'https://picsum.photos/seed/album124/300/300');
INSERT INTO SONGS (song_id, album_id, title, duration, genre, release_date, song_rank, image) VALUES (813, 103, 'Sonsuz Bekleyişler', 271, 'Arabesk', '2025-05-28', 861, 'https://picsum.photos/seed/album103/300/300');
INSERT INTO SONGS (song_id, album_id, title, duration, genre, release_date, song_rank, image) VALUES (814, 81, 'Gitmekten Vazgeç', 279, 'Pop', '2025-05-28', 587, 'https://picsum.photos/seed/album81/300/300');
INSERT INTO SONGS (song_id, album_id, title, duration, genre, release_date, song_rank, image) VALUES (815, 189, 'Bekleyişte Kaldım', 276, 'Pop', '2025-05-28', 579, 'https://picsum.photos/seed/album189/300/300');
INSERT INTO SONGS (song_id, album_id, title, duration, genre, release_date, song_rank, image) VALUES (816, 193, 'İçimdeki Çığlık', 263, 'Arabesk', '2025-05-28', 522, 'https://picsum.photos/seed/album193/300/300');
INSERT INTO SONGS (song_id, album_id, title, duration, genre, release_date, song_rank, image) VALUES (817, 101, 'Sessiz Bir Çığlık', 236, 'Rap', '2025-05-28', 68, 'https://picsum.photos/seed/album101/300/300');
INSERT INTO SONGS (song_id, album_id, title, duration, genre, release_date, song_rank, image) VALUES (818, 30, 'Bensiz Gözler', 292, 'Arabesk', '2025-05-28', 696, 'https://picsum.photos/seed/album30/300/300');
INSERT INTO SONGS (song_id, album_id, title, duration, genre, release_date, song_rank, image) VALUES (819, 96, 'Romantik Gün Doğumu', 285, 'Rap', '2025-05-28', 539, 'https://picsum.photos/seed/album96/300/300');
INSERT INTO SONGS (song_id, album_id, title, duration, genre, release_date, song_rank, image) VALUES (820, 18, 'Dikenli Taç', 232, 'Rap', '2025-05-28', 193, 'https://picsum.photos/seed/album18/300/300');
INSERT INTO SONGS (song_id, album_id, title, duration, genre, release_date, song_rank, image) VALUES (821, 133, 'Saklı Çıkmaz', 275, 'Rap', '2025-05-28', 661, 'https://picsum.photos/seed/album133/300/300');
INSERT INTO SONGS (song_id, album_id, title, duration, genre, release_date, song_rank, image) VALUES (822, 173, 'Bensiz Yolculuk', 262, 'Rap', '2025-05-28', 806, 'https://picsum.photos/seed/album173/300/300');
INSERT INTO SONGS (song_id, album_id, title, duration, genre, release_date, song_rank, image) VALUES (823, 139, 'Yemin', 266, 'Rap', '2025-05-28', 182, 'https://picsum.photos/seed/album139/300/300');
INSERT INTO SONGS (song_id, album_id, title, duration, genre, release_date, song_rank, image) VALUES (824, 78, 'Gözlerinde Işık', 206, 'Rap', '2025-05-28', 927, 'https://picsum.photos/seed/album78/300/300');
INSERT INTO SONGS (song_id, album_id, title, duration, genre, release_date, song_rank, image) VALUES (825, 100, 'Yabancı Şehir', 282, 'Pop', '2025-05-28', 713, 'https://picsum.photos/seed/album100/300/300');
INSERT INTO SONGS (song_id, album_id, title, duration, genre, release_date, song_rank, image) VALUES (826, 7, 'Bensiz Sonsuz', 218, 'Rap', '2025-05-28', 956, 'https://picsum.photos/seed/album7/300/300');
INSERT INTO SONGS (song_id, album_id, title, duration, genre, release_date, song_rank, image) VALUES (827, 4, 'Sessiz Çığlıklar', 184, 'Pop', '2025-05-28', 735, 'https://picsum.photos/seed/album4/300/300');
INSERT INTO SONGS (song_id, album_id, title, duration, genre, release_date, song_rank, image) VALUES (828, 182, 'Ayrılığın Yankısı', 219, 'Rap', '2025-05-28', 893, 'https://picsum.photos/seed/album182/300/300');
INSERT INTO SONGS (song_id, album_id, title, duration, genre, release_date, song_rank, image) VALUES (829, 36, 'Kabus', 205, 'Rap', '2025-05-28', 232, 'https://picsum.photos/seed/album36/300/300');
INSERT INTO SONGS (song_id, album_id, title, duration, genre, release_date, song_rank, image) VALUES (830, 3, 'Yalnızlık Çiçekleri', 244, 'Rap', '2025-05-28', 700, 'https://picsum.photos/seed/album3/300/300');
INSERT INTO SONGS (song_id, album_id, title, duration, genre, release_date, song_rank, image) VALUES (831, 16, 'Sessiz Hayaller', 281, 'Arabesk', '2025-05-28', 217, 'https://picsum.photos/seed/album16/300/300');
INSERT INTO SONGS (song_id, album_id, title, duration, genre, release_date, song_rank, image) VALUES (832, 38, 'Kapalı Kapılar', 245, 'Arabesk', '2025-05-28', 656, 'https://picsum.photos/seed/album38/300/300');
INSERT INTO SONGS (song_id, album_id, title, duration, genre, release_date, song_rank, image) VALUES (833, 137, 'Derinlerde', 260, 'Pop', '2025-05-28', 125, 'https://picsum.photos/seed/album137/300/300');
INSERT INTO SONGS (song_id, album_id, title, duration, genre, release_date, song_rank, image) VALUES (834, 62, 'Kapanmaz Yollar', 283, 'Rap', '2025-05-28', 141, 'https://picsum.photos/seed/album62/300/300');
INSERT INTO SONGS (song_id, album_id, title, duration, genre, release_date, song_rank, image) VALUES (835, 18, 'Boşlukta Ses', 290, 'Pop', '2025-05-28', 709, 'https://picsum.photos/seed/album18/300/300');
INSERT INTO SONGS (song_id, album_id, title, duration, genre, release_date, song_rank, image) VALUES (836, 96, 'Savrulan Hayaller', 263, 'Pop', '2025-05-28', 934, 'https://picsum.photos/seed/album96/300/300');
INSERT INTO SONGS (song_id, album_id, title, duration, genre, release_date, song_rank, image) VALUES (837, 70, 'Bensizce', 269, 'Arabesk', '2025-05-28', 309, 'https://picsum.photos/seed/album70/300/300');
INSERT INTO SONGS (song_id, album_id, title, duration, genre, release_date, song_rank, image) VALUES (838, 168, 'Saklı Umutlar', 219, 'Rap', '2025-05-28', 158, 'https://picsum.photos/seed/album168/300/300');
INSERT INTO SONGS (song_id, album_id, title, duration, genre, release_date, song_rank, image) VALUES (839, 67, 'Mektup', 295, 'Rap', '2025-05-28', 355, 'https://picsum.photos/seed/album67/300/300');
INSERT INTO SONGS (song_id, album_id, title, duration, genre, release_date, song_rank, image) VALUES (840, 157, 'Aşka Dair', 285, 'Rap', '2025-05-28', 150, 'https://picsum.photos/seed/album157/300/300');
INSERT INTO SONGS (song_id, album_id, title, duration, genre, release_date, song_rank, image) VALUES (841, 183, 'Boşver', 181, 'Rap', '2025-05-28', 991, 'https://picsum.photos/seed/album183/300/300');
INSERT INTO SONGS (song_id, album_id, title, duration, genre, release_date, song_rank, image) VALUES (842, 101, 'Kaybolan Anılar', 239, 'Rap', '2025-05-28', 355, 'https://picsum.photos/seed/album101/300/300');
INSERT INTO SONGS (song_id, album_id, title, duration, genre, release_date, song_rank, image) VALUES (843, 10, 'Gece', 182, 'Pop', '2025-05-28', 965, 'https://picsum.photos/seed/album10/300/300');
INSERT INTO SONGS (song_id, album_id, title, duration, genre, release_date, song_rank, image) VALUES (844, 25, 'Savrulan Geçmiş', 286, 'Rap', '2025-05-28', 634, 'https://picsum.photos/seed/album25/300/300');
INSERT INTO SONGS (song_id, album_id, title, duration, genre, release_date, song_rank, image) VALUES (845, 27, 'Savrulan Umutlar', 198, 'Arabesk', '2025-05-28', 713, 'https://picsum.photos/seed/album27/300/300');
INSERT INTO SONGS (song_id, album_id, title, duration, genre, release_date, song_rank, image) VALUES (846, 81, 'Yanımda Kal', 242, 'Arabesk', '2025-05-28', 783, 'https://picsum.photos/seed/album81/300/300');
INSERT INTO SONGS (song_id, album_id, title, duration, genre, release_date, song_rank, image) VALUES (847, 64, 'Unutmak İstiyorum', 210, 'Arabesk', '2025-05-28', 91, 'https://picsum.photos/seed/album64/300/300');
INSERT INTO SONGS (song_id, album_id, title, duration, genre, release_date, song_rank, image) VALUES (848, 148, 'Dua', 266, 'Pop', '2025-05-28', 436, 'https://picsum.photos/seed/album148/300/300');
INSERT INTO SONGS (song_id, album_id, title, duration, genre, release_date, song_rank, image) VALUES (849, 140, 'Bekle Beni', 282, 'Pop', '2025-05-28', 352, 'https://picsum.photos/seed/album140/300/300');
INSERT INTO SONGS (song_id, album_id, title, duration, genre, release_date, song_rank, image) VALUES (850, 65, 'Boş Bekleyiş', 200, 'Pop', '2025-05-28', 216, 'https://picsum.photos/seed/album65/300/300');
INSERT INTO SONGS (song_id, album_id, title, duration, genre, release_date, song_rank, image) VALUES (851, 47, 'Yalnızlığa Mahkum', 241, 'Arabesk', '2025-05-28', 953, 'https://picsum.photos/seed/album47/300/300');
INSERT INTO SONGS (song_id, album_id, title, duration, genre, release_date, song_rank, image) VALUES (852, 44, 'Sessiz Günbatımı', 289, 'Pop', '2025-05-28', 766, 'https://picsum.photos/seed/album44/300/300');
INSERT INTO SONGS (song_id, album_id, title, duration, genre, release_date, song_rank, image) VALUES (853, 150, 'Yanıltan Hayaller', 193, 'Arabesk', '2025-05-28', 181, 'https://picsum.photos/seed/album150/300/300');
INSERT INTO SONGS (song_id, album_id, title, duration, genre, release_date, song_rank, image) VALUES (854, 73, 'Özledim', 276, 'Rap', '2025-05-28', 861, 'https://picsum.photos/seed/album73/300/300');
INSERT INTO SONGS (song_id, album_id, title, duration, genre, release_date, song_rank, image) VALUES (855, 105, 'Romantik Anılar', 248, 'Pop', '2025-05-28', 517, 'https://picsum.photos/seed/album105/300/300');
INSERT INTO SONGS (song_id, album_id, title, duration, genre, release_date, song_rank, image) VALUES (856, 191, 'Yanıltan Eller', 289, 'Pop', '2025-05-28', 227, 'https://picsum.photos/seed/album191/300/300');
INSERT INTO SONGS (song_id, album_id, title, duration, genre, release_date, song_rank, image) VALUES (857, 186, 'Mbappe', 230, 'Pop', '2025-05-28', 913, 'https://picsum.photos/seed/album186/300/300');
INSERT INTO SONGS (song_id, album_id, title, duration, genre, release_date, song_rank, image) VALUES (858, 155, 'Bensiz Çığlıklar', 285, 'Pop', '2025-05-28', 349, 'https://picsum.photos/seed/album155/300/300');
INSERT INTO SONGS (song_id, album_id, title, duration, genre, release_date, song_rank, image) VALUES (859, 31, 'ARASAN DA', 257, 'Arabesk', '2025-05-28', 862, 'https://picsum.photos/seed/album31/300/300');
INSERT INTO SONGS (song_id, album_id, title, duration, genre, release_date, song_rank, image) VALUES (860, 54, 'Ardında Kalan', 217, 'Pop', '2025-05-28', 118, 'https://picsum.photos/seed/album54/300/300');
INSERT INTO SONGS (song_id, album_id, title, duration, genre, release_date, song_rank, image) VALUES (861, 84, 'Susamam', 255, 'Rap', '2025-05-28', 976, 'https://picsum.photos/seed/album84/300/300');
INSERT INTO SONGS (song_id, album_id, title, duration, genre, release_date, song_rank, image) VALUES (862, 142, 'Gitme Dedim', 242, 'Pop', '2025-05-28', 695, 'https://picsum.photos/seed/album142/300/300');
INSERT INTO SONGS (song_id, album_id, title, duration, genre, release_date, song_rank, image) VALUES (863, 85, 'Kaybolmuş Çıkmaz', 293, 'Rap', '2025-05-28', 412, 'https://picsum.photos/seed/album85/300/300');
INSERT INTO SONGS (song_id, album_id, title, duration, genre, release_date, song_rank, image) VALUES (864, 124, 'Tutunamam Sana', 200, 'Arabesk', '2025-05-28', 267, 'https://picsum.photos/seed/album124/300/300');
INSERT INTO SONGS (song_id, album_id, title, duration, genre, release_date, song_rank, image) VALUES (865, 130, 'Tutunacak Umutlar', 256, 'Pop', '2025-05-28', 342, 'https://picsum.photos/seed/album130/300/300');
INSERT INTO SONGS (song_id, album_id, title, duration, genre, release_date, song_rank, image) VALUES (866, 142, 'Beklemeden', 236, 'Rap', '2025-05-28', 606, 'https://picsum.photos/seed/album142/300/300');
INSERT INTO SONGS (song_id, album_id, title, duration, genre, release_date, song_rank, image) VALUES (867, 147, 'Savrulan Zamanlar', 193, 'Rap', '2025-05-28', 346, 'https://picsum.photos/seed/album147/300/300');
INSERT INTO SONGS (song_id, album_id, title, duration, genre, release_date, song_rank, image) VALUES (868, 146, 'Boş Çığlıklar', 252, 'Rap', '2025-05-28', 958, 'https://picsum.photos/seed/album146/300/300');
INSERT INTO SONGS (song_id, album_id, title, duration, genre, release_date, song_rank, image) VALUES (869, 69, 'Boş Kalan Kalp', 286, 'Rap', '2025-05-28', 105, 'https://picsum.photos/seed/album69/300/300');
INSERT INTO SONGS (song_id, album_id, title, duration, genre, release_date, song_rank, image) VALUES (870, 138, 'Yanılsama', 291, 'Pop', '2025-05-28', 644, 'https://picsum.photos/seed/album138/300/300');
INSERT INTO SONGS (song_id, album_id, title, duration, genre, release_date, song_rank, image) VALUES (871, 50, 'Savrulan Bekleyişler', 227, 'Pop', '2025-05-28', 458, 'https://picsum.photos/seed/album50/300/300');
INSERT INTO SONGS (song_id, album_id, title, duration, genre, release_date, song_rank, image) VALUES (872, 34, 'Manifest', 256, 'Arabesk', '2025-05-28', 202, 'https://picsum.photos/seed/album34/300/300');
INSERT INTO SONGS (song_id, album_id, title, duration, genre, release_date, song_rank, image) VALUES (873, 10, 'Yıkılmış Bekleyiş', 255, 'Pop', '2025-05-28', 780, 'https://picsum.photos/seed/album10/300/300');
INSERT INTO SONGS (song_id, album_id, title, duration, genre, release_date, song_rank, image) VALUES (874, 174, 'Yaralı Düşler', 183, 'Arabesk', '2025-05-28', 681, 'https://picsum.photos/seed/album174/300/300');
INSERT INTO SONGS (song_id, album_id, title, duration, genre, release_date, song_rank, image) VALUES (875, 89, 'Yanlış Nefes', 289, 'Pop', '2025-05-28', 324, 'https://picsum.photos/seed/album89/300/300');
INSERT INTO SONGS (song_id, album_id, title, duration, genre, release_date, song_rank, image) VALUES (876, 107, 'Sessiz Anlar', 192, 'Arabesk', '2025-05-28', 907, 'https://picsum.photos/seed/album107/300/300');
INSERT INTO SONGS (song_id, album_id, title, duration, genre, release_date, song_rank, image) VALUES (877, 114, 'Tutunacak Duygu', 297, 'Pop', '2025-05-28', 190, 'https://picsum.photos/seed/album114/300/300');
INSERT INTO SONGS (song_id, album_id, title, duration, genre, release_date, song_rank, image) VALUES (878, 97, 'Kayıp Çatlak', 199, 'Pop', '2025-05-28', 567, 'https://picsum.photos/seed/album97/300/300');
INSERT INTO SONGS (song_id, album_id, title, duration, genre, release_date, song_rank, image) VALUES (879, 172, 'Saklı Bahar', 207, 'Pop', '2025-05-28', 153, 'https://picsum.photos/seed/album172/300/300');
INSERT INTO SONGS (song_id, album_id, title, duration, genre, release_date, song_rank, image) VALUES (880, 145, 'Dön Bebeğim', 261, 'Pop', '2025-05-28', 928, 'https://picsum.photos/seed/album145/300/300');
INSERT INTO SONGS (song_id, album_id, title, duration, genre, release_date, song_rank, image) VALUES (881, 158, 'Unutulmuş Umutlar', 294, 'Rap', '2025-05-28', 57, 'https://picsum.photos/seed/album158/300/300');
INSERT INTO SONGS (song_id, album_id, title, duration, genre, release_date, song_rank, image) VALUES (882, 163, 'Gitsem de Kalsam', 295, 'Rap', '2025-05-28', 965, 'https://picsum.photos/seed/album163/300/300');
INSERT INTO SONGS (song_id, album_id, title, duration, genre, release_date, song_rank, image) VALUES (883, 39, 'Yaralı Dalgalar', 294, 'Pop', '2025-05-28', 464, 'https://picsum.photos/seed/album39/300/300');
INSERT INTO SONGS (song_id, album_id, title, duration, genre, release_date, song_rank, image) VALUES (884, 156, 'Yaralı Yalnızlık', 198, 'Rap', '2025-05-28', 281, 'https://picsum.photos/seed/album156/300/300');
INSERT INTO SONGS (song_id, album_id, title, duration, genre, release_date, song_rank, image) VALUES (885, 154, 'Yalancı Gözler', 194, 'Rap', '2025-05-28', 864, 'https://picsum.photos/seed/album154/300/300');
INSERT INTO SONGS (song_id, album_id, title, duration, genre, release_date, song_rank, image) VALUES (886, 176, 'Ardında Saklı', 285, 'Arabesk', '2025-05-28', 302, 'https://picsum.photos/seed/album176/300/300');
INSERT INTO SONGS (song_id, album_id, title, duration, genre, release_date, song_rank, image) VALUES (887, 3, 'Gözlerinde Umut', 230, 'Rap', '2025-05-28', 777, 'https://picsum.photos/seed/album3/300/300');
INSERT INTO SONGS (song_id, album_id, title, duration, genre, release_date, song_rank, image) VALUES (888, 187, 'Ardında Çatlaklar', 241, 'Rap', '2025-05-28', 858, 'https://picsum.photos/seed/album187/300/300');
INSERT INTO SONGS (song_id, album_id, title, duration, genre, release_date, song_rank, image) VALUES (889, 177, 'Yaralı Sözler', 243, 'Pop', '2025-05-28', 995, 'https://picsum.photos/seed/album177/300/300');
INSERT INTO SONGS (song_id, album_id, title, duration, genre, release_date, song_rank, image) VALUES (890, 63, 'Saklı Kal', 224, 'Pop', '2025-05-28', 915, 'https://picsum.photos/seed/album63/300/300');
INSERT INTO SONGS (song_id, album_id, title, duration, genre, release_date, song_rank, image) VALUES (891, 92, 'Bensiz Aşk', 210, 'Pop', '2025-05-28', 845, 'https://picsum.photos/seed/album92/300/300');
INSERT INTO SONGS (song_id, album_id, title, duration, genre, release_date, song_rank, image) VALUES (892, 147, 'Sevilmeyen Adam', 189, 'Rap', '2025-05-28', 342, 'https://picsum.photos/seed/album147/300/300');
INSERT INTO SONGS (song_id, album_id, title, duration, genre, release_date, song_rank, image) VALUES (893, 145, 'Dikenli Sözler', 204, 'Arabesk', '2025-05-28', 100, 'https://picsum.photos/seed/album145/300/300');
INSERT INTO SONGS (song_id, album_id, title, duration, genre, release_date, song_rank, image) VALUES (894, 100, 'Kayıp Çatlaklar', 274, 'Arabesk', '2025-05-28', 7, 'https://picsum.photos/seed/album100/300/300');
INSERT INTO SONGS (song_id, album_id, title, duration, genre, release_date, song_rank, image) VALUES (895, 28, 'Sessiz Gözler', 281, 'Rap', '2025-05-28', 335, 'https://picsum.photos/seed/album28/300/300');
INSERT INTO SONGS (song_id, album_id, title, duration, genre, release_date, song_rank, image) VALUES (896, 164, 'Yanıltan Anılar', 202, 'Arabesk', '2025-05-28', 244, 'https://picsum.photos/seed/album164/300/300');
INSERT INTO SONGS (song_id, album_id, title, duration, genre, release_date, song_rank, image) VALUES (897, 47, 'Saklı Düşler', 291, 'Pop', '2025-05-28', 847, 'https://picsum.photos/seed/album47/300/300');
INSERT INTO SONGS (song_id, album_id, title, duration, genre, release_date, song_rank, image) VALUES (898, 120, 'Sonsuz', 224, 'Pop', '2025-05-28', 992, 'https://picsum.photos/seed/album120/300/300');
INSERT INTO SONGS (song_id, album_id, title, duration, genre, release_date, song_rank, image) VALUES (899, 85, 'Boş Çatlak', 261, 'Pop', '2025-05-28', 782, 'https://picsum.photos/seed/album85/300/300');
INSERT INTO SONGS (song_id, album_id, title, duration, genre, release_date, song_rank, image) VALUES (900, 164, 'Kayıp Hayaller', 298, 'Rap', '2025-05-28', 535, 'https://picsum.photos/seed/album164/300/300');
INSERT INTO SONGS (song_id, album_id, title, duration, genre, release_date, song_rank, image) VALUES (901, 29, 'Ardında Bir Umut', 248, 'Pop', '2025-05-28', 704, 'https://picsum.photos/seed/album29/300/300');
INSERT INTO SONGS (song_id, album_id, title, duration, genre, release_date, song_rank, image) VALUES (902, 162, 'Zehir', 241, 'Pop', '2025-05-28', 847, 'https://picsum.photos/seed/album162/300/300');
INSERT INTO SONGS (song_id, album_id, title, duration, genre, release_date, song_rank, image) VALUES (903, 126, 'Sensizlik', 290, 'Pop', '2025-05-28', 105, 'https://picsum.photos/seed/album126/300/300');
INSERT INTO SONGS (song_id, album_id, title, duration, genre, release_date, song_rank, image) VALUES (904, 147, 'Yalnızlık Denizi', 281, 'Pop', '2025-05-28', 105, 'https://picsum.photos/seed/album147/300/300');
INSERT INTO SONGS (song_id, album_id, title, duration, genre, release_date, song_rank, image) VALUES (905, 190, 'GÜNAH', 259, 'Arabesk', '2025-05-28', 25, 'https://picsum.photos/seed/album190/300/300');
INSERT INTO SONGS (song_id, album_id, title, duration, genre, release_date, song_rank, image) VALUES (906, 187, 'Savrulan Sevgiler', 295, 'Rap', '2025-05-28', 282, 'https://picsum.photos/seed/album187/300/300');
INSERT INTO SONGS (song_id, album_id, title, duration, genre, release_date, song_rank, image) VALUES (907, 193, 'Savrulan Hisler', 278, 'Arabesk', '2025-05-28', 241, 'https://picsum.photos/seed/album193/300/300');
INSERT INTO SONGS (song_id, album_id, title, duration, genre, release_date, song_rank, image) VALUES (908, 89, 'Yanıltan Bahar', 244, 'Rap', '2025-05-28', 280, 'https://picsum.photos/seed/album89/300/300');
INSERT INTO SONGS (song_id, album_id, title, duration, genre, release_date, song_rank, image) VALUES (909, 101, 'Sessizlik Dalgası', 219, 'Pop', '2025-05-28', 73, 'https://picsum.photos/seed/album101/300/300');
INSERT INTO SONGS (song_id, album_id, title, duration, genre, release_date, song_rank, image) VALUES (910, 72, 'Tutunamam Duygulara', 203, 'Rap', '2025-05-28', 622, 'https://picsum.photos/seed/album72/300/300');
INSERT INTO SONGS (song_id, album_id, title, duration, genre, release_date, song_rank, image) VALUES (911, 83, 'Romantik Ritimler', 197, 'Pop', '2025-05-28', 500, 'https://picsum.photos/seed/album83/300/300');
INSERT INTO SONGS (song_id, album_id, title, duration, genre, release_date, song_rank, image) VALUES (912, 180, 'Dikenli Haykırış', 271, 'Rap', '2025-05-28', 318, 'https://picsum.photos/seed/album180/300/300');
INSERT INTO SONGS (song_id, album_id, title, duration, genre, release_date, song_rank, image) VALUES (913, 110, 'Samimi Hisset', 277, 'Rap', '2025-05-28', 326, 'https://picsum.photos/seed/album110/300/300');
INSERT INTO SONGS (song_id, album_id, title, duration, genre, release_date, song_rank, image) VALUES (914, 41, 'Gitmekten Korkma', 240, 'Rap', '2025-05-28', 716, 'https://picsum.photos/seed/album41/300/300');
INSERT INTO SONGS (song_id, album_id, title, duration, genre, release_date, song_rank, image) VALUES (915, 145, 'Yanıltıcı Çıkmaz', 188, 'Pop', '2025-05-28', 946, 'https://picsum.photos/seed/album145/300/300');
INSERT INTO SONGS (song_id, album_id, title, duration, genre, release_date, song_rank, image) VALUES (916, 130, 'Sakin Gölgeler', 218, 'Arabesk', '2025-05-28', 150, 'https://picsum.photos/seed/album130/300/300');
INSERT INTO SONGS (song_id, album_id, title, duration, genre, release_date, song_rank, image) VALUES (917, 33, 'Romantik Dalgalar', 194, 'Rap', '2025-05-28', 604, 'https://picsum.photos/seed/album33/300/300');
INSERT INTO SONGS (song_id, album_id, title, duration, genre, release_date, song_rank, image) VALUES (918, 139, 'Saklı Sözler', 232, 'Rap', '2025-05-28', 842, 'https://picsum.photos/seed/album139/300/300');
INSERT INTO SONGS (song_id, album_id, title, duration, genre, release_date, song_rank, image) VALUES (919, 110, 'Yaralı Bekleyiş', 200, 'Rap', '2025-05-28', 874, 'https://picsum.photos/seed/album110/300/300');
INSERT INTO SONGS (song_id, album_id, title, duration, genre, release_date, song_rank, image) VALUES (920, 174, 'Kapanmayan Sözler', 299, 'Pop', '2025-05-28', 925, 'https://picsum.photos/seed/album174/300/300');
INSERT INTO SONGS (song_id, album_id, title, duration, genre, release_date, song_rank, image) VALUES (921, 46, 'Gözyaşlı Günler', 253, 'Rap', '2025-05-28', 738, 'https://picsum.photos/seed/album46/300/300');
INSERT INTO SONGS (song_id, album_id, title, duration, genre, release_date, song_rank, image) VALUES (922, 191, 'Kayıp Zamanlar', 248, 'Rap', '2025-05-28', 884, 'https://picsum.photos/seed/album191/300/300');
INSERT INTO SONGS (song_id, album_id, title, duration, genre, release_date, song_rank, image) VALUES (923, 50, 'Unutulmuş Umutlar', 249, 'Arabesk', '2025-05-28', 916, 'https://picsum.photos/seed/album50/300/300');
INSERT INTO SONGS (song_id, album_id, title, duration, genre, release_date, song_rank, image) VALUES (924, 144, 'Ayrılık Yarası', 193, 'Arabesk', '2025-05-28', 52, 'https://picsum.photos/seed/album144/300/300');
INSERT INTO SONGS (song_id, album_id, title, duration, genre, release_date, song_rank, image) VALUES (925, 11, 'Tutunamam Zamanla', 294, 'Pop', '2025-05-28', 493, 'https://picsum.photos/seed/album11/300/300');
INSERT INTO SONGS (song_id, album_id, title, duration, genre, release_date, song_rank, image) VALUES (926, 198, 'Sonsuz', 218, 'Pop', '2025-05-28', 791, 'https://picsum.photos/seed/album198/300/300');
INSERT INTO SONGS (song_id, album_id, title, duration, genre, release_date, song_rank, image) VALUES (927, 196, 'Sessiz Fısıltılar', 283, 'Pop', '2025-05-28', 337, 'https://picsum.photos/seed/album196/300/300');
INSERT INTO SONGS (song_id, album_id, title, duration, genre, release_date, song_rank, image) VALUES (928, 189, 'Sessiz Sesler', 209, 'Arabesk', '2025-05-28', 880, 'https://picsum.photos/seed/album189/300/300');
INSERT INTO SONGS (song_id, album_id, title, duration, genre, release_date, song_rank, image) VALUES (929, 97, 'Rüzgar', 207, 'Pop', '2025-05-28', 702, 'https://picsum.photos/seed/album97/300/300');
INSERT INTO SONGS (song_id, album_id, title, duration, genre, release_date, song_rank, image) VALUES (930, 78, 'Kırgın', 271, 'Rap', '2025-05-28', 21, 'https://picsum.photos/seed/album78/300/300');
INSERT INTO SONGS (song_id, album_id, title, duration, genre, release_date, song_rank, image) VALUES (931, 78, 'Dikenli Çatlak', 220, 'Pop', '2025-05-28', 212, 'https://picsum.photos/seed/album78/300/300');
INSERT INTO SONGS (song_id, album_id, title, duration, genre, release_date, song_rank, image) VALUES (932, 69, 'Unutulmaz Eller', 222, 'Pop', '2025-05-28', 97, 'https://picsum.photos/seed/album69/300/300');
INSERT INTO SONGS (song_id, album_id, title, duration, genre, release_date, song_rank, image) VALUES (933, 121, 'Dön', 180, 'Rap', '2025-05-28', 280, 'https://picsum.photos/seed/album121/300/300');
INSERT INTO SONGS (song_id, album_id, title, duration, genre, release_date, song_rank, image) VALUES (934, 131, 'Bensiz Yol', 274, 'Pop', '2025-05-28', 823, 'https://picsum.photos/seed/album131/300/300');
INSERT INTO SONGS (song_id, album_id, title, duration, genre, release_date, song_rank, image) VALUES (935, 37, 'Kara Sevda', 208, 'Pop', '2025-05-28', 703, 'https://picsum.photos/seed/album37/300/300');
INSERT INTO SONGS (song_id, album_id, title, duration, genre, release_date, song_rank, image) VALUES (936, 143, 'Sessiz Geceler', 249, 'Rap', '2025-05-28', 818, 'https://picsum.photos/seed/album143/300/300');
INSERT INTO SONGS (song_id, album_id, title, duration, genre, release_date, song_rank, image) VALUES (937, 4, 'Yalnızlık Arasında', 274, 'Pop', '2025-05-28', 876, 'https://picsum.photos/seed/album4/300/300');
INSERT INTO SONGS (song_id, album_id, title, duration, genre, release_date, song_rank, image) VALUES (938, 31, 'Yalnızlık Duvarı', 258, 'Rap', '2025-05-28', 618, 'https://picsum.photos/seed/album31/300/300');
INSERT INTO SONGS (song_id, album_id, title, duration, genre, release_date, song_rank, image) VALUES (939, 30, 'Unutmaya Çalış', 211, 'Arabesk', '2025-05-28', 94, 'https://picsum.photos/seed/album30/300/300');
INSERT INTO SONGS (song_id, album_id, title, duration, genre, release_date, song_rank, image) VALUES (940, 115, 'Dikenli Hatıralar', 293, 'Rap', '2025-05-28', 625, 'https://picsum.photos/seed/album115/300/300');
INSERT INTO SONGS (song_id, album_id, title, duration, genre, release_date, song_rank, image) VALUES (941, 165, 'Saklı İzler', 203, 'Rap', '2025-05-28', 196, 'https://picsum.photos/seed/album165/300/300');
INSERT INTO SONGS (song_id, album_id, title, duration, genre, release_date, song_rank, image) VALUES (942, 172, 'KAFALAR', 245, 'Arabesk', '2025-05-28', 182, 'https://picsum.photos/seed/album172/300/300');
INSERT INTO SONGS (song_id, album_id, title, duration, genre, release_date, song_rank, image) VALUES (943, 130, 'Boşlukta Sürüklen', 292, 'Rap', '2025-05-28', 531, 'https://picsum.photos/seed/album130/300/300');
INSERT INTO SONGS (song_id, album_id, title, duration, genre, release_date, song_rank, image) VALUES (944, 60, 'Yalnızlıkta Çığlık', 230, 'Rap', '2025-05-28', 168, 'https://picsum.photos/seed/album60/300/300');
INSERT INTO SONGS (song_id, album_id, title, duration, genre, release_date, song_rank, image) VALUES (945, 154, 'Gözyaşım', 224, 'Rap', '2025-05-28', 167, 'https://picsum.photos/seed/album154/300/300');
INSERT INTO SONGS (song_id, album_id, title, duration, genre, release_date, song_rank, image) VALUES (946, 113, 'Tutsak Kalp', 291, 'Pop', '2025-05-28', 580, 'https://picsum.photos/seed/album113/300/300');
INSERT INTO SONGS (song_id, album_id, title, duration, genre, release_date, song_rank, image) VALUES (947, 98, 'Kayıp Dalgalar', 260, 'Arabesk', '2025-05-28', 967, 'https://picsum.photos/seed/album98/300/300');
INSERT INTO SONGS (song_id, album_id, title, duration, genre, release_date, song_rank, image) VALUES (948, 18, 'Umutların Peşinde', 186, 'Pop', '2025-05-28', 580, 'https://picsum.photos/seed/album18/300/300');
INSERT INTO SONGS (song_id, album_id, title, duration, genre, release_date, song_rank, image) VALUES (949, 168, 'Romantik Yolculuklar', 269, 'Pop', '2025-05-28', 374, 'https://picsum.photos/seed/album168/300/300');
INSERT INTO SONGS (song_id, album_id, title, duration, genre, release_date, song_rank, image) VALUES (950, 15, 'Yalnızlıkta Bekle', 279, 'Rap', '2025-05-28', 272, 'https://picsum.photos/seed/album15/300/300');
INSERT INTO SONGS (song_id, album_id, title, duration, genre, release_date, song_rank, image) VALUES (951, 182, 'Sessiz Bahar', 225, 'Pop', '2025-05-28', 97, 'https://picsum.photos/seed/album182/300/300');
INSERT INTO SONGS (song_id, album_id, title, duration, genre, release_date, song_rank, image) VALUES (952, 30, 'Sessiz Feryat', 240, 'Arabesk', '2025-05-28', 697, 'https://picsum.photos/seed/album30/300/300');
INSERT INTO SONGS (song_id, album_id, title, duration, genre, release_date, song_rank, image) VALUES (953, 17, 'Bensiz Hayaller', 203, 'Arabesk', '2025-05-28', 603, 'https://picsum.photos/seed/album17/300/300');
INSERT INTO SONGS (song_id, album_id, title, duration, genre, release_date, song_rank, image) VALUES (954, 101, 'Sakin Sesler', 282, 'Pop', '2025-05-28', 777, 'https://picsum.photos/seed/album101/300/300');
INSERT INTO SONGS (song_id, album_id, title, duration, genre, release_date, song_rank, image) VALUES (955, 33, 'Saklı Bir Hikaye', 247, 'Rap', '2025-05-28', 809, 'https://picsum.photos/seed/album33/300/300');
INSERT INTO SONGS (song_id, album_id, title, duration, genre, release_date, song_rank, image) VALUES (956, 167, 'Neon', 203, 'Pop', '2025-05-28', 154, 'https://picsum.photos/seed/album167/300/300');
INSERT INTO SONGS (song_id, album_id, title, duration, genre, release_date, song_rank, image) VALUES (957, 155, 'Boş Geceler', 223, 'Arabesk', '2025-05-28', 736, 'https://picsum.photos/seed/album155/300/300');
INSERT INTO SONGS (song_id, album_id, title, duration, genre, release_date, song_rank, image) VALUES (958, 21, 'Üşüme', 266, 'Pop', '2025-05-28', 513, 'https://picsum.photos/seed/album21/300/300');
INSERT INTO SONGS (song_id, album_id, title, duration, genre, release_date, song_rank, image) VALUES (959, 163, 'Kapanmayan Zaman', 204, 'Arabesk', '2025-05-28', 959, 'https://picsum.photos/seed/album163/300/300');
INSERT INTO SONGS (song_id, album_id, title, duration, genre, release_date, song_rank, image) VALUES (960, 199, 'Sessiz Bekleyiş', 191, 'Pop', '2025-05-28', 642, 'https://picsum.photos/seed/album199/300/300');
INSERT INTO SONGS (song_id, album_id, title, duration, genre, release_date, song_rank, image) VALUES (961, 154, 'Yalnızlığa Yolculuk', 247, 'Pop', '2025-05-28', 509, 'https://picsum.photos/seed/album154/300/300');
INSERT INTO SONGS (song_id, album_id, title, duration, genre, release_date, song_rank, image) VALUES (962, 122, 'Yanıltan Yollar', 183, 'Pop', '2025-05-28', 825, 'https://picsum.photos/seed/album122/300/300');
INSERT INTO SONGS (song_id, album_id, title, duration, genre, release_date, song_rank, image) VALUES (963, 75, 'Yıkık Rüyalar', 255, 'Pop', '2025-05-28', 589, 'https://picsum.photos/seed/album75/300/300');
INSERT INTO SONGS (song_id, album_id, title, duration, genre, release_date, song_rank, image) VALUES (964, 194, 'Yıkık Kalpler', 300, 'Arabesk', '2025-05-28', 367, 'https://picsum.photos/seed/album194/300/300');
INSERT INTO SONGS (song_id, album_id, title, duration, genre, release_date, song_rank, image) VALUES (965, 2, 'Sonsuz Günler', 249, 'Arabesk', '2025-05-28', 742, 'https://picsum.photos/seed/album2/300/300');
INSERT INTO SONGS (song_id, album_id, title, duration, genre, release_date, song_rank, image) VALUES (966, 30, 'Ardında İz', 218, 'Pop', '2025-05-28', 665, 'https://picsum.photos/seed/album30/300/300');
INSERT INTO SONGS (song_id, album_id, title, duration, genre, release_date, song_rank, image) VALUES (967, 151, 'Dikenli Rüyalar', 212, 'Rap', '2025-05-28', 376, 'https://picsum.photos/seed/album151/300/300');
INSERT INTO SONGS (song_id, album_id, title, duration, genre, release_date, song_rank, image) VALUES (968, 20, 'Arasan', 220, 'Pop', '2025-05-28', 471, 'https://picsum.photos/seed/album20/300/300');
INSERT INTO SONGS (song_id, album_id, title, duration, genre, release_date, song_rank, image) VALUES (969, 197, 'Pişmanlık', 226, 'Rap', '2025-05-28', 387, 'https://picsum.photos/seed/album197/300/300');
INSERT INTO SONGS (song_id, album_id, title, duration, genre, release_date, song_rank, image) VALUES (970, 20, 'Aşkın', 224, 'Pop', '2025-05-28', 256, 'https://picsum.photos/seed/album20/300/300');
INSERT INTO SONGS (song_id, album_id, title, duration, genre, release_date, song_rank, image) VALUES (971, 174, 'Sonsuz Sancılar', 284, 'Rap', '2025-05-28', 467, 'https://picsum.photos/seed/album174/300/300');
INSERT INTO SONGS (song_id, album_id, title, duration, genre, release_date, song_rank, image) VALUES (972, 23, 'Bilinmezlik', 198, 'Pop', '2025-05-28', 178, 'https://picsum.photos/seed/album23/300/300');
INSERT INTO SONGS (song_id, album_id, title, duration, genre, release_date, song_rank, image) VALUES (973, 142, 'Boşlukta Bekleme', 298, 'Pop', '2025-05-28', 362, 'https://picsum.photos/seed/album142/300/300');
INSERT INTO SONGS (song_id, album_id, title, duration, genre, release_date, song_rank, image) VALUES (974, 120, 'Gözlerinde Saklı', 254, 'Rap', '2025-05-28', 239, 'https://picsum.photos/seed/album120/300/300');
INSERT INTO SONGS (song_id, album_id, title, duration, genre, release_date, song_rank, image) VALUES (975, 40, 'Bekleyen Yürek', 217, 'Pop', '2025-05-28', 158, 'https://picsum.photos/seed/album40/300/300');
INSERT INTO SONGS (song_id, album_id, title, duration, genre, release_date, song_rank, image) VALUES (976, 150, 'Yine mi Yol', 283, 'Arabesk', '2025-05-28', 859, 'https://picsum.photos/seed/album150/300/300');
INSERT INTO SONGS (song_id, album_id, title, duration, genre, release_date, song_rank, image) VALUES (977, 33, 'Gitmek Gerekir', 250, 'Arabesk', '2025-05-28', 637, 'https://picsum.photos/seed/album33/300/300');
INSERT INTO SONGS (song_id, album_id, title, duration, genre, release_date, song_rank, image) VALUES (978, 145, 'Derin Çığlık', 292, 'Rap', '2025-05-28', 782, 'https://picsum.photos/seed/album145/300/300');
INSERT INTO SONGS (song_id, album_id, title, duration, genre, release_date, song_rank, image) VALUES (979, 79, 'Yalancı Umutlar', 239, 'Arabesk', '2025-05-28', 13, 'https://picsum.photos/seed/album79/300/300');
INSERT INTO SONGS (song_id, album_id, title, duration, genre, release_date, song_rank, image) VALUES (980, 198, 'Yalnızlık Çatlak', 211, 'Rap', '2025-05-28', 32, 'https://picsum.photos/seed/album198/300/300');
INSERT INTO SONGS (song_id, album_id, title, duration, genre, release_date, song_rank, image) VALUES (981, 114, 'Sakin Ritimler', 245, 'Arabesk', '2025-05-28', 182, 'https://picsum.photos/seed/album114/300/300');
INSERT INTO SONGS (song_id, album_id, title, duration, genre, release_date, song_rank, image) VALUES (982, 98, 'Yanıltan Bekleyiş', 181, 'Arabesk', '2025-05-28', 69, 'https://picsum.photos/seed/album98/300/300');
INSERT INTO SONGS (song_id, album_id, title, duration, genre, release_date, song_rank, image) VALUES (983, 68, 'Dikenli Umutlar', 221, 'Rap', '2025-05-28', 675, 'https://picsum.photos/seed/album68/300/300');
INSERT INTO SONGS (song_id, album_id, title, duration, genre, release_date, song_rank, image) VALUES (984, 78, 'Suçlarımdan Biri', 294, 'Arabesk', '2025-05-28', 276, 'https://picsum.photos/seed/album78/300/300');
INSERT INTO SONGS (song_id, album_id, title, duration, genre, release_date, song_rank, image) VALUES (985, 5, 'Düşer Aklıma', 258, 'Rap', '2025-05-28', 852, 'https://picsum.photos/seed/album5/300/300');
INSERT INTO SONGS (song_id, album_id, title, duration, genre, release_date, song_rank, image) VALUES (986, 70, 'Yaralı Gözler', 243, 'Pop', '2025-05-28', 379, 'https://picsum.photos/seed/album70/300/300');
INSERT INTO SONGS (song_id, album_id, title, duration, genre, release_date, song_rank, image) VALUES (987, 109, 'Tutunamayan Ruh', 222, 'Pop', '2025-05-28', 359, 'https://picsum.photos/seed/album109/300/300');
INSERT INTO SONGS (song_id, album_id, title, duration, genre, release_date, song_rank, image) VALUES (988, 196, 'Samimi Gökyüzü', 222, 'Arabesk', '2025-05-28', 68, 'https://picsum.photos/seed/album196/300/300');
INSERT INTO SONGS (song_id, album_id, title, duration, genre, release_date, song_rank, image) VALUES (989, 80, 'Kaybolan Ruh', 293, 'Rap', '2025-05-28', 806, 'https://picsum.photos/seed/album80/300/300');
INSERT INTO SONGS (song_id, album_id, title, duration, genre, release_date, song_rank, image) VALUES (990, 110, 'Kapanmayan Çatlaklar', 269, 'Rap', '2025-05-28', 687, 'https://picsum.photos/seed/album110/300/300');
INSERT INTO SONGS (song_id, album_id, title, duration, genre, release_date, song_rank, image) VALUES (991, 144, 'Unutulmaz Yollar', 212, 'Rap', '2025-05-28', 496, 'https://picsum.photos/seed/album144/300/300');
INSERT INTO SONGS (song_id, album_id, title, duration, genre, release_date, song_rank, image) VALUES (992, 91, 'Sonsuz Sözler', 277, 'Arabesk', '2025-05-28', 1000, 'https://picsum.photos/seed/album91/300/300');
INSERT INTO SONGS (song_id, album_id, title, duration, genre, release_date, song_rank, image) VALUES (993, 196, 'Bensiz Aşklar', 203, 'Rap', '2025-05-28', 290, 'https://picsum.photos/seed/album196/300/300');
INSERT INTO SONGS (song_id, album_id, title, duration, genre, release_date, song_rank, image) VALUES (994, 151, 'Ayrılığa Son', 196, 'Pop', '2025-05-28', 299, 'https://picsum.photos/seed/album151/300/300');
INSERT INTO SONGS (song_id, album_id, title, duration, genre, release_date, song_rank, image) VALUES (995, 92, 'Savrulan Ruhlar', 239, 'Rap', '2025-05-28', 986, 'https://picsum.photos/seed/album92/300/300');
INSERT INTO SONGS (song_id, album_id, title, duration, genre, release_date, song_rank, image) VALUES (996, 172, 'Sessiz Umutlar', 279, 'Pop', '2025-05-28', 437, 'https://picsum.photos/seed/album172/300/300');
INSERT INTO SONGS (song_id, album_id, title, duration, genre, release_date, song_rank, image) VALUES (997, 40, 'Ayrılığın İzinde', 197, 'Rap', '2025-05-28', 287, 'https://picsum.photos/seed/album40/300/300');
INSERT INTO SONGS (song_id, album_id, title, duration, genre, release_date, song_rank, image) VALUES (998, 175, 'Yanıltan Hayaller', 243, 'Pop', '2025-05-28', 296, 'https://picsum.photos/seed/album175/300/300');
INSERT INTO SONGS (song_id, album_id, title, duration, genre, release_date, song_rank, image) VALUES (999, 57, 'Sessiz Hıçkırık', 259, 'Rap', '2025-05-28', 659, 'https://picsum.photos/seed/album57/300/300');
INSERT INTO SONGS (song_id, album_id, title, duration, genre, release_date, song_rank, image) VALUES (1000, 2, 'Tuzaklı Sözler', 290, 'Arabesk', '2025-05-28', 157, 'https://picsum.photos/seed/album2/300/300');
INSERT INTO PLAYLISTS (playlist_id, user_id, title, description, date_created, image) VALUES (1, 19, 'Playlist 1', 'Description 1', '2025-05-28', 'https://picsum.photos/seed/playlist1/200/200');
INSERT INTO PLAYLISTS (playlist_id, user_id, title, description, date_created, image) VALUES (2, 66, 'Playlist 2', 'Description 2', '2025-05-28', 'https://picsum.photos/seed/playlist2/200/200');
INSERT INTO PLAYLISTS (playlist_id, user_id, title, description, date_created, image) VALUES (3, 52, 'Playlist 3', 'Description 3', '2025-05-28', 'https://picsum.photos/seed/playlist3/200/200');
INSERT INTO PLAYLISTS (playlist_id, user_id, title, description, date_created, image) VALUES (4, 98, 'Playlist 4', 'Description 4', '2025-05-28', 'https://picsum.photos/seed/playlist4/200/200');
INSERT INTO PLAYLISTS (playlist_id, user_id, title, description, date_created, image) VALUES (5, 92, 'Playlist 5', 'Description 5', '2025-05-28', 'https://picsum.photos/seed/playlist5/200/200');
INSERT INTO PLAYLISTS (playlist_id, user_id, title, description, date_created, image) VALUES (6, 95, 'Playlist 6', 'Description 6', '2025-05-28', 'https://picsum.photos/seed/playlist6/200/200');
INSERT INTO PLAYLISTS (playlist_id, user_id, title, description, date_created, image) VALUES (7, 79, 'Playlist 7', 'Description 7', '2025-05-28', 'https://picsum.photos/seed/playlist7/200/200');
INSERT INTO PLAYLISTS (playlist_id, user_id, title, description, date_created, image) VALUES (8, 18, 'Playlist 8', 'Description 8', '2025-05-28', 'https://picsum.photos/seed/playlist8/200/200');
INSERT INTO PLAYLISTS (playlist_id, user_id, title, description, date_created, image) VALUES (9, 22, 'Playlist 9', 'Description 9', '2025-05-28', 'https://picsum.photos/seed/playlist9/200/200');
INSERT INTO PLAYLISTS (playlist_id, user_id, title, description, date_created, image) VALUES (10, 41, 'Playlist 10', 'Description 10', '2025-05-28', 'https://picsum.photos/seed/playlist10/200/200');
INSERT INTO PLAYLISTS (playlist_id, user_id, title, description, date_created, image) VALUES (11, 66, 'Playlist 11', 'Description 11', '2025-05-28', 'https://picsum.photos/seed/playlist11/200/200');
INSERT INTO PLAYLISTS (playlist_id, user_id, title, description, date_created, image) VALUES (12, 54, 'Playlist 12', 'Description 12', '2025-05-28', 'https://picsum.photos/seed/playlist12/200/200');
INSERT INTO PLAYLISTS (playlist_id, user_id, title, description, date_created, image) VALUES (13, 54, 'Playlist 13', 'Description 13', '2025-05-28', 'https://picsum.photos/seed/playlist13/200/200');
INSERT INTO PLAYLISTS (playlist_id, user_id, title, description, date_created, image) VALUES (14, 1, 'Playlist 14', 'Description 14', '2025-05-28', 'https://picsum.photos/seed/playlist14/200/200');
INSERT INTO PLAYLISTS (playlist_id, user_id, title, description, date_created, image) VALUES (15, 10, 'Playlist 15', 'Description 15', '2025-05-28', 'https://picsum.photos/seed/playlist15/200/200');
INSERT INTO PLAYLISTS (playlist_id, user_id, title, description, date_created, image) VALUES (16, 3, 'Playlist 16', 'Description 16', '2025-05-28', 'https://picsum.photos/seed/playlist16/200/200');
INSERT INTO PLAYLISTS (playlist_id, user_id, title, description, date_created, image) VALUES (17, 61, 'Playlist 17', 'Description 17', '2025-05-28', 'https://picsum.photos/seed/playlist17/200/200');
INSERT INTO PLAYLISTS (playlist_id, user_id, title, description, date_created, image) VALUES (18, 34, 'Playlist 18', 'Description 18', '2025-05-28', 'https://picsum.photos/seed/playlist18/200/200');
INSERT INTO PLAYLISTS (playlist_id, user_id, title, description, date_created, image) VALUES (19, 39, 'Playlist 19', 'Description 19', '2025-05-28', 'https://picsum.photos/seed/playlist19/200/200');
INSERT INTO PLAYLISTS (playlist_id, user_id, title, description, date_created, image) VALUES (20, 63, 'Playlist 20', 'Description 20', '2025-05-28', 'https://picsum.photos/seed/playlist20/200/200');
INSERT INTO PLAYLISTS (playlist_id, user_id, title, description, date_created, image) VALUES (21, 29, 'Playlist 21', 'Description 21', '2025-05-28', 'https://picsum.photos/seed/playlist21/200/200');
INSERT INTO PLAYLISTS (playlist_id, user_id, title, description, date_created, image) VALUES (22, 15, 'Playlist 22', 'Description 22', '2025-05-28', 'https://picsum.photos/seed/playlist22/200/200');
INSERT INTO PLAYLISTS (playlist_id, user_id, title, description, date_created, image) VALUES (23, 46, 'Playlist 23', 'Description 23', '2025-05-28', 'https://picsum.photos/seed/playlist23/200/200');
INSERT INTO PLAYLISTS (playlist_id, user_id, title, description, date_created, image) VALUES (24, 17, 'Playlist 24', 'Description 24', '2025-05-28', 'https://picsum.photos/seed/playlist24/200/200');
INSERT INTO PLAYLISTS (playlist_id, user_id, title, description, date_created, image) VALUES (25, 42, 'Playlist 25', 'Description 25', '2025-05-28', 'https://picsum.photos/seed/playlist25/200/200');
INSERT INTO PLAYLISTS (playlist_id, user_id, title, description, date_created, image) VALUES (26, 58, 'Playlist 26', 'Description 26', '2025-05-28', 'https://picsum.photos/seed/playlist26/200/200');
INSERT INTO PLAYLISTS (playlist_id, user_id, title, description, date_created, image) VALUES (27, 46, 'Playlist 27', 'Description 27', '2025-05-28', 'https://picsum.photos/seed/playlist27/200/200');
INSERT INTO PLAYLISTS (playlist_id, user_id, title, description, date_created, image) VALUES (28, 69, 'Playlist 28', 'Description 28', '2025-05-28', 'https://picsum.photos/seed/playlist28/200/200');
INSERT INTO PLAYLISTS (playlist_id, user_id, title, description, date_created, image) VALUES (29, 64, 'Playlist 29', 'Description 29', '2025-05-28', 'https://picsum.photos/seed/playlist29/200/200');
INSERT INTO PLAYLISTS (playlist_id, user_id, title, description, date_created, image) VALUES (30, 51, 'Playlist 30', 'Description 30', '2025-05-28', 'https://picsum.photos/seed/playlist30/200/200');
INSERT INTO PLAYLISTS (playlist_id, user_id, title, description, date_created, image) VALUES (31, 38, 'Playlist 31', 'Description 31', '2025-05-28', 'https://picsum.photos/seed/playlist31/200/200');
INSERT INTO PLAYLISTS (playlist_id, user_id, title, description, date_created, image) VALUES (32, 51, 'Playlist 32', 'Description 32', '2025-05-28', 'https://picsum.photos/seed/playlist32/200/200');
INSERT INTO PLAYLISTS (playlist_id, user_id, title, description, date_created, image) VALUES (33, 78, 'Playlist 33', 'Description 33', '2025-05-28', 'https://picsum.photos/seed/playlist33/200/200');
INSERT INTO PLAYLISTS (playlist_id, user_id, title, description, date_created, image) VALUES (34, 33, 'Playlist 34', 'Description 34', '2025-05-28', 'https://picsum.photos/seed/playlist34/200/200');
INSERT INTO PLAYLISTS (playlist_id, user_id, title, description, date_created, image) VALUES (35, 65, 'Playlist 35', 'Description 35', '2025-05-28', 'https://picsum.photos/seed/playlist35/200/200');
INSERT INTO PLAYLISTS (playlist_id, user_id, title, description, date_created, image) VALUES (36, 48, 'Playlist 36', 'Description 36', '2025-05-28', 'https://picsum.photos/seed/playlist36/200/200');
INSERT INTO PLAYLISTS (playlist_id, user_id, title, description, date_created, image) VALUES (37, 47, 'Playlist 37', 'Description 37', '2025-05-28', 'https://picsum.photos/seed/playlist37/200/200');
INSERT INTO PLAYLISTS (playlist_id, user_id, title, description, date_created, image) VALUES (38, 38, 'Playlist 38', 'Description 38', '2025-05-28', 'https://picsum.photos/seed/playlist38/200/200');
INSERT INTO PLAYLISTS (playlist_id, user_id, title, description, date_created, image) VALUES (39, 41, 'Playlist 39', 'Description 39', '2025-05-28', 'https://picsum.photos/seed/playlist39/200/200');
INSERT INTO PLAYLISTS (playlist_id, user_id, title, description, date_created, image) VALUES (40, 100, 'Playlist 40', 'Description 40', '2025-05-28', 'https://picsum.photos/seed/playlist40/200/200');
INSERT INTO PLAYLISTS (playlist_id, user_id, title, description, date_created, image) VALUES (41, 70, 'Playlist 41', 'Description 41', '2025-05-28', 'https://picsum.photos/seed/playlist41/200/200');
INSERT INTO PLAYLISTS (playlist_id, user_id, title, description, date_created, image) VALUES (42, 49, 'Playlist 42', 'Description 42', '2025-05-28', 'https://picsum.photos/seed/playlist42/200/200');
INSERT INTO PLAYLISTS (playlist_id, user_id, title, description, date_created, image) VALUES (43, 31, 'Playlist 43', 'Description 43', '2025-05-28', 'https://picsum.photos/seed/playlist43/200/200');
INSERT INTO PLAYLISTS (playlist_id, user_id, title, description, date_created, image) VALUES (44, 3, 'Playlist 44', 'Description 44', '2025-05-28', 'https://picsum.photos/seed/playlist44/200/200');
INSERT INTO PLAYLISTS (playlist_id, user_id, title, description, date_created, image) VALUES (45, 9, 'Playlist 45', 'Description 45', '2025-05-28', 'https://picsum.photos/seed/playlist45/200/200');
INSERT INTO PLAYLISTS (playlist_id, user_id, title, description, date_created, image) VALUES (46, 45, 'Playlist 46', 'Description 46', '2025-05-28', 'https://picsum.photos/seed/playlist46/200/200');
INSERT INTO PLAYLISTS (playlist_id, user_id, title, description, date_created, image) VALUES (47, 59, 'Playlist 47', 'Description 47', '2025-05-28', 'https://picsum.photos/seed/playlist47/200/200');
INSERT INTO PLAYLISTS (playlist_id, user_id, title, description, date_created, image) VALUES (48, 39, 'Playlist 48', 'Description 48', '2025-05-28', 'https://picsum.photos/seed/playlist48/200/200');
INSERT INTO PLAYLISTS (playlist_id, user_id, title, description, date_created, image) VALUES (49, 15, 'Playlist 49', 'Description 49', '2025-05-28', 'https://picsum.photos/seed/playlist49/200/200');
INSERT INTO PLAYLISTS (playlist_id, user_id, title, description, date_created, image) VALUES (50, 54, 'Playlist 50', 'Description 50', '2025-05-28', 'https://picsum.photos/seed/playlist50/200/200');
INSERT INTO PLAYLISTS (playlist_id, user_id, title, description, date_created, image) VALUES (51, 52, 'Playlist 51', 'Description 51', '2025-05-28', 'https://picsum.photos/seed/playlist51/200/200');
INSERT INTO PLAYLISTS (playlist_id, user_id, title, description, date_created, image) VALUES (52, 97, 'Playlist 52', 'Description 52', '2025-05-28', 'https://picsum.photos/seed/playlist52/200/200');
INSERT INTO PLAYLISTS (playlist_id, user_id, title, description, date_created, image) VALUES (53, 99, 'Playlist 53', 'Description 53', '2025-05-28', 'https://picsum.photos/seed/playlist53/200/200');
INSERT INTO PLAYLISTS (playlist_id, user_id, title, description, date_created, image) VALUES (54, 57, 'Playlist 54', 'Description 54', '2025-05-28', 'https://picsum.photos/seed/playlist54/200/200');
INSERT INTO PLAYLISTS (playlist_id, user_id, title, description, date_created, image) VALUES (55, 41, 'Playlist 55', 'Description 55', '2025-05-28', 'https://picsum.photos/seed/playlist55/200/200');
INSERT INTO PLAYLISTS (playlist_id, user_id, title, description, date_created, image) VALUES (56, 63, 'Playlist 56', 'Description 56', '2025-05-28', 'https://picsum.photos/seed/playlist56/200/200');
INSERT INTO PLAYLISTS (playlist_id, user_id, title, description, date_created, image) VALUES (57, 59, 'Playlist 57', 'Description 57', '2025-05-28', 'https://picsum.photos/seed/playlist57/200/200');
INSERT INTO PLAYLISTS (playlist_id, user_id, title, description, date_created, image) VALUES (58, 69, 'Playlist 58', 'Description 58', '2025-05-28', 'https://picsum.photos/seed/playlist58/200/200');
INSERT INTO PLAYLISTS (playlist_id, user_id, title, description, date_created, image) VALUES (59, 21, 'Playlist 59', 'Description 59', '2025-05-28', 'https://picsum.photos/seed/playlist59/200/200');
INSERT INTO PLAYLISTS (playlist_id, user_id, title, description, date_created, image) VALUES (60, 64, 'Playlist 60', 'Description 60', '2025-05-28', 'https://picsum.photos/seed/playlist60/200/200');
INSERT INTO PLAYLISTS (playlist_id, user_id, title, description, date_created, image) VALUES (61, 55, 'Playlist 61', 'Description 61', '2025-05-28', 'https://picsum.photos/seed/playlist61/200/200');
INSERT INTO PLAYLISTS (playlist_id, user_id, title, description, date_created, image) VALUES (62, 84, 'Playlist 62', 'Description 62', '2025-05-28', 'https://picsum.photos/seed/playlist62/200/200');
INSERT INTO PLAYLISTS (playlist_id, user_id, title, description, date_created, image) VALUES (63, 28, 'Playlist 63', 'Description 63', '2025-05-28', 'https://picsum.photos/seed/playlist63/200/200');
INSERT INTO PLAYLISTS (playlist_id, user_id, title, description, date_created, image) VALUES (64, 36, 'Playlist 64', 'Description 64', '2025-05-28', 'https://picsum.photos/seed/playlist64/200/200');
INSERT INTO PLAYLISTS (playlist_id, user_id, title, description, date_created, image) VALUES (65, 31, 'Playlist 65', 'Description 65', '2025-05-28', 'https://picsum.photos/seed/playlist65/200/200');
INSERT INTO PLAYLISTS (playlist_id, user_id, title, description, date_created, image) VALUES (66, 15, 'Playlist 66', 'Description 66', '2025-05-28', 'https://picsum.photos/seed/playlist66/200/200');
INSERT INTO PLAYLISTS (playlist_id, user_id, title, description, date_created, image) VALUES (67, 8, 'Playlist 67', 'Description 67', '2025-05-28', 'https://picsum.photos/seed/playlist67/200/200');
INSERT INTO PLAYLISTS (playlist_id, user_id, title, description, date_created, image) VALUES (68, 3, 'Playlist 68', 'Description 68', '2025-05-28', 'https://picsum.photos/seed/playlist68/200/200');
INSERT INTO PLAYLISTS (playlist_id, user_id, title, description, date_created, image) VALUES (69, 27, 'Playlist 69', 'Description 69', '2025-05-28', 'https://picsum.photos/seed/playlist69/200/200');
INSERT INTO PLAYLISTS (playlist_id, user_id, title, description, date_created, image) VALUES (70, 43, 'Playlist 70', 'Description 70', '2025-05-28', 'https://picsum.photos/seed/playlist70/200/200');
INSERT INTO PLAYLISTS (playlist_id, user_id, title, description, date_created, image) VALUES (71, 61, 'Playlist 71', 'Description 71', '2025-05-28', 'https://picsum.photos/seed/playlist71/200/200');
INSERT INTO PLAYLISTS (playlist_id, user_id, title, description, date_created, image) VALUES (72, 31, 'Playlist 72', 'Description 72', '2025-05-28', 'https://picsum.photos/seed/playlist72/200/200');
INSERT INTO PLAYLISTS (playlist_id, user_id, title, description, date_created, image) VALUES (73, 10, 'Playlist 73', 'Description 73', '2025-05-28', 'https://picsum.photos/seed/playlist73/200/200');
INSERT INTO PLAYLISTS (playlist_id, user_id, title, description, date_created, image) VALUES (74, 54, 'Playlist 74', 'Description 74', '2025-05-28', 'https://picsum.photos/seed/playlist74/200/200');
INSERT INTO PLAYLISTS (playlist_id, user_id, title, description, date_created, image) VALUES (75, 88, 'Playlist 75', 'Description 75', '2025-05-28', 'https://picsum.photos/seed/playlist75/200/200');
INSERT INTO PLAYLISTS (playlist_id, user_id, title, description, date_created, image) VALUES (76, 74, 'Playlist 76', 'Description 76', '2025-05-28', 'https://picsum.photos/seed/playlist76/200/200');
INSERT INTO PLAYLISTS (playlist_id, user_id, title, description, date_created, image) VALUES (77, 70, 'Playlist 77', 'Description 77', '2025-05-28', 'https://picsum.photos/seed/playlist77/200/200');
INSERT INTO PLAYLISTS (playlist_id, user_id, title, description, date_created, image) VALUES (78, 47, 'Playlist 78', 'Description 78', '2025-05-28', 'https://picsum.photos/seed/playlist78/200/200');
INSERT INTO PLAYLISTS (playlist_id, user_id, title, description, date_created, image) VALUES (79, 64, 'Playlist 79', 'Description 79', '2025-05-28', 'https://picsum.photos/seed/playlist79/200/200');
INSERT INTO PLAYLISTS (playlist_id, user_id, title, description, date_created, image) VALUES (80, 77, 'Playlist 80', 'Description 80', '2025-05-28', 'https://picsum.photos/seed/playlist80/200/200');
INSERT INTO PLAYLISTS (playlist_id, user_id, title, description, date_created, image) VALUES (81, 53, 'Playlist 81', 'Description 81', '2025-05-28', 'https://picsum.photos/seed/playlist81/200/200');
INSERT INTO PLAYLISTS (playlist_id, user_id, title, description, date_created, image) VALUES (82, 71, 'Playlist 82', 'Description 82', '2025-05-28', 'https://picsum.photos/seed/playlist82/200/200');
INSERT INTO PLAYLISTS (playlist_id, user_id, title, description, date_created, image) VALUES (83, 45, 'Playlist 83', 'Description 83', '2025-05-28', 'https://picsum.photos/seed/playlist83/200/200');
INSERT INTO PLAYLISTS (playlist_id, user_id, title, description, date_created, image) VALUES (84, 70, 'Playlist 84', 'Description 84', '2025-05-28', 'https://picsum.photos/seed/playlist84/200/200');
INSERT INTO PLAYLISTS (playlist_id, user_id, title, description, date_created, image) VALUES (85, 48, 'Playlist 85', 'Description 85', '2025-05-28', 'https://picsum.photos/seed/playlist85/200/200');
INSERT INTO PLAYLISTS (playlist_id, user_id, title, description, date_created, image) VALUES (86, 93, 'Playlist 86', 'Description 86', '2025-05-28', 'https://picsum.photos/seed/playlist86/200/200');
INSERT INTO PLAYLISTS (playlist_id, user_id, title, description, date_created, image) VALUES (87, 60, 'Playlist 87', 'Description 87', '2025-05-28', 'https://picsum.photos/seed/playlist87/200/200');
INSERT INTO PLAYLISTS (playlist_id, user_id, title, description, date_created, image) VALUES (88, 18, 'Playlist 88', 'Description 88', '2025-05-28', 'https://picsum.photos/seed/playlist88/200/200');
INSERT INTO PLAYLISTS (playlist_id, user_id, title, description, date_created, image) VALUES (89, 52, 'Playlist 89', 'Description 89', '2025-05-28', 'https://picsum.photos/seed/playlist89/200/200');
INSERT INTO PLAYLISTS (playlist_id, user_id, title, description, date_created, image) VALUES (90, 2, 'Playlist 90', 'Description 90', '2025-05-28', 'https://picsum.photos/seed/playlist90/200/200');
INSERT INTO PLAYLISTS (playlist_id, user_id, title, description, date_created, image) VALUES (91, 79, 'Playlist 91', 'Description 91', '2025-05-28', 'https://picsum.photos/seed/playlist91/200/200');
INSERT INTO PLAYLISTS (playlist_id, user_id, title, description, date_created, image) VALUES (92, 15, 'Playlist 92', 'Description 92', '2025-05-28', 'https://picsum.photos/seed/playlist92/200/200');
INSERT INTO PLAYLISTS (playlist_id, user_id, title, description, date_created, image) VALUES (93, 68, 'Playlist 93', 'Description 93', '2025-05-28', 'https://picsum.photos/seed/playlist93/200/200');
INSERT INTO PLAYLISTS (playlist_id, user_id, title, description, date_created, image) VALUES (94, 28, 'Playlist 94', 'Description 94', '2025-05-28', 'https://picsum.photos/seed/playlist94/200/200');
INSERT INTO PLAYLISTS (playlist_id, user_id, title, description, date_created, image) VALUES (95, 36, 'Playlist 95', 'Description 95', '2025-05-28', 'https://picsum.photos/seed/playlist95/200/200');
INSERT INTO PLAYLISTS (playlist_id, user_id, title, description, date_created, image) VALUES (96, 45, 'Playlist 96', 'Description 96', '2025-05-28', 'https://picsum.photos/seed/playlist96/200/200');
INSERT INTO PLAYLISTS (playlist_id, user_id, title, description, date_created, image) VALUES (97, 67, 'Playlist 97', 'Description 97', '2025-05-28', 'https://picsum.photos/seed/playlist97/200/200');
INSERT INTO PLAYLISTS (playlist_id, user_id, title, description, date_created, image) VALUES (98, 57, 'Playlist 98', 'Description 98', '2025-05-28', 'https://picsum.photos/seed/playlist98/200/200');
INSERT INTO PLAYLISTS (playlist_id, user_id, title, description, date_created, image) VALUES (99, 49, 'Playlist 99', 'Description 99', '2025-05-28', 'https://picsum.photos/seed/playlist99/200/200');
INSERT INTO PLAYLISTS (playlist_id, user_id, title, description, date_created, image) VALUES (100, 6, 'Playlist 100', 'Description 100', '2025-05-28', 'https://picsum.photos/seed/playlist100/200/200');
INSERT INTO PLAYLISTS (playlist_id, user_id, title, description, date_created, image) VALUES (101, 87, 'Playlist 101', 'Description 101', '2025-05-28', 'https://picsum.photos/seed/playlist101/200/200');
INSERT INTO PLAYLISTS (playlist_id, user_id, title, description, date_created, image) VALUES (102, 82, 'Playlist 102', 'Description 102', '2025-05-28', 'https://picsum.photos/seed/playlist102/200/200');
INSERT INTO PLAYLISTS (playlist_id, user_id, title, description, date_created, image) VALUES (103, 34, 'Playlist 103', 'Description 103', '2025-05-28', 'https://picsum.photos/seed/playlist103/200/200');
INSERT INTO PLAYLISTS (playlist_id, user_id, title, description, date_created, image) VALUES (104, 87, 'Playlist 104', 'Description 104', '2025-05-28', 'https://picsum.photos/seed/playlist104/200/200');
INSERT INTO PLAYLISTS (playlist_id, user_id, title, description, date_created, image) VALUES (105, 98, 'Playlist 105', 'Description 105', '2025-05-28', 'https://picsum.photos/seed/playlist105/200/200');
INSERT INTO PLAYLISTS (playlist_id, user_id, title, description, date_created, image) VALUES (106, 72, 'Playlist 106', 'Description 106', '2025-05-28', 'https://picsum.photos/seed/playlist106/200/200');
INSERT INTO PLAYLISTS (playlist_id, user_id, title, description, date_created, image) VALUES (107, 15, 'Playlist 107', 'Description 107', '2025-05-28', 'https://picsum.photos/seed/playlist107/200/200');
INSERT INTO PLAYLISTS (playlist_id, user_id, title, description, date_created, image) VALUES (108, 44, 'Playlist 108', 'Description 108', '2025-05-28', 'https://picsum.photos/seed/playlist108/200/200');
INSERT INTO PLAYLISTS (playlist_id, user_id, title, description, date_created, image) VALUES (109, 72, 'Playlist 109', 'Description 109', '2025-05-28', 'https://picsum.photos/seed/playlist109/200/200');
INSERT INTO PLAYLISTS (playlist_id, user_id, title, description, date_created, image) VALUES (110, 40, 'Playlist 110', 'Description 110', '2025-05-28', 'https://picsum.photos/seed/playlist110/200/200');
INSERT INTO PLAYLISTS (playlist_id, user_id, title, description, date_created, image) VALUES (111, 96, 'Playlist 111', 'Description 111', '2025-05-28', 'https://picsum.photos/seed/playlist111/200/200');
INSERT INTO PLAYLISTS (playlist_id, user_id, title, description, date_created, image) VALUES (112, 86, 'Playlist 112', 'Description 112', '2025-05-28', 'https://picsum.photos/seed/playlist112/200/200');
INSERT INTO PLAYLISTS (playlist_id, user_id, title, description, date_created, image) VALUES (113, 12, 'Playlist 113', 'Description 113', '2025-05-28', 'https://picsum.photos/seed/playlist113/200/200');
INSERT INTO PLAYLISTS (playlist_id, user_id, title, description, date_created, image) VALUES (114, 98, 'Playlist 114', 'Description 114', '2025-05-28', 'https://picsum.photos/seed/playlist114/200/200');
INSERT INTO PLAYLISTS (playlist_id, user_id, title, description, date_created, image) VALUES (115, 73, 'Playlist 115', 'Description 115', '2025-05-28', 'https://picsum.photos/seed/playlist115/200/200');
INSERT INTO PLAYLISTS (playlist_id, user_id, title, description, date_created, image) VALUES (116, 39, 'Playlist 116', 'Description 116', '2025-05-28', 'https://picsum.photos/seed/playlist116/200/200');
INSERT INTO PLAYLISTS (playlist_id, user_id, title, description, date_created, image) VALUES (117, 21, 'Playlist 117', 'Description 117', '2025-05-28', 'https://picsum.photos/seed/playlist117/200/200');
INSERT INTO PLAYLISTS (playlist_id, user_id, title, description, date_created, image) VALUES (118, 10, 'Playlist 118', 'Description 118', '2025-05-28', 'https://picsum.photos/seed/playlist118/200/200');
INSERT INTO PLAYLISTS (playlist_id, user_id, title, description, date_created, image) VALUES (119, 42, 'Playlist 119', 'Description 119', '2025-05-28', 'https://picsum.photos/seed/playlist119/200/200');
INSERT INTO PLAYLISTS (playlist_id, user_id, title, description, date_created, image) VALUES (120, 75, 'Playlist 120', 'Description 120', '2025-05-28', 'https://picsum.photos/seed/playlist120/200/200');
INSERT INTO PLAYLISTS (playlist_id, user_id, title, description, date_created, image) VALUES (121, 34, 'Playlist 121', 'Description 121', '2025-05-28', 'https://picsum.photos/seed/playlist121/200/200');
INSERT INTO PLAYLISTS (playlist_id, user_id, title, description, date_created, image) VALUES (122, 14, 'Playlist 122', 'Description 122', '2025-05-28', 'https://picsum.photos/seed/playlist122/200/200');
INSERT INTO PLAYLISTS (playlist_id, user_id, title, description, date_created, image) VALUES (123, 25, 'Playlist 123', 'Description 123', '2025-05-28', 'https://picsum.photos/seed/playlist123/200/200');
INSERT INTO PLAYLISTS (playlist_id, user_id, title, description, date_created, image) VALUES (124, 15, 'Playlist 124', 'Description 124', '2025-05-28', 'https://picsum.photos/seed/playlist124/200/200');
INSERT INTO PLAYLISTS (playlist_id, user_id, title, description, date_created, image) VALUES (125, 40, 'Playlist 125', 'Description 125', '2025-05-28', 'https://picsum.photos/seed/playlist125/200/200');
INSERT INTO PLAYLISTS (playlist_id, user_id, title, description, date_created, image) VALUES (126, 100, 'Playlist 126', 'Description 126', '2025-05-28', 'https://picsum.photos/seed/playlist126/200/200');
INSERT INTO PLAYLISTS (playlist_id, user_id, title, description, date_created, image) VALUES (127, 94, 'Playlist 127', 'Description 127', '2025-05-28', 'https://picsum.photos/seed/playlist127/200/200');
INSERT INTO PLAYLISTS (playlist_id, user_id, title, description, date_created, image) VALUES (128, 57, 'Playlist 128', 'Description 128', '2025-05-28', 'https://picsum.photos/seed/playlist128/200/200');
INSERT INTO PLAYLISTS (playlist_id, user_id, title, description, date_created, image) VALUES (129, 100, 'Playlist 129', 'Description 129', '2025-05-28', 'https://picsum.photos/seed/playlist129/200/200');
INSERT INTO PLAYLISTS (playlist_id, user_id, title, description, date_created, image) VALUES (130, 93, 'Playlist 130', 'Description 130', '2025-05-28', 'https://picsum.photos/seed/playlist130/200/200');
INSERT INTO PLAYLISTS (playlist_id, user_id, title, description, date_created, image) VALUES (131, 51, 'Playlist 131', 'Description 131', '2025-05-28', 'https://picsum.photos/seed/playlist131/200/200');
INSERT INTO PLAYLISTS (playlist_id, user_id, title, description, date_created, image) VALUES (132, 79, 'Playlist 132', 'Description 132', '2025-05-28', 'https://picsum.photos/seed/playlist132/200/200');
INSERT INTO PLAYLISTS (playlist_id, user_id, title, description, date_created, image) VALUES (133, 43, 'Playlist 133', 'Description 133', '2025-05-28', 'https://picsum.photos/seed/playlist133/200/200');
INSERT INTO PLAYLISTS (playlist_id, user_id, title, description, date_created, image) VALUES (134, 38, 'Playlist 134', 'Description 134', '2025-05-28', 'https://picsum.photos/seed/playlist134/200/200');
INSERT INTO PLAYLISTS (playlist_id, user_id, title, description, date_created, image) VALUES (135, 60, 'Playlist 135', 'Description 135', '2025-05-28', 'https://picsum.photos/seed/playlist135/200/200');
INSERT INTO PLAYLISTS (playlist_id, user_id, title, description, date_created, image) VALUES (136, 47, 'Playlist 136', 'Description 136', '2025-05-28', 'https://picsum.photos/seed/playlist136/200/200');
INSERT INTO PLAYLISTS (playlist_id, user_id, title, description, date_created, image) VALUES (137, 68, 'Playlist 137', 'Description 137', '2025-05-28', 'https://picsum.photos/seed/playlist137/200/200');
INSERT INTO PLAYLISTS (playlist_id, user_id, title, description, date_created, image) VALUES (138, 24, 'Playlist 138', 'Description 138', '2025-05-28', 'https://picsum.photos/seed/playlist138/200/200');
INSERT INTO PLAYLISTS (playlist_id, user_id, title, description, date_created, image) VALUES (139, 87, 'Playlist 139', 'Description 139', '2025-05-28', 'https://picsum.photos/seed/playlist139/200/200');
INSERT INTO PLAYLISTS (playlist_id, user_id, title, description, date_created, image) VALUES (140, 75, 'Playlist 140', 'Description 140', '2025-05-28', 'https://picsum.photos/seed/playlist140/200/200');
INSERT INTO PLAYLISTS (playlist_id, user_id, title, description, date_created, image) VALUES (141, 24, 'Playlist 141', 'Description 141', '2025-05-28', 'https://picsum.photos/seed/playlist141/200/200');
INSERT INTO PLAYLISTS (playlist_id, user_id, title, description, date_created, image) VALUES (142, 66, 'Playlist 142', 'Description 142', '2025-05-28', 'https://picsum.photos/seed/playlist142/200/200');
INSERT INTO PLAYLISTS (playlist_id, user_id, title, description, date_created, image) VALUES (143, 86, 'Playlist 143', 'Description 143', '2025-05-28', 'https://picsum.photos/seed/playlist143/200/200');
INSERT INTO PLAYLISTS (playlist_id, user_id, title, description, date_created, image) VALUES (144, 15, 'Playlist 144', 'Description 144', '2025-05-28', 'https://picsum.photos/seed/playlist144/200/200');
INSERT INTO PLAYLISTS (playlist_id, user_id, title, description, date_created, image) VALUES (145, 37, 'Playlist 145', 'Description 145', '2025-05-28', 'https://picsum.photos/seed/playlist145/200/200');
INSERT INTO PLAYLISTS (playlist_id, user_id, title, description, date_created, image) VALUES (146, 22, 'Playlist 146', 'Description 146', '2025-05-28', 'https://picsum.photos/seed/playlist146/200/200');
INSERT INTO PLAYLISTS (playlist_id, user_id, title, description, date_created, image) VALUES (147, 76, 'Playlist 147', 'Description 147', '2025-05-28', 'https://picsum.photos/seed/playlist147/200/200');
INSERT INTO PLAYLISTS (playlist_id, user_id, title, description, date_created, image) VALUES (148, 1, 'Playlist 148', 'Description 148', '2025-05-28', 'https://picsum.photos/seed/playlist148/200/200');
INSERT INTO PLAYLISTS (playlist_id, user_id, title, description, date_created, image) VALUES (149, 73, 'Playlist 149', 'Description 149', '2025-05-28', 'https://picsum.photos/seed/playlist149/200/200');
INSERT INTO PLAYLISTS (playlist_id, user_id, title, description, date_created, image) VALUES (150, 3, 'Playlist 150', 'Description 150', '2025-05-28', 'https://picsum.photos/seed/playlist150/200/200');
INSERT INTO PLAYLISTS (playlist_id, user_id, title, description, date_created, image) VALUES (151, 11, 'Playlist 151', 'Description 151', '2025-05-28', 'https://picsum.photos/seed/playlist151/200/200');
INSERT INTO PLAYLISTS (playlist_id, user_id, title, description, date_created, image) VALUES (152, 28, 'Playlist 152', 'Description 152', '2025-05-28', 'https://picsum.photos/seed/playlist152/200/200');
INSERT INTO PLAYLISTS (playlist_id, user_id, title, description, date_created, image) VALUES (153, 7, 'Playlist 153', 'Description 153', '2025-05-28', 'https://picsum.photos/seed/playlist153/200/200');
INSERT INTO PLAYLISTS (playlist_id, user_id, title, description, date_created, image) VALUES (154, 23, 'Playlist 154', 'Description 154', '2025-05-28', 'https://picsum.photos/seed/playlist154/200/200');
INSERT INTO PLAYLISTS (playlist_id, user_id, title, description, date_created, image) VALUES (155, 16, 'Playlist 155', 'Description 155', '2025-05-28', 'https://picsum.photos/seed/playlist155/200/200');
INSERT INTO PLAYLISTS (playlist_id, user_id, title, description, date_created, image) VALUES (156, 8, 'Playlist 156', 'Description 156', '2025-05-28', 'https://picsum.photos/seed/playlist156/200/200');
INSERT INTO PLAYLISTS (playlist_id, user_id, title, description, date_created, image) VALUES (157, 80, 'Playlist 157', 'Description 157', '2025-05-28', 'https://picsum.photos/seed/playlist157/200/200');
INSERT INTO PLAYLISTS (playlist_id, user_id, title, description, date_created, image) VALUES (158, 29, 'Playlist 158', 'Description 158', '2025-05-28', 'https://picsum.photos/seed/playlist158/200/200');
INSERT INTO PLAYLISTS (playlist_id, user_id, title, description, date_created, image) VALUES (159, 26, 'Playlist 159', 'Description 159', '2025-05-28', 'https://picsum.photos/seed/playlist159/200/200');
INSERT INTO PLAYLISTS (playlist_id, user_id, title, description, date_created, image) VALUES (160, 40, 'Playlist 160', 'Description 160', '2025-05-28', 'https://picsum.photos/seed/playlist160/200/200');
INSERT INTO PLAYLISTS (playlist_id, user_id, title, description, date_created, image) VALUES (161, 77, 'Playlist 161', 'Description 161', '2025-05-28', 'https://picsum.photos/seed/playlist161/200/200');
INSERT INTO PLAYLISTS (playlist_id, user_id, title, description, date_created, image) VALUES (162, 29, 'Playlist 162', 'Description 162', '2025-05-28', 'https://picsum.photos/seed/playlist162/200/200');
INSERT INTO PLAYLISTS (playlist_id, user_id, title, description, date_created, image) VALUES (163, 15, 'Playlist 163', 'Description 163', '2025-05-28', 'https://picsum.photos/seed/playlist163/200/200');
INSERT INTO PLAYLISTS (playlist_id, user_id, title, description, date_created, image) VALUES (164, 57, 'Playlist 164', 'Description 164', '2025-05-28', 'https://picsum.photos/seed/playlist164/200/200');
INSERT INTO PLAYLISTS (playlist_id, user_id, title, description, date_created, image) VALUES (165, 31, 'Playlist 165', 'Description 165', '2025-05-28', 'https://picsum.photos/seed/playlist165/200/200');
INSERT INTO PLAYLISTS (playlist_id, user_id, title, description, date_created, image) VALUES (166, 4, 'Playlist 166', 'Description 166', '2025-05-28', 'https://picsum.photos/seed/playlist166/200/200');
INSERT INTO PLAYLISTS (playlist_id, user_id, title, description, date_created, image) VALUES (167, 62, 'Playlist 167', 'Description 167', '2025-05-28', 'https://picsum.photos/seed/playlist167/200/200');
INSERT INTO PLAYLISTS (playlist_id, user_id, title, description, date_created, image) VALUES (168, 91, 'Playlist 168', 'Description 168', '2025-05-28', 'https://picsum.photos/seed/playlist168/200/200');
INSERT INTO PLAYLISTS (playlist_id, user_id, title, description, date_created, image) VALUES (169, 17, 'Playlist 169', 'Description 169', '2025-05-28', 'https://picsum.photos/seed/playlist169/200/200');
INSERT INTO PLAYLISTS (playlist_id, user_id, title, description, date_created, image) VALUES (170, 67, 'Playlist 170', 'Description 170', '2025-05-28', 'https://picsum.photos/seed/playlist170/200/200');
INSERT INTO PLAYLISTS (playlist_id, user_id, title, description, date_created, image) VALUES (171, 21, 'Playlist 171', 'Description 171', '2025-05-28', 'https://picsum.photos/seed/playlist171/200/200');
INSERT INTO PLAYLISTS (playlist_id, user_id, title, description, date_created, image) VALUES (172, 60, 'Playlist 172', 'Description 172', '2025-05-28', 'https://picsum.photos/seed/playlist172/200/200');
INSERT INTO PLAYLISTS (playlist_id, user_id, title, description, date_created, image) VALUES (173, 57, 'Playlist 173', 'Description 173', '2025-05-28', 'https://picsum.photos/seed/playlist173/200/200');
INSERT INTO PLAYLISTS (playlist_id, user_id, title, description, date_created, image) VALUES (174, 21, 'Playlist 174', 'Description 174', '2025-05-28', 'https://picsum.photos/seed/playlist174/200/200');
INSERT INTO PLAYLISTS (playlist_id, user_id, title, description, date_created, image) VALUES (175, 5, 'Playlist 175', 'Description 175', '2025-05-28', 'https://picsum.photos/seed/playlist175/200/200');
INSERT INTO PLAYLISTS (playlist_id, user_id, title, description, date_created, image) VALUES (176, 58, 'Playlist 176', 'Description 176', '2025-05-28', 'https://picsum.photos/seed/playlist176/200/200');
INSERT INTO PLAYLISTS (playlist_id, user_id, title, description, date_created, image) VALUES (177, 98, 'Playlist 177', 'Description 177', '2025-05-28', 'https://picsum.photos/seed/playlist177/200/200');
INSERT INTO PLAYLISTS (playlist_id, user_id, title, description, date_created, image) VALUES (178, 81, 'Playlist 178', 'Description 178', '2025-05-28', 'https://picsum.photos/seed/playlist178/200/200');
INSERT INTO PLAYLISTS (playlist_id, user_id, title, description, date_created, image) VALUES (179, 32, 'Playlist 179', 'Description 179', '2025-05-28', 'https://picsum.photos/seed/playlist179/200/200');
INSERT INTO PLAYLISTS (playlist_id, user_id, title, description, date_created, image) VALUES (180, 15, 'Playlist 180', 'Description 180', '2025-05-28', 'https://picsum.photos/seed/playlist180/200/200');
INSERT INTO PLAYLISTS (playlist_id, user_id, title, description, date_created, image) VALUES (181, 12, 'Playlist 181', 'Description 181', '2025-05-28', 'https://picsum.photos/seed/playlist181/200/200');
INSERT INTO PLAYLISTS (playlist_id, user_id, title, description, date_created, image) VALUES (182, 34, 'Playlist 182', 'Description 182', '2025-05-28', 'https://picsum.photos/seed/playlist182/200/200');
INSERT INTO PLAYLISTS (playlist_id, user_id, title, description, date_created, image) VALUES (183, 61, 'Playlist 183', 'Description 183', '2025-05-28', 'https://picsum.photos/seed/playlist183/200/200');
INSERT INTO PLAYLISTS (playlist_id, user_id, title, description, date_created, image) VALUES (184, 7, 'Playlist 184', 'Description 184', '2025-05-28', 'https://picsum.photos/seed/playlist184/200/200');
INSERT INTO PLAYLISTS (playlist_id, user_id, title, description, date_created, image) VALUES (185, 15, 'Playlist 185', 'Description 185', '2025-05-28', 'https://picsum.photos/seed/playlist185/200/200');
INSERT INTO PLAYLISTS (playlist_id, user_id, title, description, date_created, image) VALUES (186, 40, 'Playlist 186', 'Description 186', '2025-05-28', 'https://picsum.photos/seed/playlist186/200/200');
INSERT INTO PLAYLISTS (playlist_id, user_id, title, description, date_created, image) VALUES (187, 45, 'Playlist 187', 'Description 187', '2025-05-28', 'https://picsum.photos/seed/playlist187/200/200');
INSERT INTO PLAYLISTS (playlist_id, user_id, title, description, date_created, image) VALUES (188, 44, 'Playlist 188', 'Description 188', '2025-05-28', 'https://picsum.photos/seed/playlist188/200/200');
INSERT INTO PLAYLISTS (playlist_id, user_id, title, description, date_created, image) VALUES (189, 34, 'Playlist 189', 'Description 189', '2025-05-28', 'https://picsum.photos/seed/playlist189/200/200');
INSERT INTO PLAYLISTS (playlist_id, user_id, title, description, date_created, image) VALUES (190, 81, 'Playlist 190', 'Description 190', '2025-05-28', 'https://picsum.photos/seed/playlist190/200/200');
INSERT INTO PLAYLISTS (playlist_id, user_id, title, description, date_created, image) VALUES (191, 49, 'Playlist 191', 'Description 191', '2025-05-28', 'https://picsum.photos/seed/playlist191/200/200');
INSERT INTO PLAYLISTS (playlist_id, user_id, title, description, date_created, image) VALUES (192, 22, 'Playlist 192', 'Description 192', '2025-05-28', 'https://picsum.photos/seed/playlist192/200/200');
INSERT INTO PLAYLISTS (playlist_id, user_id, title, description, date_created, image) VALUES (193, 77, 'Playlist 193', 'Description 193', '2025-05-28', 'https://picsum.photos/seed/playlist193/200/200');
INSERT INTO PLAYLISTS (playlist_id, user_id, title, description, date_created, image) VALUES (194, 45, 'Playlist 194', 'Description 194', '2025-05-28', 'https://picsum.photos/seed/playlist194/200/200');
INSERT INTO PLAYLISTS (playlist_id, user_id, title, description, date_created, image) VALUES (195, 27, 'Playlist 195', 'Description 195', '2025-05-28', 'https://picsum.photos/seed/playlist195/200/200');
INSERT INTO PLAYLISTS (playlist_id, user_id, title, description, date_created, image) VALUES (196, 24, 'Playlist 196', 'Description 196', '2025-05-28', 'https://picsum.photos/seed/playlist196/200/200');
INSERT INTO PLAYLISTS (playlist_id, user_id, title, description, date_created, image) VALUES (197, 11, 'Playlist 197', 'Description 197', '2025-05-28', 'https://picsum.photos/seed/playlist197/200/200');
INSERT INTO PLAYLISTS (playlist_id, user_id, title, description, date_created, image) VALUES (198, 91, 'Playlist 198', 'Description 198', '2025-05-28', 'https://picsum.photos/seed/playlist198/200/200');
INSERT INTO PLAYLISTS (playlist_id, user_id, title, description, date_created, image) VALUES (199, 95, 'Playlist 199', 'Description 199', '2025-05-28', 'https://picsum.photos/seed/playlist199/200/200');
INSERT INTO PLAYLISTS (playlist_id, user_id, title, description, date_created, image) VALUES (200, 57, 'Playlist 200', 'Description 200', '2025-05-28', 'https://picsum.photos/seed/playlist200/200/200');
INSERT INTO PLAYLISTS (playlist_id, user_id, title, description, date_created, image) VALUES (201, 92, 'Playlist 201', 'Description 201', '2025-05-28', 'https://picsum.photos/seed/playlist201/200/200');
INSERT INTO PLAYLISTS (playlist_id, user_id, title, description, date_created, image) VALUES (202, 11, 'Playlist 202', 'Description 202', '2025-05-28', 'https://picsum.photos/seed/playlist202/200/200');
INSERT INTO PLAYLISTS (playlist_id, user_id, title, description, date_created, image) VALUES (203, 70, 'Playlist 203', 'Description 203', '2025-05-28', 'https://picsum.photos/seed/playlist203/200/200');
INSERT INTO PLAYLISTS (playlist_id, user_id, title, description, date_created, image) VALUES (204, 28, 'Playlist 204', 'Description 204', '2025-05-28', 'https://picsum.photos/seed/playlist204/200/200');
INSERT INTO PLAYLISTS (playlist_id, user_id, title, description, date_created, image) VALUES (205, 88, 'Playlist 205', 'Description 205', '2025-05-28', 'https://picsum.photos/seed/playlist205/200/200');
INSERT INTO PLAYLISTS (playlist_id, user_id, title, description, date_created, image) VALUES (206, 69, 'Playlist 206', 'Description 206', '2025-05-28', 'https://picsum.photos/seed/playlist206/200/200');
INSERT INTO PLAYLISTS (playlist_id, user_id, title, description, date_created, image) VALUES (207, 53, 'Playlist 207', 'Description 207', '2025-05-28', 'https://picsum.photos/seed/playlist207/200/200');
INSERT INTO PLAYLISTS (playlist_id, user_id, title, description, date_created, image) VALUES (208, 52, 'Playlist 208', 'Description 208', '2025-05-28', 'https://picsum.photos/seed/playlist208/200/200');
INSERT INTO PLAYLISTS (playlist_id, user_id, title, description, date_created, image) VALUES (209, 83, 'Playlist 209', 'Description 209', '2025-05-28', 'https://picsum.photos/seed/playlist209/200/200');
INSERT INTO PLAYLISTS (playlist_id, user_id, title, description, date_created, image) VALUES (210, 91, 'Playlist 210', 'Description 210', '2025-05-28', 'https://picsum.photos/seed/playlist210/200/200');
INSERT INTO PLAYLISTS (playlist_id, user_id, title, description, date_created, image) VALUES (211, 5, 'Playlist 211', 'Description 211', '2025-05-28', 'https://picsum.photos/seed/playlist211/200/200');
INSERT INTO PLAYLISTS (playlist_id, user_id, title, description, date_created, image) VALUES (212, 94, 'Playlist 212', 'Description 212', '2025-05-28', 'https://picsum.photos/seed/playlist212/200/200');
INSERT INTO PLAYLISTS (playlist_id, user_id, title, description, date_created, image) VALUES (213, 5, 'Playlist 213', 'Description 213', '2025-05-28', 'https://picsum.photos/seed/playlist213/200/200');
INSERT INTO PLAYLISTS (playlist_id, user_id, title, description, date_created, image) VALUES (214, 51, 'Playlist 214', 'Description 214', '2025-05-28', 'https://picsum.photos/seed/playlist214/200/200');
INSERT INTO PLAYLISTS (playlist_id, user_id, title, description, date_created, image) VALUES (215, 3, 'Playlist 215', 'Description 215', '2025-05-28', 'https://picsum.photos/seed/playlist215/200/200');
INSERT INTO PLAYLISTS (playlist_id, user_id, title, description, date_created, image) VALUES (216, 40, 'Playlist 216', 'Description 216', '2025-05-28', 'https://picsum.photos/seed/playlist216/200/200');
INSERT INTO PLAYLISTS (playlist_id, user_id, title, description, date_created, image) VALUES (217, 42, 'Playlist 217', 'Description 217', '2025-05-28', 'https://picsum.photos/seed/playlist217/200/200');
INSERT INTO PLAYLISTS (playlist_id, user_id, title, description, date_created, image) VALUES (218, 75, 'Playlist 218', 'Description 218', '2025-05-28', 'https://picsum.photos/seed/playlist218/200/200');
INSERT INTO PLAYLISTS (playlist_id, user_id, title, description, date_created, image) VALUES (219, 47, 'Playlist 219', 'Description 219', '2025-05-28', 'https://picsum.photos/seed/playlist219/200/200');
INSERT INTO PLAYLISTS (playlist_id, user_id, title, description, date_created, image) VALUES (220, 77, 'Playlist 220', 'Description 220', '2025-05-28', 'https://picsum.photos/seed/playlist220/200/200');
INSERT INTO PLAYLISTS (playlist_id, user_id, title, description, date_created, image) VALUES (221, 20, 'Playlist 221', 'Description 221', '2025-05-28', 'https://picsum.photos/seed/playlist221/200/200');
INSERT INTO PLAYLISTS (playlist_id, user_id, title, description, date_created, image) VALUES (222, 88, 'Playlist 222', 'Description 222', '2025-05-28', 'https://picsum.photos/seed/playlist222/200/200');
INSERT INTO PLAYLISTS (playlist_id, user_id, title, description, date_created, image) VALUES (223, 50, 'Playlist 223', 'Description 223', '2025-05-28', 'https://picsum.photos/seed/playlist223/200/200');
INSERT INTO PLAYLISTS (playlist_id, user_id, title, description, date_created, image) VALUES (224, 87, 'Playlist 224', 'Description 224', '2025-05-28', 'https://picsum.photos/seed/playlist224/200/200');
INSERT INTO PLAYLISTS (playlist_id, user_id, title, description, date_created, image) VALUES (225, 55, 'Playlist 225', 'Description 225', '2025-05-28', 'https://picsum.photos/seed/playlist225/200/200');
INSERT INTO PLAYLISTS (playlist_id, user_id, title, description, date_created, image) VALUES (226, 16, 'Playlist 226', 'Description 226', '2025-05-28', 'https://picsum.photos/seed/playlist226/200/200');
INSERT INTO PLAYLISTS (playlist_id, user_id, title, description, date_created, image) VALUES (227, 31, 'Playlist 227', 'Description 227', '2025-05-28', 'https://picsum.photos/seed/playlist227/200/200');
INSERT INTO PLAYLISTS (playlist_id, user_id, title, description, date_created, image) VALUES (228, 42, 'Playlist 228', 'Description 228', '2025-05-28', 'https://picsum.photos/seed/playlist228/200/200');
INSERT INTO PLAYLISTS (playlist_id, user_id, title, description, date_created, image) VALUES (229, 37, 'Playlist 229', 'Description 229', '2025-05-28', 'https://picsum.photos/seed/playlist229/200/200');
INSERT INTO PLAYLISTS (playlist_id, user_id, title, description, date_created, image) VALUES (230, 41, 'Playlist 230', 'Description 230', '2025-05-28', 'https://picsum.photos/seed/playlist230/200/200');
INSERT INTO PLAYLISTS (playlist_id, user_id, title, description, date_created, image) VALUES (231, 83, 'Playlist 231', 'Description 231', '2025-05-28', 'https://picsum.photos/seed/playlist231/200/200');
INSERT INTO PLAYLISTS (playlist_id, user_id, title, description, date_created, image) VALUES (232, 41, 'Playlist 232', 'Description 232', '2025-05-28', 'https://picsum.photos/seed/playlist232/200/200');
INSERT INTO PLAYLISTS (playlist_id, user_id, title, description, date_created, image) VALUES (233, 77, 'Playlist 233', 'Description 233', '2025-05-28', 'https://picsum.photos/seed/playlist233/200/200');
INSERT INTO PLAYLISTS (playlist_id, user_id, title, description, date_created, image) VALUES (234, 57, 'Playlist 234', 'Description 234', '2025-05-28', 'https://picsum.photos/seed/playlist234/200/200');
INSERT INTO PLAYLISTS (playlist_id, user_id, title, description, date_created, image) VALUES (235, 81, 'Playlist 235', 'Description 235', '2025-05-28', 'https://picsum.photos/seed/playlist235/200/200');
INSERT INTO PLAYLISTS (playlist_id, user_id, title, description, date_created, image) VALUES (236, 45, 'Playlist 236', 'Description 236', '2025-05-28', 'https://picsum.photos/seed/playlist236/200/200');
INSERT INTO PLAYLISTS (playlist_id, user_id, title, description, date_created, image) VALUES (237, 38, 'Playlist 237', 'Description 237', '2025-05-28', 'https://picsum.photos/seed/playlist237/200/200');
INSERT INTO PLAYLISTS (playlist_id, user_id, title, description, date_created, image) VALUES (238, 43, 'Playlist 238', 'Description 238', '2025-05-28', 'https://picsum.photos/seed/playlist238/200/200');
INSERT INTO PLAYLISTS (playlist_id, user_id, title, description, date_created, image) VALUES (239, 10, 'Playlist 239', 'Description 239', '2025-05-28', 'https://picsum.photos/seed/playlist239/200/200');
INSERT INTO PLAYLISTS (playlist_id, user_id, title, description, date_created, image) VALUES (240, 14, 'Playlist 240', 'Description 240', '2025-05-28', 'https://picsum.photos/seed/playlist240/200/200');
INSERT INTO PLAYLISTS (playlist_id, user_id, title, description, date_created, image) VALUES (241, 39, 'Playlist 241', 'Description 241', '2025-05-28', 'https://picsum.photos/seed/playlist241/200/200');
INSERT INTO PLAYLISTS (playlist_id, user_id, title, description, date_created, image) VALUES (242, 41, 'Playlist 242', 'Description 242', '2025-05-28', 'https://picsum.photos/seed/playlist242/200/200');
INSERT INTO PLAYLISTS (playlist_id, user_id, title, description, date_created, image) VALUES (243, 17, 'Playlist 243', 'Description 243', '2025-05-28', 'https://picsum.photos/seed/playlist243/200/200');
INSERT INTO PLAYLISTS (playlist_id, user_id, title, description, date_created, image) VALUES (244, 71, 'Playlist 244', 'Description 244', '2025-05-28', 'https://picsum.photos/seed/playlist244/200/200');
INSERT INTO PLAYLISTS (playlist_id, user_id, title, description, date_created, image) VALUES (245, 62, 'Playlist 245', 'Description 245', '2025-05-28', 'https://picsum.photos/seed/playlist245/200/200');
INSERT INTO PLAYLISTS (playlist_id, user_id, title, description, date_created, image) VALUES (246, 86, 'Playlist 246', 'Description 246', '2025-05-28', 'https://picsum.photos/seed/playlist246/200/200');
INSERT INTO PLAYLISTS (playlist_id, user_id, title, description, date_created, image) VALUES (247, 7, 'Playlist 247', 'Description 247', '2025-05-28', 'https://picsum.photos/seed/playlist247/200/200');
INSERT INTO PLAYLISTS (playlist_id, user_id, title, description, date_created, image) VALUES (248, 23, 'Playlist 248', 'Description 248', '2025-05-28', 'https://picsum.photos/seed/playlist248/200/200');
INSERT INTO PLAYLISTS (playlist_id, user_id, title, description, date_created, image) VALUES (249, 34, 'Playlist 249', 'Description 249', '2025-05-28', 'https://picsum.photos/seed/playlist249/200/200');
INSERT INTO PLAYLISTS (playlist_id, user_id, title, description, date_created, image) VALUES (250, 46, 'Playlist 250', 'Description 250', '2025-05-28', 'https://picsum.photos/seed/playlist250/200/200');
INSERT INTO PLAYLISTS (playlist_id, user_id, title, description, date_created, image) VALUES (251, 11, 'Playlist 251', 'Description 251', '2025-05-28', 'https://picsum.photos/seed/playlist251/200/200');
INSERT INTO PLAYLISTS (playlist_id, user_id, title, description, date_created, image) VALUES (252, 19, 'Playlist 252', 'Description 252', '2025-05-28', 'https://picsum.photos/seed/playlist252/200/200');
INSERT INTO PLAYLISTS (playlist_id, user_id, title, description, date_created, image) VALUES (253, 28, 'Playlist 253', 'Description 253', '2025-05-28', 'https://picsum.photos/seed/playlist253/200/200');
INSERT INTO PLAYLISTS (playlist_id, user_id, title, description, date_created, image) VALUES (254, 98, 'Playlist 254', 'Description 254', '2025-05-28', 'https://picsum.photos/seed/playlist254/200/200');
INSERT INTO PLAYLISTS (playlist_id, user_id, title, description, date_created, image) VALUES (255, 47, 'Playlist 255', 'Description 255', '2025-05-28', 'https://picsum.photos/seed/playlist255/200/200');
INSERT INTO PLAYLISTS (playlist_id, user_id, title, description, date_created, image) VALUES (256, 85, 'Playlist 256', 'Description 256', '2025-05-28', 'https://picsum.photos/seed/playlist256/200/200');
INSERT INTO PLAYLISTS (playlist_id, user_id, title, description, date_created, image) VALUES (257, 76, 'Playlist 257', 'Description 257', '2025-05-28', 'https://picsum.photos/seed/playlist257/200/200');
INSERT INTO PLAYLISTS (playlist_id, user_id, title, description, date_created, image) VALUES (258, 23, 'Playlist 258', 'Description 258', '2025-05-28', 'https://picsum.photos/seed/playlist258/200/200');
INSERT INTO PLAYLISTS (playlist_id, user_id, title, description, date_created, image) VALUES (259, 60, 'Playlist 259', 'Description 259', '2025-05-28', 'https://picsum.photos/seed/playlist259/200/200');
INSERT INTO PLAYLISTS (playlist_id, user_id, title, description, date_created, image) VALUES (260, 58, 'Playlist 260', 'Description 260', '2025-05-28', 'https://picsum.photos/seed/playlist260/200/200');
INSERT INTO PLAYLISTS (playlist_id, user_id, title, description, date_created, image) VALUES (261, 48, 'Playlist 261', 'Description 261', '2025-05-28', 'https://picsum.photos/seed/playlist261/200/200');
INSERT INTO PLAYLISTS (playlist_id, user_id, title, description, date_created, image) VALUES (262, 8, 'Playlist 262', 'Description 262', '2025-05-28', 'https://picsum.photos/seed/playlist262/200/200');
INSERT INTO PLAYLISTS (playlist_id, user_id, title, description, date_created, image) VALUES (263, 50, 'Playlist 263', 'Description 263', '2025-05-28', 'https://picsum.photos/seed/playlist263/200/200');
INSERT INTO PLAYLISTS (playlist_id, user_id, title, description, date_created, image) VALUES (264, 77, 'Playlist 264', 'Description 264', '2025-05-28', 'https://picsum.photos/seed/playlist264/200/200');
INSERT INTO PLAYLISTS (playlist_id, user_id, title, description, date_created, image) VALUES (265, 7, 'Playlist 265', 'Description 265', '2025-05-28', 'https://picsum.photos/seed/playlist265/200/200');
INSERT INTO PLAYLISTS (playlist_id, user_id, title, description, date_created, image) VALUES (266, 89, 'Playlist 266', 'Description 266', '2025-05-28', 'https://picsum.photos/seed/playlist266/200/200');
INSERT INTO PLAYLISTS (playlist_id, user_id, title, description, date_created, image) VALUES (267, 47, 'Playlist 267', 'Description 267', '2025-05-28', 'https://picsum.photos/seed/playlist267/200/200');
INSERT INTO PLAYLISTS (playlist_id, user_id, title, description, date_created, image) VALUES (268, 98, 'Playlist 268', 'Description 268', '2025-05-28', 'https://picsum.photos/seed/playlist268/200/200');
INSERT INTO PLAYLISTS (playlist_id, user_id, title, description, date_created, image) VALUES (269, 12, 'Playlist 269', 'Description 269', '2025-05-28', 'https://picsum.photos/seed/playlist269/200/200');
INSERT INTO PLAYLISTS (playlist_id, user_id, title, description, date_created, image) VALUES (270, 78, 'Playlist 270', 'Description 270', '2025-05-28', 'https://picsum.photos/seed/playlist270/200/200');
INSERT INTO PLAYLISTS (playlist_id, user_id, title, description, date_created, image) VALUES (271, 97, 'Playlist 271', 'Description 271', '2025-05-28', 'https://picsum.photos/seed/playlist271/200/200');
INSERT INTO PLAYLISTS (playlist_id, user_id, title, description, date_created, image) VALUES (272, 89, 'Playlist 272', 'Description 272', '2025-05-28', 'https://picsum.photos/seed/playlist272/200/200');
INSERT INTO PLAYLISTS (playlist_id, user_id, title, description, date_created, image) VALUES (273, 9, 'Playlist 273', 'Description 273', '2025-05-28', 'https://picsum.photos/seed/playlist273/200/200');
INSERT INTO PLAYLISTS (playlist_id, user_id, title, description, date_created, image) VALUES (274, 77, 'Playlist 274', 'Description 274', '2025-05-28', 'https://picsum.photos/seed/playlist274/200/200');
INSERT INTO PLAYLISTS (playlist_id, user_id, title, description, date_created, image) VALUES (275, 43, 'Playlist 275', 'Description 275', '2025-05-28', 'https://picsum.photos/seed/playlist275/200/200');
INSERT INTO PLAYLISTS (playlist_id, user_id, title, description, date_created, image) VALUES (276, 51, 'Playlist 276', 'Description 276', '2025-05-28', 'https://picsum.photos/seed/playlist276/200/200');
INSERT INTO PLAYLISTS (playlist_id, user_id, title, description, date_created, image) VALUES (277, 83, 'Playlist 277', 'Description 277', '2025-05-28', 'https://picsum.photos/seed/playlist277/200/200');
INSERT INTO PLAYLISTS (playlist_id, user_id, title, description, date_created, image) VALUES (278, 100, 'Playlist 278', 'Description 278', '2025-05-28', 'https://picsum.photos/seed/playlist278/200/200');
INSERT INTO PLAYLISTS (playlist_id, user_id, title, description, date_created, image) VALUES (279, 27, 'Playlist 279', 'Description 279', '2025-05-28', 'https://picsum.photos/seed/playlist279/200/200');
INSERT INTO PLAYLISTS (playlist_id, user_id, title, description, date_created, image) VALUES (280, 58, 'Playlist 280', 'Description 280', '2025-05-28', 'https://picsum.photos/seed/playlist280/200/200');
INSERT INTO PLAYLISTS (playlist_id, user_id, title, description, date_created, image) VALUES (281, 72, 'Playlist 281', 'Description 281', '2025-05-28', 'https://picsum.photos/seed/playlist281/200/200');
INSERT INTO PLAYLISTS (playlist_id, user_id, title, description, date_created, image) VALUES (282, 8, 'Playlist 282', 'Description 282', '2025-05-28', 'https://picsum.photos/seed/playlist282/200/200');
INSERT INTO PLAYLISTS (playlist_id, user_id, title, description, date_created, image) VALUES (283, 22, 'Playlist 283', 'Description 283', '2025-05-28', 'https://picsum.photos/seed/playlist283/200/200');
INSERT INTO PLAYLISTS (playlist_id, user_id, title, description, date_created, image) VALUES (284, 66, 'Playlist 284', 'Description 284', '2025-05-28', 'https://picsum.photos/seed/playlist284/200/200');
INSERT INTO PLAYLISTS (playlist_id, user_id, title, description, date_created, image) VALUES (285, 65, 'Playlist 285', 'Description 285', '2025-05-28', 'https://picsum.photos/seed/playlist285/200/200');
INSERT INTO PLAYLISTS (playlist_id, user_id, title, description, date_created, image) VALUES (286, 21, 'Playlist 286', 'Description 286', '2025-05-28', 'https://picsum.photos/seed/playlist286/200/200');
INSERT INTO PLAYLISTS (playlist_id, user_id, title, description, date_created, image) VALUES (287, 88, 'Playlist 287', 'Description 287', '2025-05-28', 'https://picsum.photos/seed/playlist287/200/200');
INSERT INTO PLAYLISTS (playlist_id, user_id, title, description, date_created, image) VALUES (288, 55, 'Playlist 288', 'Description 288', '2025-05-28', 'https://picsum.photos/seed/playlist288/200/200');
INSERT INTO PLAYLISTS (playlist_id, user_id, title, description, date_created, image) VALUES (289, 19, 'Playlist 289', 'Description 289', '2025-05-28', 'https://picsum.photos/seed/playlist289/200/200');
INSERT INTO PLAYLISTS (playlist_id, user_id, title, description, date_created, image) VALUES (290, 10, 'Playlist 290', 'Description 290', '2025-05-28', 'https://picsum.photos/seed/playlist290/200/200');
INSERT INTO PLAYLISTS (playlist_id, user_id, title, description, date_created, image) VALUES (291, 27, 'Playlist 291', 'Description 291', '2025-05-28', 'https://picsum.photos/seed/playlist291/200/200');
INSERT INTO PLAYLISTS (playlist_id, user_id, title, description, date_created, image) VALUES (292, 58, 'Playlist 292', 'Description 292', '2025-05-28', 'https://picsum.photos/seed/playlist292/200/200');
INSERT INTO PLAYLISTS (playlist_id, user_id, title, description, date_created, image) VALUES (293, 66, 'Playlist 293', 'Description 293', '2025-05-28', 'https://picsum.photos/seed/playlist293/200/200');
INSERT INTO PLAYLISTS (playlist_id, user_id, title, description, date_created, image) VALUES (294, 66, 'Playlist 294', 'Description 294', '2025-05-28', 'https://picsum.photos/seed/playlist294/200/200');
INSERT INTO PLAYLISTS (playlist_id, user_id, title, description, date_created, image) VALUES (295, 2, 'Playlist 295', 'Description 295', '2025-05-28', 'https://picsum.photos/seed/playlist295/200/200');
INSERT INTO PLAYLISTS (playlist_id, user_id, title, description, date_created, image) VALUES (296, 94, 'Playlist 296', 'Description 296', '2025-05-28', 'https://picsum.photos/seed/playlist296/200/200');
INSERT INTO PLAYLISTS (playlist_id, user_id, title, description, date_created, image) VALUES (297, 62, 'Playlist 297', 'Description 297', '2025-05-28', 'https://picsum.photos/seed/playlist297/200/200');
INSERT INTO PLAYLISTS (playlist_id, user_id, title, description, date_created, image) VALUES (298, 90, 'Playlist 298', 'Description 298', '2025-05-28', 'https://picsum.photos/seed/playlist298/200/200');
INSERT INTO PLAYLISTS (playlist_id, user_id, title, description, date_created, image) VALUES (299, 41, 'Playlist 299', 'Description 299', '2025-05-28', 'https://picsum.photos/seed/playlist299/200/200');
INSERT INTO PLAYLISTS (playlist_id, user_id, title, description, date_created, image) VALUES (300, 36, 'Playlist 300', 'Description 300', '2025-05-28', 'https://picsum.photos/seed/playlist300/200/200');
INSERT INTO PLAYLISTS (playlist_id, user_id, title, description, date_created, image) VALUES (301, 26, 'Playlist 301', 'Description 301', '2025-05-28', 'https://picsum.photos/seed/playlist301/200/200');
INSERT INTO PLAYLISTS (playlist_id, user_id, title, description, date_created, image) VALUES (302, 1, 'Playlist 302', 'Description 302', '2025-05-28', 'https://picsum.photos/seed/playlist302/200/200');
INSERT INTO PLAYLISTS (playlist_id, user_id, title, description, date_created, image) VALUES (303, 94, 'Playlist 303', 'Description 303', '2025-05-28', 'https://picsum.photos/seed/playlist303/200/200');
INSERT INTO PLAYLISTS (playlist_id, user_id, title, description, date_created, image) VALUES (304, 99, 'Playlist 304', 'Description 304', '2025-05-28', 'https://picsum.photos/seed/playlist304/200/200');
INSERT INTO PLAYLISTS (playlist_id, user_id, title, description, date_created, image) VALUES (305, 82, 'Playlist 305', 'Description 305', '2025-05-28', 'https://picsum.photos/seed/playlist305/200/200');
INSERT INTO PLAYLISTS (playlist_id, user_id, title, description, date_created, image) VALUES (306, 32, 'Playlist 306', 'Description 306', '2025-05-28', 'https://picsum.photos/seed/playlist306/200/200');
INSERT INTO PLAYLISTS (playlist_id, user_id, title, description, date_created, image) VALUES (307, 30, 'Playlist 307', 'Description 307', '2025-05-28', 'https://picsum.photos/seed/playlist307/200/200');
INSERT INTO PLAYLISTS (playlist_id, user_id, title, description, date_created, image) VALUES (308, 92, 'Playlist 308', 'Description 308', '2025-05-28', 'https://picsum.photos/seed/playlist308/200/200');
INSERT INTO PLAYLISTS (playlist_id, user_id, title, description, date_created, image) VALUES (309, 70, 'Playlist 309', 'Description 309', '2025-05-28', 'https://picsum.photos/seed/playlist309/200/200');
INSERT INTO PLAYLISTS (playlist_id, user_id, title, description, date_created, image) VALUES (310, 31, 'Playlist 310', 'Description 310', '2025-05-28', 'https://picsum.photos/seed/playlist310/200/200');
INSERT INTO PLAYLISTS (playlist_id, user_id, title, description, date_created, image) VALUES (311, 77, 'Playlist 311', 'Description 311', '2025-05-28', 'https://picsum.photos/seed/playlist311/200/200');
INSERT INTO PLAYLISTS (playlist_id, user_id, title, description, date_created, image) VALUES (312, 11, 'Playlist 312', 'Description 312', '2025-05-28', 'https://picsum.photos/seed/playlist312/200/200');
INSERT INTO PLAYLISTS (playlist_id, user_id, title, description, date_created, image) VALUES (313, 95, 'Playlist 313', 'Description 313', '2025-05-28', 'https://picsum.photos/seed/playlist313/200/200');
INSERT INTO PLAYLISTS (playlist_id, user_id, title, description, date_created, image) VALUES (314, 34, 'Playlist 314', 'Description 314', '2025-05-28', 'https://picsum.photos/seed/playlist314/200/200');
INSERT INTO PLAYLISTS (playlist_id, user_id, title, description, date_created, image) VALUES (315, 5, 'Playlist 315', 'Description 315', '2025-05-28', 'https://picsum.photos/seed/playlist315/200/200');
INSERT INTO PLAYLISTS (playlist_id, user_id, title, description, date_created, image) VALUES (316, 85, 'Playlist 316', 'Description 316', '2025-05-28', 'https://picsum.photos/seed/playlist316/200/200');
INSERT INTO PLAYLISTS (playlist_id, user_id, title, description, date_created, image) VALUES (317, 86, 'Playlist 317', 'Description 317', '2025-05-28', 'https://picsum.photos/seed/playlist317/200/200');
INSERT INTO PLAYLISTS (playlist_id, user_id, title, description, date_created, image) VALUES (318, 23, 'Playlist 318', 'Description 318', '2025-05-28', 'https://picsum.photos/seed/playlist318/200/200');
INSERT INTO PLAYLISTS (playlist_id, user_id, title, description, date_created, image) VALUES (319, 48, 'Playlist 319', 'Description 319', '2025-05-28', 'https://picsum.photos/seed/playlist319/200/200');
INSERT INTO PLAYLISTS (playlist_id, user_id, title, description, date_created, image) VALUES (320, 98, 'Playlist 320', 'Description 320', '2025-05-28', 'https://picsum.photos/seed/playlist320/200/200');
INSERT INTO PLAYLISTS (playlist_id, user_id, title, description, date_created, image) VALUES (321, 41, 'Playlist 321', 'Description 321', '2025-05-28', 'https://picsum.photos/seed/playlist321/200/200');
INSERT INTO PLAYLISTS (playlist_id, user_id, title, description, date_created, image) VALUES (322, 54, 'Playlist 322', 'Description 322', '2025-05-28', 'https://picsum.photos/seed/playlist322/200/200');
INSERT INTO PLAYLISTS (playlist_id, user_id, title, description, date_created, image) VALUES (323, 28, 'Playlist 323', 'Description 323', '2025-05-28', 'https://picsum.photos/seed/playlist323/200/200');
INSERT INTO PLAYLISTS (playlist_id, user_id, title, description, date_created, image) VALUES (324, 3, 'Playlist 324', 'Description 324', '2025-05-28', 'https://picsum.photos/seed/playlist324/200/200');
INSERT INTO PLAYLISTS (playlist_id, user_id, title, description, date_created, image) VALUES (325, 98, 'Playlist 325', 'Description 325', '2025-05-28', 'https://picsum.photos/seed/playlist325/200/200');
INSERT INTO PLAYLISTS (playlist_id, user_id, title, description, date_created, image) VALUES (326, 73, 'Playlist 326', 'Description 326', '2025-05-28', 'https://picsum.photos/seed/playlist326/200/200');
INSERT INTO PLAYLISTS (playlist_id, user_id, title, description, date_created, image) VALUES (327, 96, 'Playlist 327', 'Description 327', '2025-05-28', 'https://picsum.photos/seed/playlist327/200/200');
INSERT INTO PLAYLISTS (playlist_id, user_id, title, description, date_created, image) VALUES (328, 58, 'Playlist 328', 'Description 328', '2025-05-28', 'https://picsum.photos/seed/playlist328/200/200');
INSERT INTO PLAYLISTS (playlist_id, user_id, title, description, date_created, image) VALUES (329, 62, 'Playlist 329', 'Description 329', '2025-05-28', 'https://picsum.photos/seed/playlist329/200/200');
INSERT INTO PLAYLISTS (playlist_id, user_id, title, description, date_created, image) VALUES (330, 44, 'Playlist 330', 'Description 330', '2025-05-28', 'https://picsum.photos/seed/playlist330/200/200');
INSERT INTO PLAYLISTS (playlist_id, user_id, title, description, date_created, image) VALUES (331, 79, 'Playlist 331', 'Description 331', '2025-05-28', 'https://picsum.photos/seed/playlist331/200/200');
INSERT INTO PLAYLISTS (playlist_id, user_id, title, description, date_created, image) VALUES (332, 85, 'Playlist 332', 'Description 332', '2025-05-28', 'https://picsum.photos/seed/playlist332/200/200');
INSERT INTO PLAYLISTS (playlist_id, user_id, title, description, date_created, image) VALUES (333, 84, 'Playlist 333', 'Description 333', '2025-05-28', 'https://picsum.photos/seed/playlist333/200/200');
INSERT INTO PLAYLISTS (playlist_id, user_id, title, description, date_created, image) VALUES (334, 37, 'Playlist 334', 'Description 334', '2025-05-28', 'https://picsum.photos/seed/playlist334/200/200');
INSERT INTO PLAYLISTS (playlist_id, user_id, title, description, date_created, image) VALUES (335, 54, 'Playlist 335', 'Description 335', '2025-05-28', 'https://picsum.photos/seed/playlist335/200/200');
INSERT INTO PLAYLISTS (playlist_id, user_id, title, description, date_created, image) VALUES (336, 80, 'Playlist 336', 'Description 336', '2025-05-28', 'https://picsum.photos/seed/playlist336/200/200');
INSERT INTO PLAYLISTS (playlist_id, user_id, title, description, date_created, image) VALUES (337, 34, 'Playlist 337', 'Description 337', '2025-05-28', 'https://picsum.photos/seed/playlist337/200/200');
INSERT INTO PLAYLISTS (playlist_id, user_id, title, description, date_created, image) VALUES (338, 11, 'Playlist 338', 'Description 338', '2025-05-28', 'https://picsum.photos/seed/playlist338/200/200');
INSERT INTO PLAYLISTS (playlist_id, user_id, title, description, date_created, image) VALUES (339, 51, 'Playlist 339', 'Description 339', '2025-05-28', 'https://picsum.photos/seed/playlist339/200/200');
INSERT INTO PLAYLISTS (playlist_id, user_id, title, description, date_created, image) VALUES (340, 96, 'Playlist 340', 'Description 340', '2025-05-28', 'https://picsum.photos/seed/playlist340/200/200');
INSERT INTO PLAYLISTS (playlist_id, user_id, title, description, date_created, image) VALUES (341, 77, 'Playlist 341', 'Description 341', '2025-05-28', 'https://picsum.photos/seed/playlist341/200/200');
INSERT INTO PLAYLISTS (playlist_id, user_id, title, description, date_created, image) VALUES (342, 55, 'Playlist 342', 'Description 342', '2025-05-28', 'https://picsum.photos/seed/playlist342/200/200');
INSERT INTO PLAYLISTS (playlist_id, user_id, title, description, date_created, image) VALUES (343, 31, 'Playlist 343', 'Description 343', '2025-05-28', 'https://picsum.photos/seed/playlist343/200/200');
INSERT INTO PLAYLISTS (playlist_id, user_id, title, description, date_created, image) VALUES (344, 21, 'Playlist 344', 'Description 344', '2025-05-28', 'https://picsum.photos/seed/playlist344/200/200');
INSERT INTO PLAYLISTS (playlist_id, user_id, title, description, date_created, image) VALUES (345, 68, 'Playlist 345', 'Description 345', '2025-05-28', 'https://picsum.photos/seed/playlist345/200/200');
INSERT INTO PLAYLISTS (playlist_id, user_id, title, description, date_created, image) VALUES (346, 6, 'Playlist 346', 'Description 346', '2025-05-28', 'https://picsum.photos/seed/playlist346/200/200');
INSERT INTO PLAYLISTS (playlist_id, user_id, title, description, date_created, image) VALUES (347, 21, 'Playlist 347', 'Description 347', '2025-05-28', 'https://picsum.photos/seed/playlist347/200/200');
INSERT INTO PLAYLISTS (playlist_id, user_id, title, description, date_created, image) VALUES (348, 94, 'Playlist 348', 'Description 348', '2025-05-28', 'https://picsum.photos/seed/playlist348/200/200');
INSERT INTO PLAYLISTS (playlist_id, user_id, title, description, date_created, image) VALUES (349, 32, 'Playlist 349', 'Description 349', '2025-05-28', 'https://picsum.photos/seed/playlist349/200/200');
INSERT INTO PLAYLISTS (playlist_id, user_id, title, description, date_created, image) VALUES (350, 94, 'Playlist 350', 'Description 350', '2025-05-28', 'https://picsum.photos/seed/playlist350/200/200');
INSERT INTO PLAYLISTS (playlist_id, user_id, title, description, date_created, image) VALUES (351, 23, 'Playlist 351', 'Description 351', '2025-05-28', 'https://picsum.photos/seed/playlist351/200/200');
INSERT INTO PLAYLISTS (playlist_id, user_id, title, description, date_created, image) VALUES (352, 41, 'Playlist 352', 'Description 352', '2025-05-28', 'https://picsum.photos/seed/playlist352/200/200');
INSERT INTO PLAYLISTS (playlist_id, user_id, title, description, date_created, image) VALUES (353, 85, 'Playlist 353', 'Description 353', '2025-05-28', 'https://picsum.photos/seed/playlist353/200/200');
INSERT INTO PLAYLISTS (playlist_id, user_id, title, description, date_created, image) VALUES (354, 15, 'Playlist 354', 'Description 354', '2025-05-28', 'https://picsum.photos/seed/playlist354/200/200');
INSERT INTO PLAYLISTS (playlist_id, user_id, title, description, date_created, image) VALUES (355, 44, 'Playlist 355', 'Description 355', '2025-05-28', 'https://picsum.photos/seed/playlist355/200/200');
INSERT INTO PLAYLISTS (playlist_id, user_id, title, description, date_created, image) VALUES (356, 69, 'Playlist 356', 'Description 356', '2025-05-28', 'https://picsum.photos/seed/playlist356/200/200');
INSERT INTO PLAYLISTS (playlist_id, user_id, title, description, date_created, image) VALUES (357, 60, 'Playlist 357', 'Description 357', '2025-05-28', 'https://picsum.photos/seed/playlist357/200/200');
INSERT INTO PLAYLISTS (playlist_id, user_id, title, description, date_created, image) VALUES (358, 16, 'Playlist 358', 'Description 358', '2025-05-28', 'https://picsum.photos/seed/playlist358/200/200');
INSERT INTO PLAYLISTS (playlist_id, user_id, title, description, date_created, image) VALUES (359, 65, 'Playlist 359', 'Description 359', '2025-05-28', 'https://picsum.photos/seed/playlist359/200/200');
INSERT INTO PLAYLISTS (playlist_id, user_id, title, description, date_created, image) VALUES (360, 66, 'Playlist 360', 'Description 360', '2025-05-28', 'https://picsum.photos/seed/playlist360/200/200');
INSERT INTO PLAYLISTS (playlist_id, user_id, title, description, date_created, image) VALUES (361, 90, 'Playlist 361', 'Description 361', '2025-05-28', 'https://picsum.photos/seed/playlist361/200/200');
INSERT INTO PLAYLISTS (playlist_id, user_id, title, description, date_created, image) VALUES (362, 73, 'Playlist 362', 'Description 362', '2025-05-28', 'https://picsum.photos/seed/playlist362/200/200');
INSERT INTO PLAYLISTS (playlist_id, user_id, title, description, date_created, image) VALUES (363, 68, 'Playlist 363', 'Description 363', '2025-05-28', 'https://picsum.photos/seed/playlist363/200/200');
INSERT INTO PLAYLISTS (playlist_id, user_id, title, description, date_created, image) VALUES (364, 74, 'Playlist 364', 'Description 364', '2025-05-28', 'https://picsum.photos/seed/playlist364/200/200');
INSERT INTO PLAYLISTS (playlist_id, user_id, title, description, date_created, image) VALUES (365, 17, 'Playlist 365', 'Description 365', '2025-05-28', 'https://picsum.photos/seed/playlist365/200/200');
INSERT INTO PLAYLISTS (playlist_id, user_id, title, description, date_created, image) VALUES (366, 85, 'Playlist 366', 'Description 366', '2025-05-28', 'https://picsum.photos/seed/playlist366/200/200');
INSERT INTO PLAYLISTS (playlist_id, user_id, title, description, date_created, image) VALUES (367, 41, 'Playlist 367', 'Description 367', '2025-05-28', 'https://picsum.photos/seed/playlist367/200/200');
INSERT INTO PLAYLISTS (playlist_id, user_id, title, description, date_created, image) VALUES (368, 4, 'Playlist 368', 'Description 368', '2025-05-28', 'https://picsum.photos/seed/playlist368/200/200');
INSERT INTO PLAYLISTS (playlist_id, user_id, title, description, date_created, image) VALUES (369, 87, 'Playlist 369', 'Description 369', '2025-05-28', 'https://picsum.photos/seed/playlist369/200/200');
INSERT INTO PLAYLISTS (playlist_id, user_id, title, description, date_created, image) VALUES (370, 25, 'Playlist 370', 'Description 370', '2025-05-28', 'https://picsum.photos/seed/playlist370/200/200');
INSERT INTO PLAYLISTS (playlist_id, user_id, title, description, date_created, image) VALUES (371, 80, 'Playlist 371', 'Description 371', '2025-05-28', 'https://picsum.photos/seed/playlist371/200/200');
INSERT INTO PLAYLISTS (playlist_id, user_id, title, description, date_created, image) VALUES (372, 20, 'Playlist 372', 'Description 372', '2025-05-28', 'https://picsum.photos/seed/playlist372/200/200');
INSERT INTO PLAYLISTS (playlist_id, user_id, title, description, date_created, image) VALUES (373, 38, 'Playlist 373', 'Description 373', '2025-05-28', 'https://picsum.photos/seed/playlist373/200/200');
INSERT INTO PLAYLISTS (playlist_id, user_id, title, description, date_created, image) VALUES (374, 99, 'Playlist 374', 'Description 374', '2025-05-28', 'https://picsum.photos/seed/playlist374/200/200');
INSERT INTO PLAYLISTS (playlist_id, user_id, title, description, date_created, image) VALUES (375, 45, 'Playlist 375', 'Description 375', '2025-05-28', 'https://picsum.photos/seed/playlist375/200/200');
INSERT INTO PLAYLISTS (playlist_id, user_id, title, description, date_created, image) VALUES (376, 79, 'Playlist 376', 'Description 376', '2025-05-28', 'https://picsum.photos/seed/playlist376/200/200');
INSERT INTO PLAYLISTS (playlist_id, user_id, title, description, date_created, image) VALUES (377, 84, 'Playlist 377', 'Description 377', '2025-05-28', 'https://picsum.photos/seed/playlist377/200/200');
INSERT INTO PLAYLISTS (playlist_id, user_id, title, description, date_created, image) VALUES (378, 18, 'Playlist 378', 'Description 378', '2025-05-28', 'https://picsum.photos/seed/playlist378/200/200');
INSERT INTO PLAYLISTS (playlist_id, user_id, title, description, date_created, image) VALUES (379, 77, 'Playlist 379', 'Description 379', '2025-05-28', 'https://picsum.photos/seed/playlist379/200/200');
INSERT INTO PLAYLISTS (playlist_id, user_id, title, description, date_created, image) VALUES (380, 95, 'Playlist 380', 'Description 380', '2025-05-28', 'https://picsum.photos/seed/playlist380/200/200');
INSERT INTO PLAYLISTS (playlist_id, user_id, title, description, date_created, image) VALUES (381, 1, 'Playlist 381', 'Description 381', '2025-05-28', 'https://picsum.photos/seed/playlist381/200/200');
INSERT INTO PLAYLISTS (playlist_id, user_id, title, description, date_created, image) VALUES (382, 46, 'Playlist 382', 'Description 382', '2025-05-28', 'https://picsum.photos/seed/playlist382/200/200');
INSERT INTO PLAYLISTS (playlist_id, user_id, title, description, date_created, image) VALUES (383, 71, 'Playlist 383', 'Description 383', '2025-05-28', 'https://picsum.photos/seed/playlist383/200/200');
INSERT INTO PLAYLISTS (playlist_id, user_id, title, description, date_created, image) VALUES (384, 18, 'Playlist 384', 'Description 384', '2025-05-28', 'https://picsum.photos/seed/playlist384/200/200');
INSERT INTO PLAYLISTS (playlist_id, user_id, title, description, date_created, image) VALUES (385, 21, 'Playlist 385', 'Description 385', '2025-05-28', 'https://picsum.photos/seed/playlist385/200/200');
INSERT INTO PLAYLISTS (playlist_id, user_id, title, description, date_created, image) VALUES (386, 21, 'Playlist 386', 'Description 386', '2025-05-28', 'https://picsum.photos/seed/playlist386/200/200');
INSERT INTO PLAYLISTS (playlist_id, user_id, title, description, date_created, image) VALUES (387, 41, 'Playlist 387', 'Description 387', '2025-05-28', 'https://picsum.photos/seed/playlist387/200/200');
INSERT INTO PLAYLISTS (playlist_id, user_id, title, description, date_created, image) VALUES (388, 73, 'Playlist 388', 'Description 388', '2025-05-28', 'https://picsum.photos/seed/playlist388/200/200');
INSERT INTO PLAYLISTS (playlist_id, user_id, title, description, date_created, image) VALUES (389, 7, 'Playlist 389', 'Description 389', '2025-05-28', 'https://picsum.photos/seed/playlist389/200/200');
INSERT INTO PLAYLISTS (playlist_id, user_id, title, description, date_created, image) VALUES (390, 16, 'Playlist 390', 'Description 390', '2025-05-28', 'https://picsum.photos/seed/playlist390/200/200');
INSERT INTO PLAYLISTS (playlist_id, user_id, title, description, date_created, image) VALUES (391, 52, 'Playlist 391', 'Description 391', '2025-05-28', 'https://picsum.photos/seed/playlist391/200/200');
INSERT INTO PLAYLISTS (playlist_id, user_id, title, description, date_created, image) VALUES (392, 56, 'Playlist 392', 'Description 392', '2025-05-28', 'https://picsum.photos/seed/playlist392/200/200');
INSERT INTO PLAYLISTS (playlist_id, user_id, title, description, date_created, image) VALUES (393, 57, 'Playlist 393', 'Description 393', '2025-05-28', 'https://picsum.photos/seed/playlist393/200/200');
INSERT INTO PLAYLISTS (playlist_id, user_id, title, description, date_created, image) VALUES (394, 26, 'Playlist 394', 'Description 394', '2025-05-28', 'https://picsum.photos/seed/playlist394/200/200');
INSERT INTO PLAYLISTS (playlist_id, user_id, title, description, date_created, image) VALUES (395, 72, 'Playlist 395', 'Description 395', '2025-05-28', 'https://picsum.photos/seed/playlist395/200/200');
INSERT INTO PLAYLISTS (playlist_id, user_id, title, description, date_created, image) VALUES (396, 97, 'Playlist 396', 'Description 396', '2025-05-28', 'https://picsum.photos/seed/playlist396/200/200');
INSERT INTO PLAYLISTS (playlist_id, user_id, title, description, date_created, image) VALUES (397, 48, 'Playlist 397', 'Description 397', '2025-05-28', 'https://picsum.photos/seed/playlist397/200/200');
INSERT INTO PLAYLISTS (playlist_id, user_id, title, description, date_created, image) VALUES (398, 26, 'Playlist 398', 'Description 398', '2025-05-28', 'https://picsum.photos/seed/playlist398/200/200');
INSERT INTO PLAYLISTS (playlist_id, user_id, title, description, date_created, image) VALUES (399, 54, 'Playlist 399', 'Description 399', '2025-05-28', 'https://picsum.photos/seed/playlist399/200/200');
INSERT INTO PLAYLISTS (playlist_id, user_id, title, description, date_created, image) VALUES (400, 97, 'Playlist 400', 'Description 400', '2025-05-28', 'https://picsum.photos/seed/playlist400/200/200');
INSERT INTO PLAYLISTS (playlist_id, user_id, title, description, date_created, image) VALUES (401, 65, 'Playlist 401', 'Description 401', '2025-05-28', 'https://picsum.photos/seed/playlist401/200/200');
INSERT INTO PLAYLISTS (playlist_id, user_id, title, description, date_created, image) VALUES (402, 79, 'Playlist 402', 'Description 402', '2025-05-28', 'https://picsum.photos/seed/playlist402/200/200');
INSERT INTO PLAYLISTS (playlist_id, user_id, title, description, date_created, image) VALUES (403, 17, 'Playlist 403', 'Description 403', '2025-05-28', 'https://picsum.photos/seed/playlist403/200/200');
INSERT INTO PLAYLISTS (playlist_id, user_id, title, description, date_created, image) VALUES (404, 67, 'Playlist 404', 'Description 404', '2025-05-28', 'https://picsum.photos/seed/playlist404/200/200');
INSERT INTO PLAYLISTS (playlist_id, user_id, title, description, date_created, image) VALUES (405, 49, 'Playlist 405', 'Description 405', '2025-05-28', 'https://picsum.photos/seed/playlist405/200/200');
INSERT INTO PLAYLISTS (playlist_id, user_id, title, description, date_created, image) VALUES (406, 73, 'Playlist 406', 'Description 406', '2025-05-28', 'https://picsum.photos/seed/playlist406/200/200');
INSERT INTO PLAYLISTS (playlist_id, user_id, title, description, date_created, image) VALUES (407, 28, 'Playlist 407', 'Description 407', '2025-05-28', 'https://picsum.photos/seed/playlist407/200/200');
INSERT INTO PLAYLISTS (playlist_id, user_id, title, description, date_created, image) VALUES (408, 7, 'Playlist 408', 'Description 408', '2025-05-28', 'https://picsum.photos/seed/playlist408/200/200');
INSERT INTO PLAYLISTS (playlist_id, user_id, title, description, date_created, image) VALUES (409, 58, 'Playlist 409', 'Description 409', '2025-05-28', 'https://picsum.photos/seed/playlist409/200/200');
INSERT INTO PLAYLISTS (playlist_id, user_id, title, description, date_created, image) VALUES (410, 26, 'Playlist 410', 'Description 410', '2025-05-28', 'https://picsum.photos/seed/playlist410/200/200');
INSERT INTO PLAYLISTS (playlist_id, user_id, title, description, date_created, image) VALUES (411, 83, 'Playlist 411', 'Description 411', '2025-05-28', 'https://picsum.photos/seed/playlist411/200/200');
INSERT INTO PLAYLISTS (playlist_id, user_id, title, description, date_created, image) VALUES (412, 69, 'Playlist 412', 'Description 412', '2025-05-28', 'https://picsum.photos/seed/playlist412/200/200');
INSERT INTO PLAYLISTS (playlist_id, user_id, title, description, date_created, image) VALUES (413, 55, 'Playlist 413', 'Description 413', '2025-05-28', 'https://picsum.photos/seed/playlist413/200/200');
INSERT INTO PLAYLISTS (playlist_id, user_id, title, description, date_created, image) VALUES (414, 56, 'Playlist 414', 'Description 414', '2025-05-28', 'https://picsum.photos/seed/playlist414/200/200');
INSERT INTO PLAYLISTS (playlist_id, user_id, title, description, date_created, image) VALUES (415, 73, 'Playlist 415', 'Description 415', '2025-05-28', 'https://picsum.photos/seed/playlist415/200/200');
INSERT INTO PLAYLISTS (playlist_id, user_id, title, description, date_created, image) VALUES (416, 52, 'Playlist 416', 'Description 416', '2025-05-28', 'https://picsum.photos/seed/playlist416/200/200');
INSERT INTO PLAYLISTS (playlist_id, user_id, title, description, date_created, image) VALUES (417, 52, 'Playlist 417', 'Description 417', '2025-05-28', 'https://picsum.photos/seed/playlist417/200/200');
INSERT INTO PLAYLISTS (playlist_id, user_id, title, description, date_created, image) VALUES (418, 73, 'Playlist 418', 'Description 418', '2025-05-28', 'https://picsum.photos/seed/playlist418/200/200');
INSERT INTO PLAYLISTS (playlist_id, user_id, title, description, date_created, image) VALUES (419, 47, 'Playlist 419', 'Description 419', '2025-05-28', 'https://picsum.photos/seed/playlist419/200/200');
INSERT INTO PLAYLISTS (playlist_id, user_id, title, description, date_created, image) VALUES (420, 36, 'Playlist 420', 'Description 420', '2025-05-28', 'https://picsum.photos/seed/playlist420/200/200');
INSERT INTO PLAYLISTS (playlist_id, user_id, title, description, date_created, image) VALUES (421, 51, 'Playlist 421', 'Description 421', '2025-05-28', 'https://picsum.photos/seed/playlist421/200/200');
INSERT INTO PLAYLISTS (playlist_id, user_id, title, description, date_created, image) VALUES (422, 24, 'Playlist 422', 'Description 422', '2025-05-28', 'https://picsum.photos/seed/playlist422/200/200');
INSERT INTO PLAYLISTS (playlist_id, user_id, title, description, date_created, image) VALUES (423, 29, 'Playlist 423', 'Description 423', '2025-05-28', 'https://picsum.photos/seed/playlist423/200/200');
INSERT INTO PLAYLISTS (playlist_id, user_id, title, description, date_created, image) VALUES (424, 57, 'Playlist 424', 'Description 424', '2025-05-28', 'https://picsum.photos/seed/playlist424/200/200');
INSERT INTO PLAYLISTS (playlist_id, user_id, title, description, date_created, image) VALUES (425, 29, 'Playlist 425', 'Description 425', '2025-05-28', 'https://picsum.photos/seed/playlist425/200/200');
INSERT INTO PLAYLISTS (playlist_id, user_id, title, description, date_created, image) VALUES (426, 80, 'Playlist 426', 'Description 426', '2025-05-28', 'https://picsum.photos/seed/playlist426/200/200');
INSERT INTO PLAYLISTS (playlist_id, user_id, title, description, date_created, image) VALUES (427, 26, 'Playlist 427', 'Description 427', '2025-05-28', 'https://picsum.photos/seed/playlist427/200/200');
INSERT INTO PLAYLISTS (playlist_id, user_id, title, description, date_created, image) VALUES (428, 49, 'Playlist 428', 'Description 428', '2025-05-28', 'https://picsum.photos/seed/playlist428/200/200');
INSERT INTO PLAYLISTS (playlist_id, user_id, title, description, date_created, image) VALUES (429, 88, 'Playlist 429', 'Description 429', '2025-05-28', 'https://picsum.photos/seed/playlist429/200/200');
INSERT INTO PLAYLISTS (playlist_id, user_id, title, description, date_created, image) VALUES (430, 68, 'Playlist 430', 'Description 430', '2025-05-28', 'https://picsum.photos/seed/playlist430/200/200');
INSERT INTO PLAYLISTS (playlist_id, user_id, title, description, date_created, image) VALUES (431, 91, 'Playlist 431', 'Description 431', '2025-05-28', 'https://picsum.photos/seed/playlist431/200/200');
INSERT INTO PLAYLISTS (playlist_id, user_id, title, description, date_created, image) VALUES (432, 18, 'Playlist 432', 'Description 432', '2025-05-28', 'https://picsum.photos/seed/playlist432/200/200');
INSERT INTO PLAYLISTS (playlist_id, user_id, title, description, date_created, image) VALUES (433, 48, 'Playlist 433', 'Description 433', '2025-05-28', 'https://picsum.photos/seed/playlist433/200/200');
INSERT INTO PLAYLISTS (playlist_id, user_id, title, description, date_created, image) VALUES (434, 41, 'Playlist 434', 'Description 434', '2025-05-28', 'https://picsum.photos/seed/playlist434/200/200');
INSERT INTO PLAYLISTS (playlist_id, user_id, title, description, date_created, image) VALUES (435, 96, 'Playlist 435', 'Description 435', '2025-05-28', 'https://picsum.photos/seed/playlist435/200/200');
INSERT INTO PLAYLISTS (playlist_id, user_id, title, description, date_created, image) VALUES (436, 85, 'Playlist 436', 'Description 436', '2025-05-28', 'https://picsum.photos/seed/playlist436/200/200');
INSERT INTO PLAYLISTS (playlist_id, user_id, title, description, date_created, image) VALUES (437, 73, 'Playlist 437', 'Description 437', '2025-05-28', 'https://picsum.photos/seed/playlist437/200/200');
INSERT INTO PLAYLISTS (playlist_id, user_id, title, description, date_created, image) VALUES (438, 40, 'Playlist 438', 'Description 438', '2025-05-28', 'https://picsum.photos/seed/playlist438/200/200');
INSERT INTO PLAYLISTS (playlist_id, user_id, title, description, date_created, image) VALUES (439, 15, 'Playlist 439', 'Description 439', '2025-05-28', 'https://picsum.photos/seed/playlist439/200/200');
INSERT INTO PLAYLISTS (playlist_id, user_id, title, description, date_created, image) VALUES (440, 48, 'Playlist 440', 'Description 440', '2025-05-28', 'https://picsum.photos/seed/playlist440/200/200');
INSERT INTO PLAYLISTS (playlist_id, user_id, title, description, date_created, image) VALUES (441, 78, 'Playlist 441', 'Description 441', '2025-05-28', 'https://picsum.photos/seed/playlist441/200/200');
INSERT INTO PLAYLISTS (playlist_id, user_id, title, description, date_created, image) VALUES (442, 86, 'Playlist 442', 'Description 442', '2025-05-28', 'https://picsum.photos/seed/playlist442/200/200');
INSERT INTO PLAYLISTS (playlist_id, user_id, title, description, date_created, image) VALUES (443, 56, 'Playlist 443', 'Description 443', '2025-05-28', 'https://picsum.photos/seed/playlist443/200/200');
INSERT INTO PLAYLISTS (playlist_id, user_id, title, description, date_created, image) VALUES (444, 68, 'Playlist 444', 'Description 444', '2025-05-28', 'https://picsum.photos/seed/playlist444/200/200');
INSERT INTO PLAYLISTS (playlist_id, user_id, title, description, date_created, image) VALUES (445, 96, 'Playlist 445', 'Description 445', '2025-05-28', 'https://picsum.photos/seed/playlist445/200/200');
INSERT INTO PLAYLISTS (playlist_id, user_id, title, description, date_created, image) VALUES (446, 66, 'Playlist 446', 'Description 446', '2025-05-28', 'https://picsum.photos/seed/playlist446/200/200');
INSERT INTO PLAYLISTS (playlist_id, user_id, title, description, date_created, image) VALUES (447, 90, 'Playlist 447', 'Description 447', '2025-05-28', 'https://picsum.photos/seed/playlist447/200/200');
INSERT INTO PLAYLISTS (playlist_id, user_id, title, description, date_created, image) VALUES (448, 69, 'Playlist 448', 'Description 448', '2025-05-28', 'https://picsum.photos/seed/playlist448/200/200');
INSERT INTO PLAYLISTS (playlist_id, user_id, title, description, date_created, image) VALUES (449, 75, 'Playlist 449', 'Description 449', '2025-05-28', 'https://picsum.photos/seed/playlist449/200/200');
INSERT INTO PLAYLISTS (playlist_id, user_id, title, description, date_created, image) VALUES (450, 6, 'Playlist 450', 'Description 450', '2025-05-28', 'https://picsum.photos/seed/playlist450/200/200');
INSERT INTO PLAYLISTS (playlist_id, user_id, title, description, date_created, image) VALUES (451, 1, 'Playlist 451', 'Description 451', '2025-05-28', 'https://picsum.photos/seed/playlist451/200/200');
INSERT INTO PLAYLISTS (playlist_id, user_id, title, description, date_created, image) VALUES (452, 40, 'Playlist 452', 'Description 452', '2025-05-28', 'https://picsum.photos/seed/playlist452/200/200');
INSERT INTO PLAYLISTS (playlist_id, user_id, title, description, date_created, image) VALUES (453, 30, 'Playlist 453', 'Description 453', '2025-05-28', 'https://picsum.photos/seed/playlist453/200/200');
INSERT INTO PLAYLISTS (playlist_id, user_id, title, description, date_created, image) VALUES (454, 80, 'Playlist 454', 'Description 454', '2025-05-28', 'https://picsum.photos/seed/playlist454/200/200');
INSERT INTO PLAYLISTS (playlist_id, user_id, title, description, date_created, image) VALUES (455, 23, 'Playlist 455', 'Description 455', '2025-05-28', 'https://picsum.photos/seed/playlist455/200/200');
INSERT INTO PLAYLISTS (playlist_id, user_id, title, description, date_created, image) VALUES (456, 64, 'Playlist 456', 'Description 456', '2025-05-28', 'https://picsum.photos/seed/playlist456/200/200');
INSERT INTO PLAYLISTS (playlist_id, user_id, title, description, date_created, image) VALUES (457, 9, 'Playlist 457', 'Description 457', '2025-05-28', 'https://picsum.photos/seed/playlist457/200/200');
INSERT INTO PLAYLISTS (playlist_id, user_id, title, description, date_created, image) VALUES (458, 73, 'Playlist 458', 'Description 458', '2025-05-28', 'https://picsum.photos/seed/playlist458/200/200');
INSERT INTO PLAYLISTS (playlist_id, user_id, title, description, date_created, image) VALUES (459, 26, 'Playlist 459', 'Description 459', '2025-05-28', 'https://picsum.photos/seed/playlist459/200/200');
INSERT INTO PLAYLISTS (playlist_id, user_id, title, description, date_created, image) VALUES (460, 100, 'Playlist 460', 'Description 460', '2025-05-28', 'https://picsum.photos/seed/playlist460/200/200');
INSERT INTO PLAYLISTS (playlist_id, user_id, title, description, date_created, image) VALUES (461, 1, 'Playlist 461', 'Description 461', '2025-05-28', 'https://picsum.photos/seed/playlist461/200/200');
INSERT INTO PLAYLISTS (playlist_id, user_id, title, description, date_created, image) VALUES (462, 68, 'Playlist 462', 'Description 462', '2025-05-28', 'https://picsum.photos/seed/playlist462/200/200');
INSERT INTO PLAYLISTS (playlist_id, user_id, title, description, date_created, image) VALUES (463, 73, 'Playlist 463', 'Description 463', '2025-05-28', 'https://picsum.photos/seed/playlist463/200/200');
INSERT INTO PLAYLISTS (playlist_id, user_id, title, description, date_created, image) VALUES (464, 80, 'Playlist 464', 'Description 464', '2025-05-28', 'https://picsum.photos/seed/playlist464/200/200');
INSERT INTO PLAYLISTS (playlist_id, user_id, title, description, date_created, image) VALUES (465, 27, 'Playlist 465', 'Description 465', '2025-05-28', 'https://picsum.photos/seed/playlist465/200/200');
INSERT INTO PLAYLISTS (playlist_id, user_id, title, description, date_created, image) VALUES (466, 31, 'Playlist 466', 'Description 466', '2025-05-28', 'https://picsum.photos/seed/playlist466/200/200');
INSERT INTO PLAYLISTS (playlist_id, user_id, title, description, date_created, image) VALUES (467, 26, 'Playlist 467', 'Description 467', '2025-05-28', 'https://picsum.photos/seed/playlist467/200/200');
INSERT INTO PLAYLISTS (playlist_id, user_id, title, description, date_created, image) VALUES (468, 53, 'Playlist 468', 'Description 468', '2025-05-28', 'https://picsum.photos/seed/playlist468/200/200');
INSERT INTO PLAYLISTS (playlist_id, user_id, title, description, date_created, image) VALUES (469, 43, 'Playlist 469', 'Description 469', '2025-05-28', 'https://picsum.photos/seed/playlist469/200/200');
INSERT INTO PLAYLISTS (playlist_id, user_id, title, description, date_created, image) VALUES (470, 70, 'Playlist 470', 'Description 470', '2025-05-28', 'https://picsum.photos/seed/playlist470/200/200');
INSERT INTO PLAYLISTS (playlist_id, user_id, title, description, date_created, image) VALUES (471, 20, 'Playlist 471', 'Description 471', '2025-05-28', 'https://picsum.photos/seed/playlist471/200/200');
INSERT INTO PLAYLISTS (playlist_id, user_id, title, description, date_created, image) VALUES (472, 42, 'Playlist 472', 'Description 472', '2025-05-28', 'https://picsum.photos/seed/playlist472/200/200');
INSERT INTO PLAYLISTS (playlist_id, user_id, title, description, date_created, image) VALUES (473, 72, 'Playlist 473', 'Description 473', '2025-05-28', 'https://picsum.photos/seed/playlist473/200/200');
INSERT INTO PLAYLISTS (playlist_id, user_id, title, description, date_created, image) VALUES (474, 69, 'Playlist 474', 'Description 474', '2025-05-28', 'https://picsum.photos/seed/playlist474/200/200');
INSERT INTO PLAYLISTS (playlist_id, user_id, title, description, date_created, image) VALUES (475, 85, 'Playlist 475', 'Description 475', '2025-05-28', 'https://picsum.photos/seed/playlist475/200/200');
INSERT INTO PLAYLISTS (playlist_id, user_id, title, description, date_created, image) VALUES (476, 37, 'Playlist 476', 'Description 476', '2025-05-28', 'https://picsum.photos/seed/playlist476/200/200');
INSERT INTO PLAYLISTS (playlist_id, user_id, title, description, date_created, image) VALUES (477, 89, 'Playlist 477', 'Description 477', '2025-05-28', 'https://picsum.photos/seed/playlist477/200/200');
INSERT INTO PLAYLISTS (playlist_id, user_id, title, description, date_created, image) VALUES (478, 67, 'Playlist 478', 'Description 478', '2025-05-28', 'https://picsum.photos/seed/playlist478/200/200');
INSERT INTO PLAYLISTS (playlist_id, user_id, title, description, date_created, image) VALUES (479, 55, 'Playlist 479', 'Description 479', '2025-05-28', 'https://picsum.photos/seed/playlist479/200/200');
INSERT INTO PLAYLISTS (playlist_id, user_id, title, description, date_created, image) VALUES (480, 54, 'Playlist 480', 'Description 480', '2025-05-28', 'https://picsum.photos/seed/playlist480/200/200');
INSERT INTO PLAYLISTS (playlist_id, user_id, title, description, date_created, image) VALUES (481, 20, 'Playlist 481', 'Description 481', '2025-05-28', 'https://picsum.photos/seed/playlist481/200/200');
INSERT INTO PLAYLISTS (playlist_id, user_id, title, description, date_created, image) VALUES (482, 29, 'Playlist 482', 'Description 482', '2025-05-28', 'https://picsum.photos/seed/playlist482/200/200');
INSERT INTO PLAYLISTS (playlist_id, user_id, title, description, date_created, image) VALUES (483, 84, 'Playlist 483', 'Description 483', '2025-05-28', 'https://picsum.photos/seed/playlist483/200/200');
INSERT INTO PLAYLISTS (playlist_id, user_id, title, description, date_created, image) VALUES (484, 12, 'Playlist 484', 'Description 484', '2025-05-28', 'https://picsum.photos/seed/playlist484/200/200');
INSERT INTO PLAYLISTS (playlist_id, user_id, title, description, date_created, image) VALUES (485, 72, 'Playlist 485', 'Description 485', '2025-05-28', 'https://picsum.photos/seed/playlist485/200/200');
INSERT INTO PLAYLISTS (playlist_id, user_id, title, description, date_created, image) VALUES (486, 54, 'Playlist 486', 'Description 486', '2025-05-28', 'https://picsum.photos/seed/playlist486/200/200');
INSERT INTO PLAYLISTS (playlist_id, user_id, title, description, date_created, image) VALUES (487, 66, 'Playlist 487', 'Description 487', '2025-05-28', 'https://picsum.photos/seed/playlist487/200/200');
INSERT INTO PLAYLISTS (playlist_id, user_id, title, description, date_created, image) VALUES (488, 86, 'Playlist 488', 'Description 488', '2025-05-28', 'https://picsum.photos/seed/playlist488/200/200');
INSERT INTO PLAYLISTS (playlist_id, user_id, title, description, date_created, image) VALUES (489, 3, 'Playlist 489', 'Description 489', '2025-05-28', 'https://picsum.photos/seed/playlist489/200/200');
INSERT INTO PLAYLISTS (playlist_id, user_id, title, description, date_created, image) VALUES (490, 86, 'Playlist 490', 'Description 490', '2025-05-28', 'https://picsum.photos/seed/playlist490/200/200');
INSERT INTO PLAYLISTS (playlist_id, user_id, title, description, date_created, image) VALUES (491, 31, 'Playlist 491', 'Description 491', '2025-05-28', 'https://picsum.photos/seed/playlist491/200/200');
INSERT INTO PLAYLISTS (playlist_id, user_id, title, description, date_created, image) VALUES (492, 13, 'Playlist 492', 'Description 492', '2025-05-28', 'https://picsum.photos/seed/playlist492/200/200');
INSERT INTO PLAYLISTS (playlist_id, user_id, title, description, date_created, image) VALUES (493, 27, 'Playlist 493', 'Description 493', '2025-05-28', 'https://picsum.photos/seed/playlist493/200/200');
INSERT INTO PLAYLISTS (playlist_id, user_id, title, description, date_created, image) VALUES (494, 64, 'Playlist 494', 'Description 494', '2025-05-28', 'https://picsum.photos/seed/playlist494/200/200');
INSERT INTO PLAYLISTS (playlist_id, user_id, title, description, date_created, image) VALUES (495, 95, 'Playlist 495', 'Description 495', '2025-05-28', 'https://picsum.photos/seed/playlist495/200/200');
INSERT INTO PLAYLISTS (playlist_id, user_id, title, description, date_created, image) VALUES (496, 99, 'Playlist 496', 'Description 496', '2025-05-28', 'https://picsum.photos/seed/playlist496/200/200');
INSERT INTO PLAYLISTS (playlist_id, user_id, title, description, date_created, image) VALUES (497, 30, 'Playlist 497', 'Description 497', '2025-05-28', 'https://picsum.photos/seed/playlist497/200/200');
INSERT INTO PLAYLISTS (playlist_id, user_id, title, description, date_created, image) VALUES (498, 20, 'Playlist 498', 'Description 498', '2025-05-28', 'https://picsum.photos/seed/playlist498/200/200');
INSERT INTO PLAYLISTS (playlist_id, user_id, title, description, date_created, image) VALUES (499, 22, 'Playlist 499', 'Description 499', '2025-05-28', 'https://picsum.photos/seed/playlist499/200/200');
INSERT INTO PLAYLISTS (playlist_id, user_id, title, description, date_created, image) VALUES (500, 1, 'Playlist 500', 'Description 500', '2025-05-28', 'https://picsum.photos/seed/playlist500/200/200');
INSERT INTO PLAYLIST_SONGS (playlistsong_id, playlist_id, song_id, date_added) VALUES (1, 52, 120, '2025-05-28');
INSERT INTO PLAYLIST_SONGS (playlistsong_id, playlist_id, song_id, date_added) VALUES (2, 301, 903, '2025-05-28');
INSERT INTO PLAYLIST_SONGS (playlistsong_id, playlist_id, song_id, date_added) VALUES (3, 334, 42, '2025-05-28');
INSERT INTO PLAYLIST_SONGS (playlistsong_id, playlist_id, song_id, date_added) VALUES (4, 493, 477, '2025-05-28');
INSERT INTO PLAYLIST_SONGS (playlistsong_id, playlist_id, song_id, date_added) VALUES (5, 480, 324, '2025-05-28');
INSERT INTO PLAYLIST_SONGS (playlistsong_id, playlist_id, song_id, date_added) VALUES (6, 290, 223, '2025-05-28');
INSERT INTO PLAYLIST_SONGS (playlistsong_id, playlist_id, song_id, date_added) VALUES (7, 305, 586, '2025-05-28');
INSERT INTO PLAYLIST_SONGS (playlistsong_id, playlist_id, song_id, date_added) VALUES (8, 373, 848, '2025-05-28');
INSERT INTO PLAYLIST_SONGS (playlistsong_id, playlist_id, song_id, date_added) VALUES (9, 92, 540, '2025-05-28');
INSERT INTO PLAYLIST_SONGS (playlistsong_id, playlist_id, song_id, date_added) VALUES (10, 365, 831, '2025-05-28');
INSERT INTO PLAYLIST_SONGS (playlistsong_id, playlist_id, song_id, date_added) VALUES (11, 328, 696, '2025-05-28');
INSERT INTO PLAYLIST_SONGS (playlistsong_id, playlist_id, song_id, date_added) VALUES (12, 166, 323, '2025-05-28');
INSERT INTO PLAYLIST_SONGS (playlistsong_id, playlist_id, song_id, date_added) VALUES (13, 495, 174, '2025-05-28');
INSERT INTO PLAYLIST_SONGS (playlistsong_id, playlist_id, song_id, date_added) VALUES (14, 461, 597, '2025-05-28');
INSERT INTO PLAYLIST_SONGS (playlistsong_id, playlist_id, song_id, date_added) VALUES (15, 18, 908, '2025-05-28');
INSERT INTO PLAYLIST_SONGS (playlistsong_id, playlist_id, song_id, date_added) VALUES (16, 33, 469, '2025-05-28');
INSERT INTO PLAYLIST_SONGS (playlistsong_id, playlist_id, song_id, date_added) VALUES (17, 24, 753, '2025-05-28');
INSERT INTO PLAYLIST_SONGS (playlistsong_id, playlist_id, song_id, date_added) VALUES (18, 137, 310, '2025-05-28');
INSERT INTO PLAYLIST_SONGS (playlistsong_id, playlist_id, song_id, date_added) VALUES (19, 411, 97, '2025-05-28');
INSERT INTO PLAYLIST_SONGS (playlistsong_id, playlist_id, song_id, date_added) VALUES (20, 206, 744, '2025-05-28');
INSERT INTO PLAYLIST_SONGS (playlistsong_id, playlist_id, song_id, date_added) VALUES (21, 25, 244, '2025-05-28');
INSERT INTO PLAYLIST_SONGS (playlistsong_id, playlist_id, song_id, date_added) VALUES (22, 179, 622, '2025-05-28');
INSERT INTO PLAYLIST_SONGS (playlistsong_id, playlist_id, song_id, date_added) VALUES (23, 180, 939, '2025-05-28');
INSERT INTO PLAYLIST_SONGS (playlistsong_id, playlist_id, song_id, date_added) VALUES (24, 482, 290, '2025-05-28');
INSERT INTO PLAYLIST_SONGS (playlistsong_id, playlist_id, song_id, date_added) VALUES (25, 115, 112, '2025-05-28');
INSERT INTO PLAYLIST_SONGS (playlistsong_id, playlist_id, song_id, date_added) VALUES (26, 450, 908, '2025-05-28');
INSERT INTO PLAYLIST_SONGS (playlistsong_id, playlist_id, song_id, date_added) VALUES (27, 122, 873, '2025-05-28');
INSERT INTO PLAYLIST_SONGS (playlistsong_id, playlist_id, song_id, date_added) VALUES (28, 186, 856, '2025-05-28');
INSERT INTO PLAYLIST_SONGS (playlistsong_id, playlist_id, song_id, date_added) VALUES (29, 161, 667, '2025-05-28');
INSERT INTO PLAYLIST_SONGS (playlistsong_id, playlist_id, song_id, date_added) VALUES (30, 7, 692, '2025-05-28');
INSERT INTO PLAYLIST_SONGS (playlistsong_id, playlist_id, song_id, date_added) VALUES (31, 10, 141, '2025-05-28');
INSERT INTO PLAYLIST_SONGS (playlistsong_id, playlist_id, song_id, date_added) VALUES (32, 297, 954, '2025-05-28');
INSERT INTO PLAYLIST_SONGS (playlistsong_id, playlist_id, song_id, date_added) VALUES (33, 403, 929, '2025-05-28');
INSERT INTO PLAYLIST_SONGS (playlistsong_id, playlist_id, song_id, date_added) VALUES (34, 90, 26, '2025-05-28');
INSERT INTO PLAYLIST_SONGS (playlistsong_id, playlist_id, song_id, date_added) VALUES (35, 414, 419, '2025-05-28');
INSERT INTO PLAYLIST_SONGS (playlistsong_id, playlist_id, song_id, date_added) VALUES (36, 21, 702, '2025-05-28');
INSERT INTO PLAYLIST_SONGS (playlistsong_id, playlist_id, song_id, date_added) VALUES (37, 431, 763, '2025-05-28');
INSERT INTO PLAYLIST_SONGS (playlistsong_id, playlist_id, song_id, date_added) VALUES (38, 329, 393, '2025-05-28');
INSERT INTO PLAYLIST_SONGS (playlistsong_id, playlist_id, song_id, date_added) VALUES (39, 267, 613, '2025-05-28');
INSERT INTO PLAYLIST_SONGS (playlistsong_id, playlist_id, song_id, date_added) VALUES (40, 236, 428, '2025-05-28');
INSERT INTO PLAYLIST_SONGS (playlistsong_id, playlist_id, song_id, date_added) VALUES (41, 115, 11, '2025-05-28');
INSERT INTO PLAYLIST_SONGS (playlistsong_id, playlist_id, song_id, date_added) VALUES (42, 390, 85, '2025-05-28');
INSERT INTO PLAYLIST_SONGS (playlistsong_id, playlist_id, song_id, date_added) VALUES (43, 248, 458, '2025-05-28');
INSERT INTO PLAYLIST_SONGS (playlistsong_id, playlist_id, song_id, date_added) VALUES (44, 441, 674, '2025-05-28');
INSERT INTO PLAYLIST_SONGS (playlistsong_id, playlist_id, song_id, date_added) VALUES (45, 380, 705, '2025-05-28');
INSERT INTO PLAYLIST_SONGS (playlistsong_id, playlist_id, song_id, date_added) VALUES (46, 41, 9, '2025-05-28');
INSERT INTO PLAYLIST_SONGS (playlistsong_id, playlist_id, song_id, date_added) VALUES (47, 33, 305, '2025-05-28');
INSERT INTO PLAYLIST_SONGS (playlistsong_id, playlist_id, song_id, date_added) VALUES (48, 329, 601, '2025-05-28');
INSERT INTO PLAYLIST_SONGS (playlistsong_id, playlist_id, song_id, date_added) VALUES (49, 15, 846, '2025-05-28');
INSERT INTO PLAYLIST_SONGS (playlistsong_id, playlist_id, song_id, date_added) VALUES (50, 158, 156, '2025-05-28');
INSERT INTO PLAYLIST_SONGS (playlistsong_id, playlist_id, song_id, date_added) VALUES (51, 271, 994, '2025-05-28');
INSERT INTO PLAYLIST_SONGS (playlistsong_id, playlist_id, song_id, date_added) VALUES (52, 69, 767, '2025-05-28');
INSERT INTO PLAYLIST_SONGS (playlistsong_id, playlist_id, song_id, date_added) VALUES (53, 289, 484, '2025-05-28');
INSERT INTO PLAYLIST_SONGS (playlistsong_id, playlist_id, song_id, date_added) VALUES (54, 255, 962, '2025-05-28');
INSERT INTO PLAYLIST_SONGS (playlistsong_id, playlist_id, song_id, date_added) VALUES (55, 269, 952, '2025-05-28');
INSERT INTO PLAYLIST_SONGS (playlistsong_id, playlist_id, song_id, date_added) VALUES (56, 231, 993, '2025-05-28');
INSERT INTO PLAYLIST_SONGS (playlistsong_id, playlist_id, song_id, date_added) VALUES (57, 24, 217, '2025-05-28');
INSERT INTO PLAYLIST_SONGS (playlistsong_id, playlist_id, song_id, date_added) VALUES (58, 371, 702, '2025-05-28');
INSERT INTO PLAYLIST_SONGS (playlistsong_id, playlist_id, song_id, date_added) VALUES (59, 70, 237, '2025-05-28');
INSERT INTO PLAYLIST_SONGS (playlistsong_id, playlist_id, song_id, date_added) VALUES (60, 237, 355, '2025-05-28');
INSERT INTO PLAYLIST_SONGS (playlistsong_id, playlist_id, song_id, date_added) VALUES (61, 483, 836, '2025-05-28');
INSERT INTO PLAYLIST_SONGS (playlistsong_id, playlist_id, song_id, date_added) VALUES (62, 111, 664, '2025-05-28');
INSERT INTO PLAYLIST_SONGS (playlistsong_id, playlist_id, song_id, date_added) VALUES (63, 472, 967, '2025-05-28');
INSERT INTO PLAYLIST_SONGS (playlistsong_id, playlist_id, song_id, date_added) VALUES (64, 303, 56, '2025-05-28');
INSERT INTO PLAYLIST_SONGS (playlistsong_id, playlist_id, song_id, date_added) VALUES (65, 486, 197, '2025-05-28');
INSERT INTO PLAYLIST_SONGS (playlistsong_id, playlist_id, song_id, date_added) VALUES (66, 75, 448, '2025-05-28');
INSERT INTO PLAYLIST_SONGS (playlistsong_id, playlist_id, song_id, date_added) VALUES (67, 223, 848, '2025-05-28');
INSERT INTO PLAYLIST_SONGS (playlistsong_id, playlist_id, song_id, date_added) VALUES (68, 453, 717, '2025-05-28');
INSERT INTO PLAYLIST_SONGS (playlistsong_id, playlist_id, song_id, date_added) VALUES (69, 71, 718, '2025-05-28');
INSERT INTO PLAYLIST_SONGS (playlistsong_id, playlist_id, song_id, date_added) VALUES (70, 177, 497, '2025-05-28');
INSERT INTO PLAYLIST_SONGS (playlistsong_id, playlist_id, song_id, date_added) VALUES (71, 331, 364, '2025-05-28');
INSERT INTO PLAYLIST_SONGS (playlistsong_id, playlist_id, song_id, date_added) VALUES (72, 418, 185, '2025-05-28');
INSERT INTO PLAYLIST_SONGS (playlistsong_id, playlist_id, song_id, date_added) VALUES (73, 155, 387, '2025-05-28');
INSERT INTO PLAYLIST_SONGS (playlistsong_id, playlist_id, song_id, date_added) VALUES (74, 40, 413, '2025-05-28');
INSERT INTO PLAYLIST_SONGS (playlistsong_id, playlist_id, song_id, date_added) VALUES (75, 448, 47, '2025-05-28');
INSERT INTO PLAYLIST_SONGS (playlistsong_id, playlist_id, song_id, date_added) VALUES (76, 290, 272, '2025-05-28');
INSERT INTO PLAYLIST_SONGS (playlistsong_id, playlist_id, song_id, date_added) VALUES (77, 14, 997, '2025-05-28');
INSERT INTO PLAYLIST_SONGS (playlistsong_id, playlist_id, song_id, date_added) VALUES (78, 104, 836, '2025-05-28');
INSERT INTO PLAYLIST_SONGS (playlistsong_id, playlist_id, song_id, date_added) VALUES (79, 379, 187, '2025-05-28');
INSERT INTO PLAYLIST_SONGS (playlistsong_id, playlist_id, song_id, date_added) VALUES (80, 442, 59, '2025-05-28');
INSERT INTO PLAYLIST_SONGS (playlistsong_id, playlist_id, song_id, date_added) VALUES (81, 291, 153, '2025-05-28');
INSERT INTO PLAYLIST_SONGS (playlistsong_id, playlist_id, song_id, date_added) VALUES (82, 252, 75, '2025-05-28');
INSERT INTO PLAYLIST_SONGS (playlistsong_id, playlist_id, song_id, date_added) VALUES (83, 118, 320, '2025-05-28');
INSERT INTO PLAYLIST_SONGS (playlistsong_id, playlist_id, song_id, date_added) VALUES (84, 150, 266, '2025-05-28');
INSERT INTO PLAYLIST_SONGS (playlistsong_id, playlist_id, song_id, date_added) VALUES (85, 123, 922, '2025-05-28');
INSERT INTO PLAYLIST_SONGS (playlistsong_id, playlist_id, song_id, date_added) VALUES (86, 377, 370, '2025-05-28');
INSERT INTO PLAYLIST_SONGS (playlistsong_id, playlist_id, song_id, date_added) VALUES (87, 124, 627, '2025-05-28');
INSERT INTO PLAYLIST_SONGS (playlistsong_id, playlist_id, song_id, date_added) VALUES (88, 44, 917, '2025-05-28');
INSERT INTO PLAYLIST_SONGS (playlistsong_id, playlist_id, song_id, date_added) VALUES (89, 24, 173, '2025-05-28');
INSERT INTO PLAYLIST_SONGS (playlistsong_id, playlist_id, song_id, date_added) VALUES (90, 2, 352, '2025-05-28');
INSERT INTO PLAYLIST_SONGS (playlistsong_id, playlist_id, song_id, date_added) VALUES (91, 195, 221, '2025-05-28');
INSERT INTO PLAYLIST_SONGS (playlistsong_id, playlist_id, song_id, date_added) VALUES (92, 218, 136, '2025-05-28');
INSERT INTO PLAYLIST_SONGS (playlistsong_id, playlist_id, song_id, date_added) VALUES (93, 431, 620, '2025-05-28');
INSERT INTO PLAYLIST_SONGS (playlistsong_id, playlist_id, song_id, date_added) VALUES (94, 79, 629, '2025-05-28');
INSERT INTO PLAYLIST_SONGS (playlistsong_id, playlist_id, song_id, date_added) VALUES (95, 23, 234, '2025-05-28');
INSERT INTO PLAYLIST_SONGS (playlistsong_id, playlist_id, song_id, date_added) VALUES (96, 232, 921, '2025-05-28');
INSERT INTO PLAYLIST_SONGS (playlistsong_id, playlist_id, song_id, date_added) VALUES (97, 50, 499, '2025-05-28');
INSERT INTO PLAYLIST_SONGS (playlistsong_id, playlist_id, song_id, date_added) VALUES (98, 151, 462, '2025-05-28');
INSERT INTO PLAYLIST_SONGS (playlistsong_id, playlist_id, song_id, date_added) VALUES (99, 121, 376, '2025-05-28');
INSERT INTO PLAYLIST_SONGS (playlistsong_id, playlist_id, song_id, date_added) VALUES (100, 487, 303, '2025-05-28');
INSERT INTO PLAYLIST_SONGS (playlistsong_id, playlist_id, song_id, date_added) VALUES (101, 244, 851, '2025-05-28');
INSERT INTO PLAYLIST_SONGS (playlistsong_id, playlist_id, song_id, date_added) VALUES (102, 375, 161, '2025-05-28');
INSERT INTO PLAYLIST_SONGS (playlistsong_id, playlist_id, song_id, date_added) VALUES (103, 279, 347, '2025-05-28');
INSERT INTO PLAYLIST_SONGS (playlistsong_id, playlist_id, song_id, date_added) VALUES (104, 330, 117, '2025-05-28');
INSERT INTO PLAYLIST_SONGS (playlistsong_id, playlist_id, song_id, date_added) VALUES (105, 371, 891, '2025-05-28');
INSERT INTO PLAYLIST_SONGS (playlistsong_id, playlist_id, song_id, date_added) VALUES (106, 5, 719, '2025-05-28');
INSERT INTO PLAYLIST_SONGS (playlistsong_id, playlist_id, song_id, date_added) VALUES (107, 38, 931, '2025-05-28');
INSERT INTO PLAYLIST_SONGS (playlistsong_id, playlist_id, song_id, date_added) VALUES (108, 384, 675, '2025-05-28');
INSERT INTO PLAYLIST_SONGS (playlistsong_id, playlist_id, song_id, date_added) VALUES (109, 199, 651, '2025-05-28');
INSERT INTO PLAYLIST_SONGS (playlistsong_id, playlist_id, song_id, date_added) VALUES (110, 341, 149, '2025-05-28');
INSERT INTO PLAYLIST_SONGS (playlistsong_id, playlist_id, song_id, date_added) VALUES (111, 435, 577, '2025-05-28');
INSERT INTO PLAYLIST_SONGS (playlistsong_id, playlist_id, song_id, date_added) VALUES (112, 235, 140, '2025-05-28');
INSERT INTO PLAYLIST_SONGS (playlistsong_id, playlist_id, song_id, date_added) VALUES (113, 148, 470, '2025-05-28');
INSERT INTO PLAYLIST_SONGS (playlistsong_id, playlist_id, song_id, date_added) VALUES (114, 104, 896, '2025-05-28');
INSERT INTO PLAYLIST_SONGS (playlistsong_id, playlist_id, song_id, date_added) VALUES (115, 490, 769, '2025-05-28');
INSERT INTO PLAYLIST_SONGS (playlistsong_id, playlist_id, song_id, date_added) VALUES (116, 497, 445, '2025-05-28');
INSERT INTO PLAYLIST_SONGS (playlistsong_id, playlist_id, song_id, date_added) VALUES (117, 394, 201, '2025-05-28');
INSERT INTO PLAYLIST_SONGS (playlistsong_id, playlist_id, song_id, date_added) VALUES (118, 257, 89, '2025-05-28');
INSERT INTO PLAYLIST_SONGS (playlistsong_id, playlist_id, song_id, date_added) VALUES (119, 346, 837, '2025-05-28');
INSERT INTO PLAYLIST_SONGS (playlistsong_id, playlist_id, song_id, date_added) VALUES (120, 66, 688, '2025-05-28');
INSERT INTO PLAYLIST_SONGS (playlistsong_id, playlist_id, song_id, date_added) VALUES (121, 228, 174, '2025-05-28');
INSERT INTO PLAYLIST_SONGS (playlistsong_id, playlist_id, song_id, date_added) VALUES (122, 288, 108, '2025-05-28');
INSERT INTO PLAYLIST_SONGS (playlistsong_id, playlist_id, song_id, date_added) VALUES (123, 340, 758, '2025-05-28');
INSERT INTO PLAYLIST_SONGS (playlistsong_id, playlist_id, song_id, date_added) VALUES (124, 144, 424, '2025-05-28');
INSERT INTO PLAYLIST_SONGS (playlistsong_id, playlist_id, song_id, date_added) VALUES (125, 438, 48, '2025-05-28');
INSERT INTO PLAYLIST_SONGS (playlistsong_id, playlist_id, song_id, date_added) VALUES (126, 91, 356, '2025-05-28');
INSERT INTO PLAYLIST_SONGS (playlistsong_id, playlist_id, song_id, date_added) VALUES (127, 281, 64, '2025-05-28');
INSERT INTO PLAYLIST_SONGS (playlistsong_id, playlist_id, song_id, date_added) VALUES (128, 478, 105, '2025-05-28');
INSERT INTO PLAYLIST_SONGS (playlistsong_id, playlist_id, song_id, date_added) VALUES (129, 336, 603, '2025-05-28');
INSERT INTO PLAYLIST_SONGS (playlistsong_id, playlist_id, song_id, date_added) VALUES (130, 492, 549, '2025-05-28');
INSERT INTO PLAYLIST_SONGS (playlistsong_id, playlist_id, song_id, date_added) VALUES (131, 116, 106, '2025-05-28');
INSERT INTO PLAYLIST_SONGS (playlistsong_id, playlist_id, song_id, date_added) VALUES (132, 149, 135, '2025-05-28');
INSERT INTO PLAYLIST_SONGS (playlistsong_id, playlist_id, song_id, date_added) VALUES (133, 308, 825, '2025-05-28');
INSERT INTO PLAYLIST_SONGS (playlistsong_id, playlist_id, song_id, date_added) VALUES (134, 58, 912, '2025-05-28');
INSERT INTO PLAYLIST_SONGS (playlistsong_id, playlist_id, song_id, date_added) VALUES (135, 132, 222, '2025-05-28');
INSERT INTO PLAYLIST_SONGS (playlistsong_id, playlist_id, song_id, date_added) VALUES (136, 326, 401, '2025-05-28');
INSERT INTO PLAYLIST_SONGS (playlistsong_id, playlist_id, song_id, date_added) VALUES (137, 149, 359, '2025-05-28');
INSERT INTO PLAYLIST_SONGS (playlistsong_id, playlist_id, song_id, date_added) VALUES (138, 35, 450, '2025-05-28');
INSERT INTO PLAYLIST_SONGS (playlistsong_id, playlist_id, song_id, date_added) VALUES (139, 347, 324, '2025-05-28');
INSERT INTO PLAYLIST_SONGS (playlistsong_id, playlist_id, song_id, date_added) VALUES (140, 195, 170, '2025-05-28');
INSERT INTO PLAYLIST_SONGS (playlistsong_id, playlist_id, song_id, date_added) VALUES (141, 123, 433, '2025-05-28');
INSERT INTO PLAYLIST_SONGS (playlistsong_id, playlist_id, song_id, date_added) VALUES (142, 176, 494, '2025-05-28');
INSERT INTO PLAYLIST_SONGS (playlistsong_id, playlist_id, song_id, date_added) VALUES (143, 299, 779, '2025-05-28');
INSERT INTO PLAYLIST_SONGS (playlistsong_id, playlist_id, song_id, date_added) VALUES (144, 348, 604, '2025-05-28');
INSERT INTO PLAYLIST_SONGS (playlistsong_id, playlist_id, song_id, date_added) VALUES (145, 458, 243, '2025-05-28');
INSERT INTO PLAYLIST_SONGS (playlistsong_id, playlist_id, song_id, date_added) VALUES (146, 254, 315, '2025-05-28');
INSERT INTO PLAYLIST_SONGS (playlistsong_id, playlist_id, song_id, date_added) VALUES (147, 17, 739, '2025-05-28');
INSERT INTO PLAYLIST_SONGS (playlistsong_id, playlist_id, song_id, date_added) VALUES (148, 241, 217, '2025-05-28');
INSERT INTO PLAYLIST_SONGS (playlistsong_id, playlist_id, song_id, date_added) VALUES (149, 78, 199, '2025-05-28');
INSERT INTO PLAYLIST_SONGS (playlistsong_id, playlist_id, song_id, date_added) VALUES (150, 321, 693, '2025-05-28');
INSERT INTO PLAYLIST_SONGS (playlistsong_id, playlist_id, song_id, date_added) VALUES (151, 116, 424, '2025-05-28');
INSERT INTO PLAYLIST_SONGS (playlistsong_id, playlist_id, song_id, date_added) VALUES (152, 206, 38, '2025-05-28');
INSERT INTO PLAYLIST_SONGS (playlistsong_id, playlist_id, song_id, date_added) VALUES (153, 138, 603, '2025-05-28');
INSERT INTO PLAYLIST_SONGS (playlistsong_id, playlist_id, song_id, date_added) VALUES (154, 235, 799, '2025-05-28');
INSERT INTO PLAYLIST_SONGS (playlistsong_id, playlist_id, song_id, date_added) VALUES (155, 374, 597, '2025-05-28');
INSERT INTO PLAYLIST_SONGS (playlistsong_id, playlist_id, song_id, date_added) VALUES (156, 457, 178, '2025-05-28');
INSERT INTO PLAYLIST_SONGS (playlistsong_id, playlist_id, song_id, date_added) VALUES (157, 275, 485, '2025-05-28');
INSERT INTO PLAYLIST_SONGS (playlistsong_id, playlist_id, song_id, date_added) VALUES (158, 247, 327, '2025-05-28');
INSERT INTO PLAYLIST_SONGS (playlistsong_id, playlist_id, song_id, date_added) VALUES (159, 118, 241, '2025-05-28');
INSERT INTO PLAYLIST_SONGS (playlistsong_id, playlist_id, song_id, date_added) VALUES (160, 222, 616, '2025-05-28');
INSERT INTO PLAYLIST_SONGS (playlistsong_id, playlist_id, song_id, date_added) VALUES (161, 149, 161, '2025-05-28');
INSERT INTO PLAYLIST_SONGS (playlistsong_id, playlist_id, song_id, date_added) VALUES (162, 137, 851, '2025-05-28');
INSERT INTO PLAYLIST_SONGS (playlistsong_id, playlist_id, song_id, date_added) VALUES (163, 376, 184, '2025-05-28');
INSERT INTO PLAYLIST_SONGS (playlistsong_id, playlist_id, song_id, date_added) VALUES (164, 414, 652, '2025-05-28');
INSERT INTO PLAYLIST_SONGS (playlistsong_id, playlist_id, song_id, date_added) VALUES (165, 267, 412, '2025-05-28');
INSERT INTO PLAYLIST_SONGS (playlistsong_id, playlist_id, song_id, date_added) VALUES (166, 465, 944, '2025-05-28');
INSERT INTO PLAYLIST_SONGS (playlistsong_id, playlist_id, song_id, date_added) VALUES (167, 19, 568, '2025-05-28');
INSERT INTO PLAYLIST_SONGS (playlistsong_id, playlist_id, song_id, date_added) VALUES (168, 71, 637, '2025-05-28');
INSERT INTO PLAYLIST_SONGS (playlistsong_id, playlist_id, song_id, date_added) VALUES (169, 303, 726, '2025-05-28');
INSERT INTO PLAYLIST_SONGS (playlistsong_id, playlist_id, song_id, date_added) VALUES (170, 250, 39, '2025-05-28');
INSERT INTO PLAYLIST_SONGS (playlistsong_id, playlist_id, song_id, date_added) VALUES (171, 171, 928, '2025-05-28');
INSERT INTO PLAYLIST_SONGS (playlistsong_id, playlist_id, song_id, date_added) VALUES (172, 309, 968, '2025-05-28');
INSERT INTO PLAYLIST_SONGS (playlistsong_id, playlist_id, song_id, date_added) VALUES (173, 158, 882, '2025-05-28');
INSERT INTO PLAYLIST_SONGS (playlistsong_id, playlist_id, song_id, date_added) VALUES (174, 424, 100, '2025-05-28');
INSERT INTO PLAYLIST_SONGS (playlistsong_id, playlist_id, song_id, date_added) VALUES (175, 178, 443, '2025-05-28');
INSERT INTO PLAYLIST_SONGS (playlistsong_id, playlist_id, song_id, date_added) VALUES (176, 182, 740, '2025-05-28');
INSERT INTO PLAYLIST_SONGS (playlistsong_id, playlist_id, song_id, date_added) VALUES (177, 114, 696, '2025-05-28');
INSERT INTO PLAYLIST_SONGS (playlistsong_id, playlist_id, song_id, date_added) VALUES (178, 79, 380, '2025-05-28');
INSERT INTO PLAYLIST_SONGS (playlistsong_id, playlist_id, song_id, date_added) VALUES (179, 380, 708, '2025-05-28');
INSERT INTO PLAYLIST_SONGS (playlistsong_id, playlist_id, song_id, date_added) VALUES (180, 314, 326, '2025-05-28');
INSERT INTO PLAYLIST_SONGS (playlistsong_id, playlist_id, song_id, date_added) VALUES (181, 456, 984, '2025-05-28');
INSERT INTO PLAYLIST_SONGS (playlistsong_id, playlist_id, song_id, date_added) VALUES (182, 202, 287, '2025-05-28');
INSERT INTO PLAYLIST_SONGS (playlistsong_id, playlist_id, song_id, date_added) VALUES (183, 386, 784, '2025-05-28');
INSERT INTO PLAYLIST_SONGS (playlistsong_id, playlist_id, song_id, date_added) VALUES (184, 353, 604, '2025-05-28');
INSERT INTO PLAYLIST_SONGS (playlistsong_id, playlist_id, song_id, date_added) VALUES (185, 207, 507, '2025-05-28');
INSERT INTO PLAYLIST_SONGS (playlistsong_id, playlist_id, song_id, date_added) VALUES (186, 376, 504, '2025-05-28');
INSERT INTO PLAYLIST_SONGS (playlistsong_id, playlist_id, song_id, date_added) VALUES (187, 331, 998, '2025-05-28');
INSERT INTO PLAYLIST_SONGS (playlistsong_id, playlist_id, song_id, date_added) VALUES (188, 354, 438, '2025-05-28');
INSERT INTO PLAYLIST_SONGS (playlistsong_id, playlist_id, song_id, date_added) VALUES (189, 20, 199, '2025-05-28');
INSERT INTO PLAYLIST_SONGS (playlistsong_id, playlist_id, song_id, date_added) VALUES (190, 102, 533, '2025-05-28');
INSERT INTO PLAYLIST_SONGS (playlistsong_id, playlist_id, song_id, date_added) VALUES (191, 386, 405, '2025-05-28');
INSERT INTO PLAYLIST_SONGS (playlistsong_id, playlist_id, song_id, date_added) VALUES (192, 464, 408, '2025-05-28');
INSERT INTO PLAYLIST_SONGS (playlistsong_id, playlist_id, song_id, date_added) VALUES (193, 192, 87, '2025-05-28');
INSERT INTO PLAYLIST_SONGS (playlistsong_id, playlist_id, song_id, date_added) VALUES (194, 152, 778, '2025-05-28');
INSERT INTO PLAYLIST_SONGS (playlistsong_id, playlist_id, song_id, date_added) VALUES (195, 187, 627, '2025-05-28');
INSERT INTO PLAYLIST_SONGS (playlistsong_id, playlist_id, song_id, date_added) VALUES (196, 50, 342, '2025-05-28');
INSERT INTO PLAYLIST_SONGS (playlistsong_id, playlist_id, song_id, date_added) VALUES (197, 181, 35, '2025-05-28');
INSERT INTO PLAYLIST_SONGS (playlistsong_id, playlist_id, song_id, date_added) VALUES (198, 42, 823, '2025-05-28');
INSERT INTO PLAYLIST_SONGS (playlistsong_id, playlist_id, song_id, date_added) VALUES (199, 472, 408, '2025-05-28');
INSERT INTO PLAYLIST_SONGS (playlistsong_id, playlist_id, song_id, date_added) VALUES (200, 285, 132, '2025-05-28');
INSERT INTO PLAYLIST_SONGS (playlistsong_id, playlist_id, song_id, date_added) VALUES (201, 363, 152, '2025-05-28');
INSERT INTO PLAYLIST_SONGS (playlistsong_id, playlist_id, song_id, date_added) VALUES (202, 91, 450, '2025-05-28');
INSERT INTO PLAYLIST_SONGS (playlistsong_id, playlist_id, song_id, date_added) VALUES (203, 161, 301, '2025-05-28');
INSERT INTO PLAYLIST_SONGS (playlistsong_id, playlist_id, song_id, date_added) VALUES (204, 393, 120, '2025-05-28');
INSERT INTO PLAYLIST_SONGS (playlistsong_id, playlist_id, song_id, date_added) VALUES (205, 125, 491, '2025-05-28');
INSERT INTO PLAYLIST_SONGS (playlistsong_id, playlist_id, song_id, date_added) VALUES (206, 156, 438, '2025-05-28');
INSERT INTO PLAYLIST_SONGS (playlistsong_id, playlist_id, song_id, date_added) VALUES (207, 486, 793, '2025-05-28');
INSERT INTO PLAYLIST_SONGS (playlistsong_id, playlist_id, song_id, date_added) VALUES (208, 397, 112, '2025-05-28');
INSERT INTO PLAYLIST_SONGS (playlistsong_id, playlist_id, song_id, date_added) VALUES (209, 72, 290, '2025-05-28');
INSERT INTO PLAYLIST_SONGS (playlistsong_id, playlist_id, song_id, date_added) VALUES (210, 296, 524, '2025-05-28');
INSERT INTO PLAYLIST_SONGS (playlistsong_id, playlist_id, song_id, date_added) VALUES (211, 40, 247, '2025-05-28');
INSERT INTO PLAYLIST_SONGS (playlistsong_id, playlist_id, song_id, date_added) VALUES (212, 49, 462, '2025-05-28');
INSERT INTO PLAYLIST_SONGS (playlistsong_id, playlist_id, song_id, date_added) VALUES (213, 91, 895, '2025-05-28');
INSERT INTO PLAYLIST_SONGS (playlistsong_id, playlist_id, song_id, date_added) VALUES (214, 138, 529, '2025-05-28');
INSERT INTO PLAYLIST_SONGS (playlistsong_id, playlist_id, song_id, date_added) VALUES (215, 264, 173, '2025-05-28');
INSERT INTO PLAYLIST_SONGS (playlistsong_id, playlist_id, song_id, date_added) VALUES (216, 371, 545, '2025-05-28');
INSERT INTO PLAYLIST_SONGS (playlistsong_id, playlist_id, song_id, date_added) VALUES (217, 468, 916, '2025-05-28');
INSERT INTO PLAYLIST_SONGS (playlistsong_id, playlist_id, song_id, date_added) VALUES (218, 161, 491, '2025-05-28');
INSERT INTO PLAYLIST_SONGS (playlistsong_id, playlist_id, song_id, date_added) VALUES (219, 319, 74, '2025-05-28');
INSERT INTO PLAYLIST_SONGS (playlistsong_id, playlist_id, song_id, date_added) VALUES (220, 397, 499, '2025-05-28');
INSERT INTO PLAYLIST_SONGS (playlistsong_id, playlist_id, song_id, date_added) VALUES (221, 361, 212, '2025-05-28');
INSERT INTO PLAYLIST_SONGS (playlistsong_id, playlist_id, song_id, date_added) VALUES (222, 261, 371, '2025-05-28');
INSERT INTO PLAYLIST_SONGS (playlistsong_id, playlist_id, song_id, date_added) VALUES (223, 347, 303, '2025-05-28');
INSERT INTO PLAYLIST_SONGS (playlistsong_id, playlist_id, song_id, date_added) VALUES (224, 469, 986, '2025-05-28');
INSERT INTO PLAYLIST_SONGS (playlistsong_id, playlist_id, song_id, date_added) VALUES (225, 374, 937, '2025-05-28');
INSERT INTO PLAYLIST_SONGS (playlistsong_id, playlist_id, song_id, date_added) VALUES (226, 247, 391, '2025-05-28');
INSERT INTO PLAYLIST_SONGS (playlistsong_id, playlist_id, song_id, date_added) VALUES (227, 462, 130, '2025-05-28');
INSERT INTO PLAYLIST_SONGS (playlistsong_id, playlist_id, song_id, date_added) VALUES (228, 494, 791, '2025-05-28');
INSERT INTO PLAYLIST_SONGS (playlistsong_id, playlist_id, song_id, date_added) VALUES (229, 319, 67, '2025-05-28');
INSERT INTO PLAYLIST_SONGS (playlistsong_id, playlist_id, song_id, date_added) VALUES (230, 431, 328, '2025-05-28');
INSERT INTO PLAYLIST_SONGS (playlistsong_id, playlist_id, song_id, date_added) VALUES (231, 74, 963, '2025-05-28');
INSERT INTO PLAYLIST_SONGS (playlistsong_id, playlist_id, song_id, date_added) VALUES (232, 205, 182, '2025-05-28');
INSERT INTO PLAYLIST_SONGS (playlistsong_id, playlist_id, song_id, date_added) VALUES (233, 296, 846, '2025-05-28');
INSERT INTO PLAYLIST_SONGS (playlistsong_id, playlist_id, song_id, date_added) VALUES (234, 375, 553, '2025-05-28');
INSERT INTO PLAYLIST_SONGS (playlistsong_id, playlist_id, song_id, date_added) VALUES (235, 141, 544, '2025-05-28');
INSERT INTO PLAYLIST_SONGS (playlistsong_id, playlist_id, song_id, date_added) VALUES (236, 340, 515, '2025-05-28');
INSERT INTO PLAYLIST_SONGS (playlistsong_id, playlist_id, song_id, date_added) VALUES (237, 269, 614, '2025-05-28');
INSERT INTO PLAYLIST_SONGS (playlistsong_id, playlist_id, song_id, date_added) VALUES (238, 431, 193, '2025-05-28');
INSERT INTO PLAYLIST_SONGS (playlistsong_id, playlist_id, song_id, date_added) VALUES (239, 395, 560, '2025-05-28');
INSERT INTO PLAYLIST_SONGS (playlistsong_id, playlist_id, song_id, date_added) VALUES (240, 95, 339, '2025-05-28');
INSERT INTO PLAYLIST_SONGS (playlistsong_id, playlist_id, song_id, date_added) VALUES (241, 358, 245, '2025-05-28');
INSERT INTO PLAYLIST_SONGS (playlistsong_id, playlist_id, song_id, date_added) VALUES (242, 57, 243, '2025-05-28');
INSERT INTO PLAYLIST_SONGS (playlistsong_id, playlist_id, song_id, date_added) VALUES (243, 410, 850, '2025-05-28');
INSERT INTO PLAYLIST_SONGS (playlistsong_id, playlist_id, song_id, date_added) VALUES (244, 149, 989, '2025-05-28');
INSERT INTO PLAYLIST_SONGS (playlistsong_id, playlist_id, song_id, date_added) VALUES (245, 33, 752, '2025-05-28');
INSERT INTO PLAYLIST_SONGS (playlistsong_id, playlist_id, song_id, date_added) VALUES (246, 12, 150, '2025-05-28');
INSERT INTO PLAYLIST_SONGS (playlistsong_id, playlist_id, song_id, date_added) VALUES (247, 160, 482, '2025-05-28');
INSERT INTO PLAYLIST_SONGS (playlistsong_id, playlist_id, song_id, date_added) VALUES (248, 32, 530, '2025-05-28');
INSERT INTO PLAYLIST_SONGS (playlistsong_id, playlist_id, song_id, date_added) VALUES (249, 377, 422, '2025-05-28');
INSERT INTO PLAYLIST_SONGS (playlistsong_id, playlist_id, song_id, date_added) VALUES (250, 209, 218, '2025-05-28');
INSERT INTO PLAYLIST_SONGS (playlistsong_id, playlist_id, song_id, date_added) VALUES (251, 57, 399, '2025-05-28');
INSERT INTO PLAYLIST_SONGS (playlistsong_id, playlist_id, song_id, date_added) VALUES (252, 315, 843, '2025-05-28');
INSERT INTO PLAYLIST_SONGS (playlistsong_id, playlist_id, song_id, date_added) VALUES (253, 341, 926, '2025-05-28');
INSERT INTO PLAYLIST_SONGS (playlistsong_id, playlist_id, song_id, date_added) VALUES (254, 31, 372, '2025-05-28');
INSERT INTO PLAYLIST_SONGS (playlistsong_id, playlist_id, song_id, date_added) VALUES (255, 259, 896, '2025-05-28');
INSERT INTO PLAYLIST_SONGS (playlistsong_id, playlist_id, song_id, date_added) VALUES (256, 108, 958, '2025-05-28');
INSERT INTO PLAYLIST_SONGS (playlistsong_id, playlist_id, song_id, date_added) VALUES (257, 402, 12, '2025-05-28');
INSERT INTO PLAYLIST_SONGS (playlistsong_id, playlist_id, song_id, date_added) VALUES (258, 247, 776, '2025-05-28');
INSERT INTO PLAYLIST_SONGS (playlistsong_id, playlist_id, song_id, date_added) VALUES (259, 390, 694, '2025-05-28');
INSERT INTO PLAYLIST_SONGS (playlistsong_id, playlist_id, song_id, date_added) VALUES (260, 258, 920, '2025-05-28');
INSERT INTO PLAYLIST_SONGS (playlistsong_id, playlist_id, song_id, date_added) VALUES (261, 363, 643, '2025-05-28');
INSERT INTO PLAYLIST_SONGS (playlistsong_id, playlist_id, song_id, date_added) VALUES (262, 113, 343, '2025-05-28');
INSERT INTO PLAYLIST_SONGS (playlistsong_id, playlist_id, song_id, date_added) VALUES (263, 384, 341, '2025-05-28');
INSERT INTO PLAYLIST_SONGS (playlistsong_id, playlist_id, song_id, date_added) VALUES (264, 57, 632, '2025-05-28');
INSERT INTO PLAYLIST_SONGS (playlistsong_id, playlist_id, song_id, date_added) VALUES (265, 424, 621, '2025-05-28');
INSERT INTO PLAYLIST_SONGS (playlistsong_id, playlist_id, song_id, date_added) VALUES (266, 12, 724, '2025-05-28');
INSERT INTO PLAYLIST_SONGS (playlistsong_id, playlist_id, song_id, date_added) VALUES (267, 334, 233, '2025-05-28');
INSERT INTO PLAYLIST_SONGS (playlistsong_id, playlist_id, song_id, date_added) VALUES (268, 258, 883, '2025-05-28');
INSERT INTO PLAYLIST_SONGS (playlistsong_id, playlist_id, song_id, date_added) VALUES (269, 132, 189, '2025-05-28');
INSERT INTO PLAYLIST_SONGS (playlistsong_id, playlist_id, song_id, date_added) VALUES (270, 395, 736, '2025-05-28');
INSERT INTO PLAYLIST_SONGS (playlistsong_id, playlist_id, song_id, date_added) VALUES (271, 20, 292, '2025-05-28');
INSERT INTO PLAYLIST_SONGS (playlistsong_id, playlist_id, song_id, date_added) VALUES (272, 4, 487, '2025-05-28');
INSERT INTO PLAYLIST_SONGS (playlistsong_id, playlist_id, song_id, date_added) VALUES (273, 475, 751, '2025-05-28');
INSERT INTO PLAYLIST_SONGS (playlistsong_id, playlist_id, song_id, date_added) VALUES (274, 212, 355, '2025-05-28');
INSERT INTO PLAYLIST_SONGS (playlistsong_id, playlist_id, song_id, date_added) VALUES (275, 161, 12, '2025-05-28');
INSERT INTO PLAYLIST_SONGS (playlistsong_id, playlist_id, song_id, date_added) VALUES (276, 300, 969, '2025-05-28');
INSERT INTO PLAYLIST_SONGS (playlistsong_id, playlist_id, song_id, date_added) VALUES (277, 11, 832, '2025-05-28');
INSERT INTO PLAYLIST_SONGS (playlistsong_id, playlist_id, song_id, date_added) VALUES (278, 78, 327, '2025-05-28');
INSERT INTO PLAYLIST_SONGS (playlistsong_id, playlist_id, song_id, date_added) VALUES (279, 131, 553, '2025-05-28');
INSERT INTO PLAYLIST_SONGS (playlistsong_id, playlist_id, song_id, date_added) VALUES (280, 305, 488, '2025-05-28');
INSERT INTO PLAYLIST_SONGS (playlistsong_id, playlist_id, song_id, date_added) VALUES (281, 32, 237, '2025-05-28');
INSERT INTO PLAYLIST_SONGS (playlistsong_id, playlist_id, song_id, date_added) VALUES (282, 155, 400, '2025-05-28');
INSERT INTO PLAYLIST_SONGS (playlistsong_id, playlist_id, song_id, date_added) VALUES (283, 232, 376, '2025-05-28');
INSERT INTO PLAYLIST_SONGS (playlistsong_id, playlist_id, song_id, date_added) VALUES (284, 307, 68, '2025-05-28');
INSERT INTO PLAYLIST_SONGS (playlistsong_id, playlist_id, song_id, date_added) VALUES (285, 89, 43, '2025-05-28');
INSERT INTO PLAYLIST_SONGS (playlistsong_id, playlist_id, song_id, date_added) VALUES (286, 121, 233, '2025-05-28');
INSERT INTO PLAYLIST_SONGS (playlistsong_id, playlist_id, song_id, date_added) VALUES (287, 114, 340, '2025-05-28');
INSERT INTO PLAYLIST_SONGS (playlistsong_id, playlist_id, song_id, date_added) VALUES (288, 417, 198, '2025-05-28');
INSERT INTO PLAYLIST_SONGS (playlistsong_id, playlist_id, song_id, date_added) VALUES (289, 33, 391, '2025-05-28');
INSERT INTO PLAYLIST_SONGS (playlistsong_id, playlist_id, song_id, date_added) VALUES (290, 225, 81, '2025-05-28');
INSERT INTO PLAYLIST_SONGS (playlistsong_id, playlist_id, song_id, date_added) VALUES (291, 337, 314, '2025-05-28');
INSERT INTO PLAYLIST_SONGS (playlistsong_id, playlist_id, song_id, date_added) VALUES (292, 59, 834, '2025-05-28');
INSERT INTO PLAYLIST_SONGS (playlistsong_id, playlist_id, song_id, date_added) VALUES (293, 100, 666, '2025-05-28');
INSERT INTO PLAYLIST_SONGS (playlistsong_id, playlist_id, song_id, date_added) VALUES (294, 205, 544, '2025-05-28');
INSERT INTO PLAYLIST_SONGS (playlistsong_id, playlist_id, song_id, date_added) VALUES (295, 7, 711, '2025-05-28');
INSERT INTO PLAYLIST_SONGS (playlistsong_id, playlist_id, song_id, date_added) VALUES (296, 199, 19, '2025-05-28');
INSERT INTO PLAYLIST_SONGS (playlistsong_id, playlist_id, song_id, date_added) VALUES (297, 393, 852, '2025-05-28');
INSERT INTO PLAYLIST_SONGS (playlistsong_id, playlist_id, song_id, date_added) VALUES (298, 350, 794, '2025-05-28');
INSERT INTO PLAYLIST_SONGS (playlistsong_id, playlist_id, song_id, date_added) VALUES (299, 67, 106, '2025-05-28');
INSERT INTO PLAYLIST_SONGS (playlistsong_id, playlist_id, song_id, date_added) VALUES (300, 115, 997, '2025-05-28');
INSERT INTO PLAYLIST_SONGS (playlistsong_id, playlist_id, song_id, date_added) VALUES (301, 43, 273, '2025-05-28');
INSERT INTO PLAYLIST_SONGS (playlistsong_id, playlist_id, song_id, date_added) VALUES (302, 118, 212, '2025-05-28');
INSERT INTO PLAYLIST_SONGS (playlistsong_id, playlist_id, song_id, date_added) VALUES (303, 399, 556, '2025-05-28');
INSERT INTO PLAYLIST_SONGS (playlistsong_id, playlist_id, song_id, date_added) VALUES (304, 421, 811, '2025-05-28');
INSERT INTO PLAYLIST_SONGS (playlistsong_id, playlist_id, song_id, date_added) VALUES (305, 435, 809, '2025-05-28');
INSERT INTO PLAYLIST_SONGS (playlistsong_id, playlist_id, song_id, date_added) VALUES (306, 429, 699, '2025-05-28');
INSERT INTO PLAYLIST_SONGS (playlistsong_id, playlist_id, song_id, date_added) VALUES (307, 92, 265, '2025-05-28');
INSERT INTO PLAYLIST_SONGS (playlistsong_id, playlist_id, song_id, date_added) VALUES (308, 337, 6, '2025-05-28');
INSERT INTO PLAYLIST_SONGS (playlistsong_id, playlist_id, song_id, date_added) VALUES (309, 210, 659, '2025-05-28');
INSERT INTO PLAYLIST_SONGS (playlistsong_id, playlist_id, song_id, date_added) VALUES (310, 217, 746, '2025-05-28');
INSERT INTO PLAYLIST_SONGS (playlistsong_id, playlist_id, song_id, date_added) VALUES (311, 106, 465, '2025-05-28');
INSERT INTO PLAYLIST_SONGS (playlistsong_id, playlist_id, song_id, date_added) VALUES (312, 368, 992, '2025-05-28');
INSERT INTO PLAYLIST_SONGS (playlistsong_id, playlist_id, song_id, date_added) VALUES (313, 325, 168, '2025-05-28');
INSERT INTO PLAYLIST_SONGS (playlistsong_id, playlist_id, song_id, date_added) VALUES (314, 328, 578, '2025-05-28');
INSERT INTO PLAYLIST_SONGS (playlistsong_id, playlist_id, song_id, date_added) VALUES (315, 256, 945, '2025-05-28');
INSERT INTO PLAYLIST_SONGS (playlistsong_id, playlist_id, song_id, date_added) VALUES (316, 401, 650, '2025-05-28');
INSERT INTO PLAYLIST_SONGS (playlistsong_id, playlist_id, song_id, date_added) VALUES (317, 228, 265, '2025-05-28');
INSERT INTO PLAYLIST_SONGS (playlistsong_id, playlist_id, song_id, date_added) VALUES (318, 229, 379, '2025-05-28');
INSERT INTO PLAYLIST_SONGS (playlistsong_id, playlist_id, song_id, date_added) VALUES (319, 440, 530, '2025-05-28');
INSERT INTO PLAYLIST_SONGS (playlistsong_id, playlist_id, song_id, date_added) VALUES (320, 495, 470, '2025-05-28');
INSERT INTO PLAYLIST_SONGS (playlistsong_id, playlist_id, song_id, date_added) VALUES (321, 415, 504, '2025-05-28');
INSERT INTO PLAYLIST_SONGS (playlistsong_id, playlist_id, song_id, date_added) VALUES (322, 65, 505, '2025-05-28');
INSERT INTO PLAYLIST_SONGS (playlistsong_id, playlist_id, song_id, date_added) VALUES (323, 487, 411, '2025-05-28');
INSERT INTO PLAYLIST_SONGS (playlistsong_id, playlist_id, song_id, date_added) VALUES (324, 231, 358, '2025-05-28');
INSERT INTO PLAYLIST_SONGS (playlistsong_id, playlist_id, song_id, date_added) VALUES (325, 303, 94, '2025-05-28');
INSERT INTO PLAYLIST_SONGS (playlistsong_id, playlist_id, song_id, date_added) VALUES (326, 262, 399, '2025-05-28');
INSERT INTO PLAYLIST_SONGS (playlistsong_id, playlist_id, song_id, date_added) VALUES (327, 481, 914, '2025-05-28');
INSERT INTO PLAYLIST_SONGS (playlistsong_id, playlist_id, song_id, date_added) VALUES (328, 242, 394, '2025-05-28');
INSERT INTO PLAYLIST_SONGS (playlistsong_id, playlist_id, song_id, date_added) VALUES (329, 224, 513, '2025-05-28');
INSERT INTO PLAYLIST_SONGS (playlistsong_id, playlist_id, song_id, date_added) VALUES (330, 34, 708, '2025-05-28');
INSERT INTO PLAYLIST_SONGS (playlistsong_id, playlist_id, song_id, date_added) VALUES (331, 288, 15, '2025-05-28');
INSERT INTO PLAYLIST_SONGS (playlistsong_id, playlist_id, song_id, date_added) VALUES (332, 155, 273, '2025-05-28');
INSERT INTO PLAYLIST_SONGS (playlistsong_id, playlist_id, song_id, date_added) VALUES (333, 496, 837, '2025-05-28');
INSERT INTO PLAYLIST_SONGS (playlistsong_id, playlist_id, song_id, date_added) VALUES (334, 171, 499, '2025-05-28');
INSERT INTO PLAYLIST_SONGS (playlistsong_id, playlist_id, song_id, date_added) VALUES (335, 407, 199, '2025-05-28');
INSERT INTO PLAYLIST_SONGS (playlistsong_id, playlist_id, song_id, date_added) VALUES (336, 257, 717, '2025-05-28');
INSERT INTO PLAYLIST_SONGS (playlistsong_id, playlist_id, song_id, date_added) VALUES (337, 301, 283, '2025-05-28');
INSERT INTO PLAYLIST_SONGS (playlistsong_id, playlist_id, song_id, date_added) VALUES (338, 293, 878, '2025-05-28');
INSERT INTO PLAYLIST_SONGS (playlistsong_id, playlist_id, song_id, date_added) VALUES (339, 480, 656, '2025-05-28');
INSERT INTO PLAYLIST_SONGS (playlistsong_id, playlist_id, song_id, date_added) VALUES (340, 323, 605, '2025-05-28');
INSERT INTO PLAYLIST_SONGS (playlistsong_id, playlist_id, song_id, date_added) VALUES (341, 37, 850, '2025-05-28');
INSERT INTO PLAYLIST_SONGS (playlistsong_id, playlist_id, song_id, date_added) VALUES (342, 385, 286, '2025-05-28');
INSERT INTO PLAYLIST_SONGS (playlistsong_id, playlist_id, song_id, date_added) VALUES (343, 43, 828, '2025-05-28');
INSERT INTO PLAYLIST_SONGS (playlistsong_id, playlist_id, song_id, date_added) VALUES (344, 240, 809, '2025-05-28');
INSERT INTO PLAYLIST_SONGS (playlistsong_id, playlist_id, song_id, date_added) VALUES (345, 259, 722, '2025-05-28');
INSERT INTO PLAYLIST_SONGS (playlistsong_id, playlist_id, song_id, date_added) VALUES (346, 10, 947, '2025-05-28');
INSERT INTO PLAYLIST_SONGS (playlistsong_id, playlist_id, song_id, date_added) VALUES (347, 495, 542, '2025-05-28');
INSERT INTO PLAYLIST_SONGS (playlistsong_id, playlist_id, song_id, date_added) VALUES (348, 244, 864, '2025-05-28');
INSERT INTO PLAYLIST_SONGS (playlistsong_id, playlist_id, song_id, date_added) VALUES (349, 13, 170, '2025-05-28');
INSERT INTO PLAYLIST_SONGS (playlistsong_id, playlist_id, song_id, date_added) VALUES (350, 424, 573, '2025-05-28');
INSERT INTO PLAYLIST_SONGS (playlistsong_id, playlist_id, song_id, date_added) VALUES (351, 165, 232, '2025-05-28');
INSERT INTO PLAYLIST_SONGS (playlistsong_id, playlist_id, song_id, date_added) VALUES (352, 8, 395, '2025-05-28');
INSERT INTO PLAYLIST_SONGS (playlistsong_id, playlist_id, song_id, date_added) VALUES (353, 5, 357, '2025-05-28');
INSERT INTO PLAYLIST_SONGS (playlistsong_id, playlist_id, song_id, date_added) VALUES (354, 499, 462, '2025-05-28');
INSERT INTO PLAYLIST_SONGS (playlistsong_id, playlist_id, song_id, date_added) VALUES (355, 435, 140, '2025-05-28');
INSERT INTO PLAYLIST_SONGS (playlistsong_id, playlist_id, song_id, date_added) VALUES (356, 102, 966, '2025-05-28');
INSERT INTO PLAYLIST_SONGS (playlistsong_id, playlist_id, song_id, date_added) VALUES (357, 360, 500, '2025-05-28');
INSERT INTO PLAYLIST_SONGS (playlistsong_id, playlist_id, song_id, date_added) VALUES (358, 325, 728, '2025-05-28');
INSERT INTO PLAYLIST_SONGS (playlistsong_id, playlist_id, song_id, date_added) VALUES (359, 221, 464, '2025-05-28');
INSERT INTO PLAYLIST_SONGS (playlistsong_id, playlist_id, song_id, date_added) VALUES (360, 467, 146, '2025-05-28');
INSERT INTO PLAYLIST_SONGS (playlistsong_id, playlist_id, song_id, date_added) VALUES (361, 277, 547, '2025-05-28');
INSERT INTO PLAYLIST_SONGS (playlistsong_id, playlist_id, song_id, date_added) VALUES (362, 35, 218, '2025-05-28');
INSERT INTO PLAYLIST_SONGS (playlistsong_id, playlist_id, song_id, date_added) VALUES (363, 185, 927, '2025-05-28');
INSERT INTO PLAYLIST_SONGS (playlistsong_id, playlist_id, song_id, date_added) VALUES (364, 10, 209, '2025-05-28');
INSERT INTO PLAYLIST_SONGS (playlistsong_id, playlist_id, song_id, date_added) VALUES (365, 88, 548, '2025-05-28');
INSERT INTO PLAYLIST_SONGS (playlistsong_id, playlist_id, song_id, date_added) VALUES (366, 315, 664, '2025-05-28');
INSERT INTO PLAYLIST_SONGS (playlistsong_id, playlist_id, song_id, date_added) VALUES (367, 123, 874, '2025-05-28');
INSERT INTO PLAYLIST_SONGS (playlistsong_id, playlist_id, song_id, date_added) VALUES (368, 494, 717, '2025-05-28');
INSERT INTO PLAYLIST_SONGS (playlistsong_id, playlist_id, song_id, date_added) VALUES (369, 470, 100, '2025-05-28');
INSERT INTO PLAYLIST_SONGS (playlistsong_id, playlist_id, song_id, date_added) VALUES (370, 33, 461, '2025-05-28');
INSERT INTO PLAYLIST_SONGS (playlistsong_id, playlist_id, song_id, date_added) VALUES (371, 192, 251, '2025-05-28');
INSERT INTO PLAYLIST_SONGS (playlistsong_id, playlist_id, song_id, date_added) VALUES (372, 57, 217, '2025-05-28');
INSERT INTO PLAYLIST_SONGS (playlistsong_id, playlist_id, song_id, date_added) VALUES (373, 39, 899, '2025-05-28');
INSERT INTO PLAYLIST_SONGS (playlistsong_id, playlist_id, song_id, date_added) VALUES (374, 128, 481, '2025-05-28');
INSERT INTO PLAYLIST_SONGS (playlistsong_id, playlist_id, song_id, date_added) VALUES (375, 424, 147, '2025-05-28');
INSERT INTO PLAYLIST_SONGS (playlistsong_id, playlist_id, song_id, date_added) VALUES (376, 365, 501, '2025-05-28');
INSERT INTO PLAYLIST_SONGS (playlistsong_id, playlist_id, song_id, date_added) VALUES (377, 113, 575, '2025-05-28');
INSERT INTO PLAYLIST_SONGS (playlistsong_id, playlist_id, song_id, date_added) VALUES (378, 187, 806, '2025-05-28');
INSERT INTO PLAYLIST_SONGS (playlistsong_id, playlist_id, song_id, date_added) VALUES (379, 36, 779, '2025-05-28');
INSERT INTO PLAYLIST_SONGS (playlistsong_id, playlist_id, song_id, date_added) VALUES (380, 151, 86, '2025-05-28');
INSERT INTO PLAYLIST_SONGS (playlistsong_id, playlist_id, song_id, date_added) VALUES (381, 221, 606, '2025-05-28');
INSERT INTO PLAYLIST_SONGS (playlistsong_id, playlist_id, song_id, date_added) VALUES (382, 170, 413, '2025-05-28');
INSERT INTO PLAYLIST_SONGS (playlistsong_id, playlist_id, song_id, date_added) VALUES (383, 57, 735, '2025-05-28');
INSERT INTO PLAYLIST_SONGS (playlistsong_id, playlist_id, song_id, date_added) VALUES (384, 70, 985, '2025-05-28');
INSERT INTO PLAYLIST_SONGS (playlistsong_id, playlist_id, song_id, date_added) VALUES (385, 391, 664, '2025-05-28');
INSERT INTO PLAYLIST_SONGS (playlistsong_id, playlist_id, song_id, date_added) VALUES (386, 342, 460, '2025-05-28');
INSERT INTO PLAYLIST_SONGS (playlistsong_id, playlist_id, song_id, date_added) VALUES (387, 494, 495, '2025-05-28');
INSERT INTO PLAYLIST_SONGS (playlistsong_id, playlist_id, song_id, date_added) VALUES (388, 95, 164, '2025-05-28');
INSERT INTO PLAYLIST_SONGS (playlistsong_id, playlist_id, song_id, date_added) VALUES (389, 366, 496, '2025-05-28');
INSERT INTO PLAYLIST_SONGS (playlistsong_id, playlist_id, song_id, date_added) VALUES (390, 332, 968, '2025-05-28');
INSERT INTO PLAYLIST_SONGS (playlistsong_id, playlist_id, song_id, date_added) VALUES (391, 458, 493, '2025-05-28');
INSERT INTO PLAYLIST_SONGS (playlistsong_id, playlist_id, song_id, date_added) VALUES (392, 42, 794, '2025-05-28');
INSERT INTO PLAYLIST_SONGS (playlistsong_id, playlist_id, song_id, date_added) VALUES (393, 267, 715, '2025-05-28');
INSERT INTO PLAYLIST_SONGS (playlistsong_id, playlist_id, song_id, date_added) VALUES (394, 350, 945, '2025-05-28');
INSERT INTO PLAYLIST_SONGS (playlistsong_id, playlist_id, song_id, date_added) VALUES (395, 173, 927, '2025-05-28');
INSERT INTO PLAYLIST_SONGS (playlistsong_id, playlist_id, song_id, date_added) VALUES (396, 435, 116, '2025-05-28');
INSERT INTO PLAYLIST_SONGS (playlistsong_id, playlist_id, song_id, date_added) VALUES (397, 143, 843, '2025-05-28');
INSERT INTO PLAYLIST_SONGS (playlistsong_id, playlist_id, song_id, date_added) VALUES (398, 98, 356, '2025-05-28');
INSERT INTO PLAYLIST_SONGS (playlistsong_id, playlist_id, song_id, date_added) VALUES (399, 56, 177, '2025-05-28');
INSERT INTO PLAYLIST_SONGS (playlistsong_id, playlist_id, song_id, date_added) VALUES (400, 337, 41, '2025-05-28');
INSERT INTO PLAYLIST_SONGS (playlistsong_id, playlist_id, song_id, date_added) VALUES (401, 123, 448, '2025-05-28');
INSERT INTO PLAYLIST_SONGS (playlistsong_id, playlist_id, song_id, date_added) VALUES (402, 455, 837, '2025-05-28');
INSERT INTO PLAYLIST_SONGS (playlistsong_id, playlist_id, song_id, date_added) VALUES (403, 273, 826, '2025-05-28');
INSERT INTO PLAYLIST_SONGS (playlistsong_id, playlist_id, song_id, date_added) VALUES (404, 57, 348, '2025-05-28');
INSERT INTO PLAYLIST_SONGS (playlistsong_id, playlist_id, song_id, date_added) VALUES (405, 173, 410, '2025-05-28');
INSERT INTO PLAYLIST_SONGS (playlistsong_id, playlist_id, song_id, date_added) VALUES (406, 358, 632, '2025-05-28');
INSERT INTO PLAYLIST_SONGS (playlistsong_id, playlist_id, song_id, date_added) VALUES (407, 363, 96, '2025-05-28');
INSERT INTO PLAYLIST_SONGS (playlistsong_id, playlist_id, song_id, date_added) VALUES (408, 176, 488, '2025-05-28');
INSERT INTO PLAYLIST_SONGS (playlistsong_id, playlist_id, song_id, date_added) VALUES (409, 229, 84, '2025-05-28');
INSERT INTO PLAYLIST_SONGS (playlistsong_id, playlist_id, song_id, date_added) VALUES (410, 55, 723, '2025-05-28');
INSERT INTO PLAYLIST_SONGS (playlistsong_id, playlist_id, song_id, date_added) VALUES (411, 253, 317, '2025-05-28');
INSERT INTO PLAYLIST_SONGS (playlistsong_id, playlist_id, song_id, date_added) VALUES (412, 48, 721, '2025-05-28');
INSERT INTO PLAYLIST_SONGS (playlistsong_id, playlist_id, song_id, date_added) VALUES (413, 61, 970, '2025-05-28');
INSERT INTO PLAYLIST_SONGS (playlistsong_id, playlist_id, song_id, date_added) VALUES (414, 457, 827, '2025-05-28');
INSERT INTO PLAYLIST_SONGS (playlistsong_id, playlist_id, song_id, date_added) VALUES (415, 122, 664, '2025-05-28');
INSERT INTO PLAYLIST_SONGS (playlistsong_id, playlist_id, song_id, date_added) VALUES (416, 433, 313, '2025-05-28');
INSERT INTO PLAYLIST_SONGS (playlistsong_id, playlist_id, song_id, date_added) VALUES (417, 270, 98, '2025-05-28');
INSERT INTO PLAYLIST_SONGS (playlistsong_id, playlist_id, song_id, date_added) VALUES (418, 311, 334, '2025-05-28');
INSERT INTO PLAYLIST_SONGS (playlistsong_id, playlist_id, song_id, date_added) VALUES (419, 459, 882, '2025-05-28');
INSERT INTO PLAYLIST_SONGS (playlistsong_id, playlist_id, song_id, date_added) VALUES (420, 172, 1, '2025-05-28');
INSERT INTO PLAYLIST_SONGS (playlistsong_id, playlist_id, song_id, date_added) VALUES (421, 263, 871, '2025-05-28');
INSERT INTO PLAYLIST_SONGS (playlistsong_id, playlist_id, song_id, date_added) VALUES (422, 357, 281, '2025-05-28');
INSERT INTO PLAYLIST_SONGS (playlistsong_id, playlist_id, song_id, date_added) VALUES (423, 481, 842, '2025-05-28');
INSERT INTO PLAYLIST_SONGS (playlistsong_id, playlist_id, song_id, date_added) VALUES (424, 211, 756, '2025-05-28');
INSERT INTO PLAYLIST_SONGS (playlistsong_id, playlist_id, song_id, date_added) VALUES (425, 93, 620, '2025-05-28');
INSERT INTO PLAYLIST_SONGS (playlistsong_id, playlist_id, song_id, date_added) VALUES (426, 126, 73, '2025-05-28');
INSERT INTO PLAYLIST_SONGS (playlistsong_id, playlist_id, song_id, date_added) VALUES (427, 456, 460, '2025-05-28');
INSERT INTO PLAYLIST_SONGS (playlistsong_id, playlist_id, song_id, date_added) VALUES (428, 180, 980, '2025-05-28');
INSERT INTO PLAYLIST_SONGS (playlistsong_id, playlist_id, song_id, date_added) VALUES (429, 306, 611, '2025-05-28');
INSERT INTO PLAYLIST_SONGS (playlistsong_id, playlist_id, song_id, date_added) VALUES (430, 71, 44, '2025-05-28');
INSERT INTO PLAYLIST_SONGS (playlistsong_id, playlist_id, song_id, date_added) VALUES (431, 185, 780, '2025-05-28');
INSERT INTO PLAYLIST_SONGS (playlistsong_id, playlist_id, song_id, date_added) VALUES (432, 98, 196, '2025-05-28');
INSERT INTO PLAYLIST_SONGS (playlistsong_id, playlist_id, song_id, date_added) VALUES (433, 237, 990, '2025-05-28');
INSERT INTO PLAYLIST_SONGS (playlistsong_id, playlist_id, song_id, date_added) VALUES (434, 146, 902, '2025-05-28');
INSERT INTO PLAYLIST_SONGS (playlistsong_id, playlist_id, song_id, date_added) VALUES (435, 215, 449, '2025-05-28');
INSERT INTO PLAYLIST_SONGS (playlistsong_id, playlist_id, song_id, date_added) VALUES (436, 202, 523, '2025-05-28');
INSERT INTO PLAYLIST_SONGS (playlistsong_id, playlist_id, song_id, date_added) VALUES (437, 262, 659, '2025-05-28');
INSERT INTO PLAYLIST_SONGS (playlistsong_id, playlist_id, song_id, date_added) VALUES (438, 403, 776, '2025-05-28');
INSERT INTO PLAYLIST_SONGS (playlistsong_id, playlist_id, song_id, date_added) VALUES (439, 338, 418, '2025-05-28');
INSERT INTO PLAYLIST_SONGS (playlistsong_id, playlist_id, song_id, date_added) VALUES (440, 179, 191, '2025-05-28');
INSERT INTO PLAYLIST_SONGS (playlistsong_id, playlist_id, song_id, date_added) VALUES (441, 18, 425, '2025-05-28');
INSERT INTO PLAYLIST_SONGS (playlistsong_id, playlist_id, song_id, date_added) VALUES (442, 327, 4, '2025-05-28');
INSERT INTO PLAYLIST_SONGS (playlistsong_id, playlist_id, song_id, date_added) VALUES (443, 175, 532, '2025-05-28');
INSERT INTO PLAYLIST_SONGS (playlistsong_id, playlist_id, song_id, date_added) VALUES (444, 228, 378, '2025-05-28');
INSERT INTO PLAYLIST_SONGS (playlistsong_id, playlist_id, song_id, date_added) VALUES (445, 208, 944, '2025-05-28');
INSERT INTO PLAYLIST_SONGS (playlistsong_id, playlist_id, song_id, date_added) VALUES (446, 197, 707, '2025-05-28');
INSERT INTO PLAYLIST_SONGS (playlistsong_id, playlist_id, song_id, date_added) VALUES (447, 492, 734, '2025-05-28');
INSERT INTO PLAYLIST_SONGS (playlistsong_id, playlist_id, song_id, date_added) VALUES (448, 334, 796, '2025-05-28');
INSERT INTO PLAYLIST_SONGS (playlistsong_id, playlist_id, song_id, date_added) VALUES (449, 236, 719, '2025-05-28');
INSERT INTO PLAYLIST_SONGS (playlistsong_id, playlist_id, song_id, date_added) VALUES (450, 171, 666, '2025-05-28');
INSERT INTO PLAYLIST_SONGS (playlistsong_id, playlist_id, song_id, date_added) VALUES (451, 123, 907, '2025-05-28');
INSERT INTO PLAYLIST_SONGS (playlistsong_id, playlist_id, song_id, date_added) VALUES (452, 265, 285, '2025-05-28');
INSERT INTO PLAYLIST_SONGS (playlistsong_id, playlist_id, song_id, date_added) VALUES (453, 54, 258, '2025-05-28');
INSERT INTO PLAYLIST_SONGS (playlistsong_id, playlist_id, song_id, date_added) VALUES (454, 147, 771, '2025-05-28');
INSERT INTO PLAYLIST_SONGS (playlistsong_id, playlist_id, song_id, date_added) VALUES (455, 261, 392, '2025-05-28');
INSERT INTO PLAYLIST_SONGS (playlistsong_id, playlist_id, song_id, date_added) VALUES (456, 472, 737, '2025-05-28');
INSERT INTO PLAYLIST_SONGS (playlistsong_id, playlist_id, song_id, date_added) VALUES (457, 20, 851, '2025-05-28');
INSERT INTO PLAYLIST_SONGS (playlistsong_id, playlist_id, song_id, date_added) VALUES (458, 308, 812, '2025-05-28');
INSERT INTO PLAYLIST_SONGS (playlistsong_id, playlist_id, song_id, date_added) VALUES (459, 222, 34, '2025-05-28');
INSERT INTO PLAYLIST_SONGS (playlistsong_id, playlist_id, song_id, date_added) VALUES (460, 264, 950, '2025-05-28');
INSERT INTO PLAYLIST_SONGS (playlistsong_id, playlist_id, song_id, date_added) VALUES (461, 436, 540, '2025-05-28');
INSERT INTO PLAYLIST_SONGS (playlistsong_id, playlist_id, song_id, date_added) VALUES (462, 10, 818, '2025-05-28');
INSERT INTO PLAYLIST_SONGS (playlistsong_id, playlist_id, song_id, date_added) VALUES (463, 245, 342, '2025-05-28');
INSERT INTO PLAYLIST_SONGS (playlistsong_id, playlist_id, song_id, date_added) VALUES (464, 496, 68, '2025-05-28');
INSERT INTO PLAYLIST_SONGS (playlistsong_id, playlist_id, song_id, date_added) VALUES (465, 386, 984, '2025-05-28');
INSERT INTO PLAYLIST_SONGS (playlistsong_id, playlist_id, song_id, date_added) VALUES (466, 73, 969, '2025-05-28');
INSERT INTO PLAYLIST_SONGS (playlistsong_id, playlist_id, song_id, date_added) VALUES (467, 245, 702, '2025-05-28');
INSERT INTO PLAYLIST_SONGS (playlistsong_id, playlist_id, song_id, date_added) VALUES (468, 262, 881, '2025-05-28');
INSERT INTO PLAYLIST_SONGS (playlistsong_id, playlist_id, song_id, date_added) VALUES (469, 423, 587, '2025-05-28');
INSERT INTO PLAYLIST_SONGS (playlistsong_id, playlist_id, song_id, date_added) VALUES (470, 375, 96, '2025-05-28');
INSERT INTO PLAYLIST_SONGS (playlistsong_id, playlist_id, song_id, date_added) VALUES (471, 439, 459, '2025-05-28');
INSERT INTO PLAYLIST_SONGS (playlistsong_id, playlist_id, song_id, date_added) VALUES (472, 418, 691, '2025-05-28');
INSERT INTO PLAYLIST_SONGS (playlistsong_id, playlist_id, song_id, date_added) VALUES (473, 450, 284, '2025-05-28');
INSERT INTO PLAYLIST_SONGS (playlistsong_id, playlist_id, song_id, date_added) VALUES (474, 113, 728, '2025-05-28');
INSERT INTO PLAYLIST_SONGS (playlistsong_id, playlist_id, song_id, date_added) VALUES (475, 212, 82, '2025-05-28');
INSERT INTO PLAYLIST_SONGS (playlistsong_id, playlist_id, song_id, date_added) VALUES (476, 263, 432, '2025-05-28');
INSERT INTO PLAYLIST_SONGS (playlistsong_id, playlist_id, song_id, date_added) VALUES (477, 38, 375, '2025-05-28');
INSERT INTO PLAYLIST_SONGS (playlistsong_id, playlist_id, song_id, date_added) VALUES (478, 403, 233, '2025-05-28');
INSERT INTO PLAYLIST_SONGS (playlistsong_id, playlist_id, song_id, date_added) VALUES (479, 344, 756, '2025-05-28');
INSERT INTO PLAYLIST_SONGS (playlistsong_id, playlist_id, song_id, date_added) VALUES (480, 100, 405, '2025-05-28');
INSERT INTO PLAYLIST_SONGS (playlistsong_id, playlist_id, song_id, date_added) VALUES (481, 52, 823, '2025-05-28');
INSERT INTO PLAYLIST_SONGS (playlistsong_id, playlist_id, song_id, date_added) VALUES (482, 95, 150, '2025-05-28');
INSERT INTO PLAYLIST_SONGS (playlistsong_id, playlist_id, song_id, date_added) VALUES (483, 124, 8, '2025-05-28');
INSERT INTO PLAYLIST_SONGS (playlistsong_id, playlist_id, song_id, date_added) VALUES (484, 120, 193, '2025-05-28');
INSERT INTO PLAYLIST_SONGS (playlistsong_id, playlist_id, song_id, date_added) VALUES (485, 267, 558, '2025-05-28');
INSERT INTO PLAYLIST_SONGS (playlistsong_id, playlist_id, song_id, date_added) VALUES (486, 389, 677, '2025-05-28');
INSERT INTO PLAYLIST_SONGS (playlistsong_id, playlist_id, song_id, date_added) VALUES (487, 229, 621, '2025-05-28');
INSERT INTO PLAYLIST_SONGS (playlistsong_id, playlist_id, song_id, date_added) VALUES (488, 326, 623, '2025-05-28');
INSERT INTO PLAYLIST_SONGS (playlistsong_id, playlist_id, song_id, date_added) VALUES (489, 322, 179, '2025-05-28');
INSERT INTO PLAYLIST_SONGS (playlistsong_id, playlist_id, song_id, date_added) VALUES (490, 258, 232, '2025-05-28');
INSERT INTO PLAYLIST_SONGS (playlistsong_id, playlist_id, song_id, date_added) VALUES (491, 11, 874, '2025-05-28');
INSERT INTO PLAYLIST_SONGS (playlistsong_id, playlist_id, song_id, date_added) VALUES (492, 185, 619, '2025-05-28');
INSERT INTO PLAYLIST_SONGS (playlistsong_id, playlist_id, song_id, date_added) VALUES (493, 473, 869, '2025-05-28');
INSERT INTO PLAYLIST_SONGS (playlistsong_id, playlist_id, song_id, date_added) VALUES (494, 97, 666, '2025-05-28');
INSERT INTO PLAYLIST_SONGS (playlistsong_id, playlist_id, song_id, date_added) VALUES (495, 322, 32, '2025-05-28');
INSERT INTO PLAYLIST_SONGS (playlistsong_id, playlist_id, song_id, date_added) VALUES (496, 219, 483, '2025-05-28');
INSERT INTO PLAYLIST_SONGS (playlistsong_id, playlist_id, song_id, date_added) VALUES (497, 138, 452, '2025-05-28');
INSERT INTO PLAYLIST_SONGS (playlistsong_id, playlist_id, song_id, date_added) VALUES (498, 130, 102, '2025-05-28');
INSERT INTO PLAYLIST_SONGS (playlistsong_id, playlist_id, song_id, date_added) VALUES (499, 348, 712, '2025-05-28');
INSERT INTO PLAYLIST_SONGS (playlistsong_id, playlist_id, song_id, date_added) VALUES (500, 486, 247, '2025-05-28');
INSERT INTO PLAY_HISTORY (play_id, user_id, song_id, playtime) VALUES (1, 16, 193, '2025-05-28 11:36:37');
INSERT INTO PLAY_HISTORY (play_id, user_id, song_id, playtime) VALUES (2, 20, 223, '2025-05-28 11:36:37');
INSERT INTO PLAY_HISTORY (play_id, user_id, song_id, playtime) VALUES (3, 6, 31, '2025-05-28 11:36:37');
INSERT INTO PLAY_HISTORY (play_id, user_id, song_id, playtime) VALUES (4, 51, 609, '2025-05-28 11:36:37');
INSERT INTO PLAY_HISTORY (play_id, user_id, song_id, playtime) VALUES (5, 90, 608, '2025-05-28 11:36:37');
INSERT INTO PLAY_HISTORY (play_id, user_id, song_id, playtime) VALUES (6, 7, 970, '2025-05-28 11:36:37');
INSERT INTO PLAY_HISTORY (play_id, user_id, song_id, playtime) VALUES (7, 48, 741, '2025-05-28 11:36:37');
INSERT INTO PLAY_HISTORY (play_id, user_id, song_id, playtime) VALUES (8, 71, 775, '2025-05-28 11:36:37');
INSERT INTO PLAY_HISTORY (play_id, user_id, song_id, playtime) VALUES (9, 2, 553, '2025-05-28 11:36:37');
INSERT INTO PLAY_HISTORY (play_id, user_id, song_id, playtime) VALUES (10, 1, 273, '2025-05-28 11:36:37');
INSERT INTO PLAY_HISTORY (play_id, user_id, song_id, playtime) VALUES (11, 52, 707, '2025-05-28 11:36:37');
INSERT INTO PLAY_HISTORY (play_id, user_id, song_id, playtime) VALUES (12, 24, 354, '2025-05-28 11:36:37');
INSERT INTO PLAY_HISTORY (play_id, user_id, song_id, playtime) VALUES (13, 38, 621, '2025-05-28 11:36:37');
INSERT INTO PLAY_HISTORY (play_id, user_id, song_id, playtime) VALUES (14, 97, 530, '2025-05-28 11:36:37');
INSERT INTO PLAY_HISTORY (play_id, user_id, song_id, playtime) VALUES (15, 52, 678, '2025-05-28 11:36:37');
INSERT INTO PLAY_HISTORY (play_id, user_id, song_id, playtime) VALUES (16, 57, 657, '2025-05-28 11:36:37');
INSERT INTO PLAY_HISTORY (play_id, user_id, song_id, playtime) VALUES (17, 92, 908, '2025-05-28 11:36:37');
INSERT INTO PLAY_HISTORY (play_id, user_id, song_id, playtime) VALUES (18, 33, 521, '2025-05-28 11:36:37');
INSERT INTO PLAY_HISTORY (play_id, user_id, song_id, playtime) VALUES (19, 60, 606, '2025-05-28 11:36:37');
INSERT INTO PLAY_HISTORY (play_id, user_id, song_id, playtime) VALUES (20, 59, 785, '2025-05-28 11:36:37');
INSERT INTO PLAY_HISTORY (play_id, user_id, song_id, playtime) VALUES (21, 18, 534, '2025-05-28 11:36:37');
INSERT INTO PLAY_HISTORY (play_id, user_id, song_id, playtime) VALUES (22, 63, 11, '2025-05-28 11:36:37');
INSERT INTO PLAY_HISTORY (play_id, user_id, song_id, playtime) VALUES (23, 61, 951, '2025-05-28 11:36:37');
INSERT INTO PLAY_HISTORY (play_id, user_id, song_id, playtime) VALUES (24, 26, 203, '2025-05-28 11:36:37');
INSERT INTO PLAY_HISTORY (play_id, user_id, song_id, playtime) VALUES (25, 93, 412, '2025-05-28 11:36:37');
INSERT INTO PLAY_HISTORY (play_id, user_id, song_id, playtime) VALUES (26, 93, 412, '2025-05-28 11:36:37');
INSERT INTO PLAY_HISTORY (play_id, user_id, song_id, playtime) VALUES (27, 67, 827, '2025-05-28 11:36:37');
INSERT INTO PLAY_HISTORY (play_id, user_id, song_id, playtime) VALUES (28, 16, 19, '2025-05-28 11:36:37');
INSERT INTO PLAY_HISTORY (play_id, user_id, song_id, playtime) VALUES (29, 49, 374, '2025-05-28 11:36:37');
INSERT INTO PLAY_HISTORY (play_id, user_id, song_id, playtime) VALUES (30, 24, 460, '2025-05-28 11:36:37');
INSERT INTO PLAY_HISTORY (play_id, user_id, song_id, playtime) VALUES (31, 33, 207, '2025-05-28 11:36:37');
INSERT INTO PLAY_HISTORY (play_id, user_id, song_id, playtime) VALUES (32, 41, 401, '2025-05-28 11:36:37');
INSERT INTO PLAY_HISTORY (play_id, user_id, song_id, playtime) VALUES (33, 59, 202, '2025-05-28 11:36:37');
INSERT INTO PLAY_HISTORY (play_id, user_id, song_id, playtime) VALUES (34, 92, 625, '2025-05-28 11:36:37');
INSERT INTO PLAY_HISTORY (play_id, user_id, song_id, playtime) VALUES (35, 34, 730, '2025-05-28 11:36:37');
INSERT INTO PLAY_HISTORY (play_id, user_id, song_id, playtime) VALUES (36, 83, 911, '2025-05-28 11:36:37');
INSERT INTO PLAY_HISTORY (play_id, user_id, song_id, playtime) VALUES (37, 95, 927, '2025-05-28 11:36:37');
INSERT INTO PLAY_HISTORY (play_id, user_id, song_id, playtime) VALUES (38, 51, 786, '2025-05-28 11:36:37');
INSERT INTO PLAY_HISTORY (play_id, user_id, song_id, playtime) VALUES (39, 19, 41, '2025-05-28 11:36:37');
INSERT INTO PLAY_HISTORY (play_id, user_id, song_id, playtime) VALUES (40, 75, 301, '2025-05-28 11:36:37');
INSERT INTO PLAY_HISTORY (play_id, user_id, song_id, playtime) VALUES (41, 93, 707, '2025-05-28 11:36:37');
INSERT INTO PLAY_HISTORY (play_id, user_id, song_id, playtime) VALUES (42, 9, 713, '2025-05-28 11:36:37');
INSERT INTO PLAY_HISTORY (play_id, user_id, song_id, playtime) VALUES (43, 8, 737, '2025-05-28 11:36:37');
INSERT INTO PLAY_HISTORY (play_id, user_id, song_id, playtime) VALUES (44, 24, 693, '2025-05-28 11:36:37');
INSERT INTO PLAY_HISTORY (play_id, user_id, song_id, playtime) VALUES (45, 34, 133, '2025-05-28 11:36:37');
INSERT INTO PLAY_HISTORY (play_id, user_id, song_id, playtime) VALUES (46, 17, 796, '2025-05-28 11:36:37');
INSERT INTO PLAY_HISTORY (play_id, user_id, song_id, playtime) VALUES (47, 9, 919, '2025-05-28 11:36:37');
INSERT INTO PLAY_HISTORY (play_id, user_id, song_id, playtime) VALUES (48, 94, 518, '2025-05-28 11:36:37');
INSERT INTO PLAY_HISTORY (play_id, user_id, song_id, playtime) VALUES (49, 17, 276, '2025-05-28 11:36:37');
INSERT INTO PLAY_HISTORY (play_id, user_id, song_id, playtime) VALUES (50, 67, 596, '2025-05-28 11:36:37');
INSERT INTO PLAY_HISTORY (play_id, user_id, song_id, playtime) VALUES (51, 89, 784, '2025-05-28 11:36:37');
INSERT INTO PLAY_HISTORY (play_id, user_id, song_id, playtime) VALUES (52, 95, 478, '2025-05-28 11:36:37');
INSERT INTO PLAY_HISTORY (play_id, user_id, song_id, playtime) VALUES (53, 67, 816, '2025-05-28 11:36:37');
INSERT INTO PLAY_HISTORY (play_id, user_id, song_id, playtime) VALUES (54, 19, 344, '2025-05-28 11:36:37');
INSERT INTO PLAY_HISTORY (play_id, user_id, song_id, playtime) VALUES (55, 80, 922, '2025-05-28 11:36:37');
INSERT INTO PLAY_HISTORY (play_id, user_id, song_id, playtime) VALUES (56, 50, 584, '2025-05-28 11:36:37');
INSERT INTO PLAY_HISTORY (play_id, user_id, song_id, playtime) VALUES (57, 74, 569, '2025-05-28 11:36:37');
INSERT INTO PLAY_HISTORY (play_id, user_id, song_id, playtime) VALUES (58, 10, 98, '2025-05-28 11:36:37');
INSERT INTO PLAY_HISTORY (play_id, user_id, song_id, playtime) VALUES (59, 85, 999, '2025-05-28 11:36:37');
INSERT INTO PLAY_HISTORY (play_id, user_id, song_id, playtime) VALUES (60, 69, 200, '2025-05-28 11:36:37');
INSERT INTO PLAY_HISTORY (play_id, user_id, song_id, playtime) VALUES (61, 67, 913, '2025-05-28 11:36:37');
INSERT INTO PLAY_HISTORY (play_id, user_id, song_id, playtime) VALUES (62, 76, 354, '2025-05-28 11:36:37');
INSERT INTO PLAY_HISTORY (play_id, user_id, song_id, playtime) VALUES (63, 63, 776, '2025-05-28 11:36:37');
INSERT INTO PLAY_HISTORY (play_id, user_id, song_id, playtime) VALUES (64, 100, 307, '2025-05-28 11:36:37');
INSERT INTO PLAY_HISTORY (play_id, user_id, song_id, playtime) VALUES (65, 69, 455, '2025-05-28 11:36:37');
INSERT INTO PLAY_HISTORY (play_id, user_id, song_id, playtime) VALUES (66, 10, 692, '2025-05-28 11:36:37');
INSERT INTO PLAY_HISTORY (play_id, user_id, song_id, playtime) VALUES (67, 44, 826, '2025-05-28 11:36:37');
INSERT INTO PLAY_HISTORY (play_id, user_id, song_id, playtime) VALUES (68, 100, 457, '2025-05-28 11:36:37');
INSERT INTO PLAY_HISTORY (play_id, user_id, song_id, playtime) VALUES (69, 24, 782, '2025-05-28 11:36:37');
INSERT INTO PLAY_HISTORY (play_id, user_id, song_id, playtime) VALUES (70, 99, 7, '2025-05-28 11:36:37');
INSERT INTO PLAY_HISTORY (play_id, user_id, song_id, playtime) VALUES (71, 10, 261, '2025-05-28 11:36:37');
INSERT INTO PLAY_HISTORY (play_id, user_id, song_id, playtime) VALUES (72, 1, 629, '2025-05-28 11:36:37');
INSERT INTO PLAY_HISTORY (play_id, user_id, song_id, playtime) VALUES (73, 47, 672, '2025-05-28 11:36:37');
INSERT INTO PLAY_HISTORY (play_id, user_id, song_id, playtime) VALUES (74, 65, 728, '2025-05-28 11:36:37');
INSERT INTO PLAY_HISTORY (play_id, user_id, song_id, playtime) VALUES (75, 99, 93, '2025-05-28 11:36:37');
INSERT INTO PLAY_HISTORY (play_id, user_id, song_id, playtime) VALUES (76, 60, 602, '2025-05-28 11:36:37');
INSERT INTO PLAY_HISTORY (play_id, user_id, song_id, playtime) VALUES (77, 33, 511, '2025-05-28 11:36:37');
INSERT INTO PLAY_HISTORY (play_id, user_id, song_id, playtime) VALUES (78, 96, 260, '2025-05-28 11:36:37');
INSERT INTO PLAY_HISTORY (play_id, user_id, song_id, playtime) VALUES (79, 49, 148, '2025-05-28 11:36:37');
INSERT INTO PLAY_HISTORY (play_id, user_id, song_id, playtime) VALUES (80, 69, 936, '2025-05-28 11:36:37');
INSERT INTO PLAY_HISTORY (play_id, user_id, song_id, playtime) VALUES (81, 30, 529, '2025-05-28 11:36:37');
INSERT INTO PLAY_HISTORY (play_id, user_id, song_id, playtime) VALUES (82, 24, 515, '2025-05-28 11:36:37');
INSERT INTO PLAY_HISTORY (play_id, user_id, song_id, playtime) VALUES (83, 6, 859, '2025-05-28 11:36:37');
INSERT INTO PLAY_HISTORY (play_id, user_id, song_id, playtime) VALUES (84, 48, 2, '2025-05-28 11:36:37');
INSERT INTO PLAY_HISTORY (play_id, user_id, song_id, playtime) VALUES (85, 97, 478, '2025-05-28 11:36:37');
INSERT INTO PLAY_HISTORY (play_id, user_id, song_id, playtime) VALUES (86, 52, 761, '2025-05-28 11:36:37');
INSERT INTO PLAY_HISTORY (play_id, user_id, song_id, playtime) VALUES (87, 32, 929, '2025-05-28 11:36:37');
INSERT INTO PLAY_HISTORY (play_id, user_id, song_id, playtime) VALUES (88, 37, 16, '2025-05-28 11:36:37');
INSERT INTO PLAY_HISTORY (play_id, user_id, song_id, playtime) VALUES (89, 87, 202, '2025-05-28 11:36:37');
INSERT INTO PLAY_HISTORY (play_id, user_id, song_id, playtime) VALUES (90, 15, 737, '2025-05-28 11:36:37');
INSERT INTO PLAY_HISTORY (play_id, user_id, song_id, playtime) VALUES (91, 42, 12, '2025-05-28 11:36:37');
INSERT INTO PLAY_HISTORY (play_id, user_id, song_id, playtime) VALUES (92, 49, 25, '2025-05-28 11:36:37');
INSERT INTO PLAY_HISTORY (play_id, user_id, song_id, playtime) VALUES (93, 85, 936, '2025-05-28 11:36:37');
INSERT INTO PLAY_HISTORY (play_id, user_id, song_id, playtime) VALUES (94, 61, 587, '2025-05-28 11:36:37');
INSERT INTO PLAY_HISTORY (play_id, user_id, song_id, playtime) VALUES (95, 58, 165, '2025-05-28 11:36:37');
INSERT INTO PLAY_HISTORY (play_id, user_id, song_id, playtime) VALUES (96, 32, 499, '2025-05-28 11:36:37');
INSERT INTO PLAY_HISTORY (play_id, user_id, song_id, playtime) VALUES (97, 4, 522, '2025-05-28 11:36:37');
INSERT INTO PLAY_HISTORY (play_id, user_id, song_id, playtime) VALUES (98, 75, 166, '2025-05-28 11:36:37');
INSERT INTO PLAY_HISTORY (play_id, user_id, song_id, playtime) VALUES (99, 41, 636, '2025-05-28 11:36:37');
INSERT INTO PLAY_HISTORY (play_id, user_id, song_id, playtime) VALUES (100, 95, 57, '2025-05-28 11:36:37');
